id,portfolio_id,ticker,asset_type,quantity,avg_price_brl,created_at,updated_at
8b7a7d1d-bdb3-4589-ad56-6eb6f127c1a1,2b01b580-622c-49b2-a89e-54efac1187fc,VALE3.SA,stock,387.361716,56.66177,2025-05-03 11:21:41,2026-02-20 11:01:44
f320ad1c-cf0f-49a6-8032-70839a83638e,2b01b580-622c-49b2-a89e-54efac1187fc,SOL-USD,crypto,15.642329,686.046606,2025-04-15 11:21:41,2026-02-10 15:40:28
de6e9d66-bc84-46cf-a55b-46ab06ad43c7,2b01b580-622c-49b2-a89e-54efac1187fc,BBDC4.SA,stock,429.11583,13.741004,2025-04-12 11:21:41,2025-11-19 18:11:04
14acc4fb-92a0-4814-96d2-b43423907b50,2b01b580-622c-49b2-a89e-54efac1187fc,MGLU3.SA,stock,463.496572,6.878421,2025-04-23 11:21:41,2025-11-12 22:52:38
d9b6b7d5-53f4-48c0-9965-ec472929f93f,2b01b580-622c-49b2-a89e-54efac1187fc,RENT3.SA,stock,1020.895976,55.508781,2025-04-17 11:21:41,2026-01-01 09:57:57
c3b43a7a-d757-41d9-bede-7a258caa8ea5,2b01b580-622c-49b2-a89e-54efac1187fc,JPM,stock,65.316324,1109.046365,2025-04-25 11:21:41,2026-02-14 11:12:52
604e8687-a8c3-46d0-aa98-83d2bda1825c,2b01b580-622c-49b2-a89e-54efac1187fc,V,stock,201.716526,1414.72449,2025-04-04 11:21:41,2025-12-26 06:41:58
40eedb4a-9a24-46e6-afc4-421b6fb57c21,2b01b580-622c-49b2-a89e-54efac1187fc,LREN3.SA,stock,799.55101,20.668466,2025-04-10 11:21:41,2026-02-28 14:52:06
0b8a3248-c0eb-472d-b5b9-2f083b53da9a,2b01b580-622c-49b2-a89e-54efac1187fc,AMZN,stock,171.727116,992.504062,2025-04-03 11:21:41,2025-11-21 07:06:05
1d15a481-b5b9-406b-946d-6c2bbf425cff,2b01b580-622c-49b2-a89e-54efac1187fc,META,stock,418.178323,2194.009006,2025-04-24 11:21:41,2025-11-01 23:36:34
e6061e25-a299-4fe6-b57a-9f89c8a18734,4cf69867-e0f8-4ea6-ac52-94782bab656e,GBP-BRL,fx,38656.630521,5.195173,2025-02-24 03:27:37,2026-02-21 02:57:20
99f42b25-45ca-4042-81da-8ee9c5f6c475,4cf69867-e0f8-4ea6-ac52-94782bab656e,PETR4.SA,stock,993.983662,36.861134,2025-03-03 03:27:37,2025-12-18 04:38:06
11c013d1-8345-486f-aa2b-c022e29c329e,4cf69867-e0f8-4ea6-ac52-94782bab656e,TSLA,stock,309.672878,1088.229553,2025-02-07 03:27:37,2025-12-18 05:22:05
4d597667-a22b-4f8f-8fe6-b9f7eee08e7c,4cf69867-e0f8-4ea6-ac52-94782bab656e,XRP-USD,crypto,9.399958,3.263913,2025-02-04 03:27:37,2025-12-02 20:56:25
e6d1cb58-1939-421b-9dd2-8997708083e1,4cf69867-e0f8-4ea6-ac52-94782bab656e,NVDA,stock,306.566511,4548.830145,2025-02-07 03:27:37,2026-02-16 10:59:54
6785cca8-f67a-4ff6-b8d7-d62222ecfe6e,4cf69867-e0f8-4ea6-ac52-94782bab656e,SOL-USD,crypto,12.079814,702.157075,2025-02-10 03:27:37,2025-08-03 19:16:10
ae22fb9b-fcc7-40f0-ac31-3a905c490538,4cf69867-e0f8-4ea6-ac52-94782bab656e,DOGE-USD,crypto,7.34705,0.841699,2025-02-06 03:27:37,2025-12-19 02:06:29
e62e1780-785d-4064-a7c9-50cb7a69a220,4cf69867-e0f8-4ea6-ac52-94782bab656e,GOOGL,stock,578.440432,872.897895,2025-02-24 03:27:37,2026-01-20 07:01:29
de0bdf7c-807c-4028-9572-7957dd832a95,4cf69867-e0f8-4ea6-ac52-94782bab656e,META,stock,463.860493,2361.56759,2025-02-02 03:27:37,2026-02-07 11:46:53
8981552d-f4ff-4c91-87b2-258e2919546b,836de5f9-a12d-4d5c-8115-b3c0222fc343,BNB-USD,crypto,5.362568,1509.215938,2026-01-14 21:51:48,2026-02-27 10:28:11
67d86fcd-ca43-4c01-b5f4-40f0bbcdbd50,836de5f9-a12d-4d5c-8115-b3c0222fc343,B3SA3.SA,stock,281.437388,11.836334,2025-12-18 21:51:48,2026-02-23 05:14:01
0f2d595d-b34d-4073-99ef-0211952b91a6,836de5f9-a12d-4d5c-8115-b3c0222fc343,GOOGL,stock,380.468869,842.140053,2026-01-14 21:51:48,2026-02-19 21:59:56
6ec082b4-dba2-409e-8323-92ca8a72a9e8,836de5f9-a12d-4d5c-8115-b3c0222fc343,VALE3.SA,stock,411.12061,67.546784,2025-12-21 21:51:48,2026-02-25 08:40:40
b6a06ab4-ba0e-4583-ae14-88331ce3807e,836de5f9-a12d-4d5c-8115-b3c0222fc343,EUR-BRL,fx,15214.427536,4.984122,2025-12-23 21:51:48,2026-02-15 14:39:34
6d1ba381-2c1d-4ac7-9304-ed3ea890df4c,836de5f9-a12d-4d5c-8115-b3c0222fc343,PETR4.SA,stock,827.430627,39.073694,2026-01-14 21:51:48,2026-02-24 07:05:48
97cb230a-eb55-4553-b946-55bbe0c772ca,df25019e-10a9-4b98-b59e-eea11a55c4ed,GOOGL,stock,351.177381,979.823271,2025-12-26 21:51:48,2026-02-20 15:06:37
c0e69f5f-78da-4f11-bcf6-704ad9b8ac4e,df25019e-10a9-4b98-b59e-eea11a55c4ed,LREN3.SA,stock,338.130839,19.529682,2025-12-27 21:51:48,2026-02-17 17:27:00
fd66aa2e-c093-46b8-a695-7c6131801c76,df25019e-10a9-4b98-b59e-eea11a55c4ed,BTC-USD,crypto,10.982506,286472.260839,2026-01-11 21:51:48,2026-02-28 20:58:26
40ec446a-4316-4add-aaad-0f05392bce35,df25019e-10a9-4b98-b59e-eea11a55c4ed,ADA-USD,crypto,12.50622,2.43334,2025-12-24 21:51:48,2026-02-18 12:39:54
e9bb88d7-1e4a-4cee-a894-630c031ce12e,1f162cb8-5483-4a20-9df8-e7302a49994a,V,stock,415.859237,1302.306824,2025-03-24 00:54:28,2026-01-23 16:27:57
bfcacf8e-88e0-4f96-861f-17d0262015b9,1f162cb8-5483-4a20-9df8-e7302a49994a,BTC-USD,crypto,1.291257,277021.138796,2025-03-27 00:54:28,2025-07-28 19:33:52
404bb87f-63d2-4700-b28b-d72f869a92a0,1f162cb8-5483-4a20-9df8-e7302a49994a,B3SA3.SA,stock,651.1796,12.227949,2025-04-15 00:54:28,2026-01-13 15:22:01
6abed19f-355e-4c48-a501-1c37b912a156,1f162cb8-5483-4a20-9df8-e7302a49994a,VALE3.SA,stock,586.486421,70.233053,2025-04-15 00:54:28,2025-10-12 15:33:43
7bb9edeb-358d-4dce-a3e6-341b3926cf32,1f162cb8-5483-4a20-9df8-e7302a49994a,EUR-BRL,fx,35566.020188,5.46773,2025-03-21 00:54:28,2026-02-03 11:45:36
c48d4e27-4859-473d-911c-91e03fadabb2,1f162cb8-5483-4a20-9df8-e7302a49994a,WMT,stock,217.055102,860.978809,2025-03-27 00:54:28,2026-02-27 11:38:34
a6b97a57-1a28-431b-8dcc-0c7c94e672f7,1f162cb8-5483-4a20-9df8-e7302a49994a,TSLA,stock,318.693959,1180.20903,2025-04-13 00:54:28,2025-10-07 07:19:03
50d88225-89cb-4344-bc9d-291d3b851c80,1f162cb8-5483-4a20-9df8-e7302a49994a,SOL-USD,crypto,21.380914,678.308244,2025-03-29 00:54:28,2026-02-17 08:24:24
521f9c0d-55b1-467a-a9a2-47aee82508ff,e435420a-ac28-4567-9c8a-241871643448,AVAX-USD,crypto,1.651798,496.340685,2025-03-31 00:54:28,2026-02-14 04:02:29
71a1cd35-0640-4215-9c1d-8f54f379995c,e435420a-ac28-4567-9c8a-241871643448,NVDA,stock,119.981505,4874.960325,2025-04-08 00:54:28,2026-02-16 14:55:30
23c4a7a2-3f45-4ac3-955d-c7e47ad371c8,e435420a-ac28-4567-9c8a-241871643448,DOGE-USD,crypto,8.122826,0.896639,2025-04-08 00:54:28,2025-09-15 11:20:47
29815f80-7a8f-4c7d-9fae-785942540736,e435420a-ac28-4567-9c8a-241871643448,BBDC4.SA,stock,455.110144,13.61225,2025-04-04 00:54:28,2026-01-12 19:08:38
f247e2b6-07fb-4691-a01d-8c8acecb698e,e435420a-ac28-4567-9c8a-241871643448,JPY-BRL,fx,5100.797516,0.036449,2025-03-23 00:54:28,2026-01-02 02:59:52
c739bcf2-cd4c-4621-901f-7944bfc5c809,e435420a-ac28-4567-9c8a-241871643448,MGLU3.SA,stock,583.750496,6.585971,2025-03-31 00:54:28,2025-12-28 14:47:37
c8f09bab-b689-4324-b298-cf936a5eec7a,e435420a-ac28-4567-9c8a-241871643448,ETH-USD,crypto,7.590091,17424.450589,2025-04-15 00:54:28,2026-02-24 20:16:47
48ea4fd8-be03-48eb-b65b-e3e544046cc3,e435420a-ac28-4567-9c8a-241871643448,BNB-USD,crypto,13.876249,1498.932937,2025-04-07 00:54:28,2026-01-05 15:57:32
130e5bf2-d68b-4fa3-8a06-e734ad98d3ee,e435420a-ac28-4567-9c8a-241871643448,LREN3.SA,stock,92.252571,19.235804,2025-04-06 00:54:28,2025-10-16 14:51:20
8a10bca5-41a2-44e6-a256-bb49ec401300,2f2fa877-e97b-40eb-ab5e-faa3e7220726,SOL-USD,crypto,9.660061,694.444591,2025-03-25 04:56:31,2026-02-16 02:33:03
5103667d-921e-4855-92a0-0bda007a19e2,2f2fa877-e97b-40eb-ab5e-faa3e7220726,DOGE-USD,crypto,6.579763,0.832726,2025-03-31 04:56:31,2026-02-10 19:34:05
7322bc15-fb34-4636-a0ae-04b590c0c9b9,2f2fa877-e97b-40eb-ab5e-faa3e7220726,BBDC4.SA,stock,447.685875,15.354005,2025-03-26 04:56:31,2026-02-18 06:21:37
2cf1fe13-6fba-473f-a32a-5135dc8ca888,2f2fa877-e97b-40eb-ab5e-faa3e7220726,META,stock,405.295686,2328.481214,2025-03-26 04:56:31,2026-01-05 16:22:45
c1c045ba-d910-4d6e-81ca-fe369738b7cb,2f2fa877-e97b-40eb-ab5e-faa3e7220726,B3SA3.SA,stock,785.222527,12.292028,2025-03-31 04:56:31,2026-01-31 23:25:11
5de18636-0208-43ca-aeac-5a22c1f8b056,2f2fa877-e97b-40eb-ab5e-faa3e7220726,GOOGL,stock,238.66564,902.512596,2025-04-04 04:56:31,2026-01-29 12:47:34
df2d8aff-758a-4a2b-a7bd-c1fa76d598f6,2f2fa877-e97b-40eb-ab5e-faa3e7220726,JPY-BRL,fx,22754.618818,0.034439,2025-03-25 04:56:31,2026-01-09 06:28:08
f927e938-7850-4ca8-a950-065e3d540c2c,aa95f462-83de-44e4-aeb2-123156f9fecb,ITUB4.SA,stock,88.894068,33.62733,2025-03-31 04:56:31,2026-01-04 22:29:27
24b38005-a527-457a-9bce-4c94b9fafe4d,aa95f462-83de-44e4-aeb2-123156f9fecb,WEGE3.SA,stock,501.109185,50.575599,2025-03-22 04:56:31,2026-02-04 11:40:40
dc2b14f8-8d90-4fc8-a039-3ed262f4d9bf,aa95f462-83de-44e4-aeb2-123156f9fecb,JPM,stock,663.485102,1088.173297,2025-03-29 04:56:31,2026-02-23 04:29:53
b3383552-efda-4579-b1a1-4d339148f083,aa95f462-83de-44e4-aeb2-123156f9fecb,BNB-USD,crypto,19.519218,1414.095996,2025-03-28 04:56:31,2026-02-04 21:14:57
3edee013-ce51-42ae-9dc3-4fdcc4adc82c,aa95f462-83de-44e4-aeb2-123156f9fecb,RENT3.SA,stock,284.633208,53.125996,2025-03-12 04:56:31,2026-02-04 12:42:19
daa9c14e-a501-4e7b-9d15-4d8be135998d,aa95f462-83de-44e4-aeb2-123156f9fecb,ADA-USD,crypto,17.110748,2.722702,2025-03-28 04:56:31,2026-02-15 16:04:41
baee3cdb-3654-4acb-8436-6242d37f82e1,aa95f462-83de-44e4-aeb2-123156f9fecb,LREN3.SA,stock,217.705026,19.547122,2025-03-14 04:56:31,2025-06-22 12:05:46
8734646c-2137-4b7e-872c-2eac2fac0a95,aa95f462-83de-44e4-aeb2-123156f9fecb,EUR-BRL,fx,10701.89862,5.871636,2025-03-24 04:56:31,2026-02-24 00:47:10
f6214d1e-d5ed-45c8-bb7a-da6a2178eb36,aa95f462-83de-44e4-aeb2-123156f9fecb,ABEV3.SA,stock,950.560197,13.876977,2025-04-04 04:56:31,2026-02-23 08:07:23
70c07447-f44c-4e1d-bf9b-ba362c2dcef7,e7891155-cb47-4c8b-a0f3-72efc0485e04,AAPL,stock,385.116563,983.806044,2025-07-25 19:32:11,2026-01-24 23:48:24
236a3c91-e4ef-47e6-a985-c7329b56df6a,e7891155-cb47-4c8b-a0f3-72efc0485e04,AVAX-USD,crypto,7.442535,454.193973,2025-07-14 19:32:11,2026-02-01 01:04:30
95006f1c-12d2-4e48-9d43-e382ea061a68,e7891155-cb47-4c8b-a0f3-72efc0485e04,BNB-USD,crypto,19.227071,1660.535317,2025-07-02 19:32:11,2026-02-15 10:11:58
736bb2f2-fd95-4614-ba8f-a3d1d4aacd11,7d859669-a097-4050-a640-7744e428aeec,ADA-USD,crypto,5.289236,2.473931,2025-08-02 19:32:11,2026-02-06 15:17:37
fba47d2c-970c-455f-aa6d-53a8f1b573fb,7d859669-a097-4050-a640-7744e428aeec,AMZN,stock,244.319647,939.250868,2025-07-08 19:32:11,2026-02-04 02:26:21
4d0850f6-47f4-459a-8e90-9f12ff47fadc,7d859669-a097-4050-a640-7744e428aeec,ITUB4.SA,stock,390.224084,30.596109,2025-07-12 19:32:11,2026-02-21 18:26:43
7d6ee11a-abbe-42ee-b659-00f25027b6c6,7d859669-a097-4050-a640-7744e428aeec,BTC-USD,crypto,6.709138,271544.220846,2025-07-11 19:32:11,2026-01-12 21:12:20
47e0e443-2b45-4837-93fc-27bffbd0faa8,4bcd7957-6984-4185-8b44-6190a133bc52,XRP-USD,crypto,11.674736,3.204512,2025-05-30 22:15:20,2026-02-08 12:46:43
8a19790f-3456-4e27-9a71-2a48fadc3231,4bcd7957-6984-4185-8b44-6190a133bc52,JPY-BRL,fx,36971.317336,0.030829,2025-05-31 22:15:20,2026-02-26 20:34:19
eb10b587-1bc1-48df-9123-4334d9b1cd17,4bcd7957-6984-4185-8b44-6190a133bc52,DOGE-USD,crypto,15.961477,0.920918,2025-06-12 22:15:20,2026-02-10 18:41:18
c26b271a-bf90-4e8b-a202-110b1a1cf299,4bcd7957-6984-4185-8b44-6190a133bc52,MSFT,stock,102.991952,1724.062211,2025-05-27 22:15:20,2025-10-27 07:53:29
41127268-af05-4bdc-9bcf-4c1cd0d0372e,4bcd7957-6984-4185-8b44-6190a133bc52,BTC-USD,crypto,15.453231,310169.849423,2025-05-23 22:15:20,2026-02-12 13:45:29
653d68d3-7bde-4117-a748-fad376ca6e3d,a0e1db03-e1e9-465c-b726-355cdf6bbfd3,NVDA,stock,337.851162,4575.532622,2025-06-04 22:15:20,2026-02-10 06:47:29
b5da46b2-60e4-40f0-b04b-5327ce803503,a0e1db03-e1e9-465c-b726-355cdf6bbfd3,ITUB4.SA,stock,493.357761,36.366191,2025-05-19 22:15:20,2026-02-09 06:21:59
bc8f81ed-f9ba-4cd3-96dd-70a3192f76d8,a0e1db03-e1e9-465c-b726-355cdf6bbfd3,GOOGL,stock,527.341073,870.224785,2025-06-08 22:15:20,2026-01-01 09:41:44
05260e78-b8b1-42ab-8576-07d82a1508e5,56ac7d5e-f90b-4639-8375-bc0fdde56bef,GBP-BRL,fx,13645.739153,7.206371,2025-02-21 22:23:30,2026-01-16 01:00:06
ff1a7d6d-9081-4d9f-a277-ac4efaafe865,56ac7d5e-f90b-4639-8375-bc0fdde56bef,LREN3.SA,stock,200.97528,17.179574,2025-03-05 22:23:30,2026-02-14 10:18:03
ea681650-f61b-434e-94b7-5da010b057c2,56ac7d5e-f90b-4639-8375-bc0fdde56bef,NVDA,stock,622.355724,4230.262855,2025-02-14 22:23:30,2026-02-27 01:08:33
e09afa4d-512f-4d18-9754-dd52fa53886e,56ac7d5e-f90b-4639-8375-bc0fdde56bef,ADA-USD,crypto,15.164394,2.475728,2025-02-09 22:23:30,2025-12-26 00:06:36
b4620c2c-e446-4889-b2af-a442dfd70fb0,56ac7d5e-f90b-4639-8375-bc0fdde56bef,USD-BRL,fx,66146.992615,4.986737,2025-02-16 22:23:30,2026-02-03 19:17:57
a413d5dd-a150-45c5-bec6-a43609cf9cbd,56ac7d5e-f90b-4639-8375-bc0fdde56bef,BTC-USD,crypto,7.951741,263057.780262,2025-03-06 22:23:30,2026-02-18 08:40:18
81fd56f0-b324-4076-9207-688b70f15858,56ac7d5e-f90b-4639-8375-bc0fdde56bef,PETR4.SA,stock,590.543414,40.082621,2025-03-04 22:23:30,2026-02-15 04:17:17
e113c636-5960-4734-98c9-d3ddd2f43ebb,56ac7d5e-f90b-4639-8375-bc0fdde56bef,EUR-BRL,fx,36283.41179,5.485528,2025-02-27 22:23:30,2026-02-22 23:37:11
50a85977-96dc-4ba1-84c8-43f7f290eeb4,56ac7d5e-f90b-4639-8375-bc0fdde56bef,ETH-USD,crypto,22.593058,15657.186572,2025-02-09 22:23:30,2026-02-09 03:43:00
c62289f3-a3b3-4b69-9402-43ef8b0e5efc,56ac7d5e-f90b-4639-8375-bc0fdde56bef,ABEV3.SA,stock,449.28455,12.742966,2025-02-18 22:23:30,2026-01-27 12:47:31
b273be6d-c4ef-416d-a8d6-3eaf6cc76d19,e483a7be-cca4-490f-acb8-f32625e3350a,ITUB4.SA,stock,317.741097,35.715268,2025-02-25 22:23:30,2026-01-19 10:36:25
fc139f99-b488-49b3-b347-fef34dd103a4,e483a7be-cca4-490f-acb8-f32625e3350a,GOOGL,stock,879.253527,860.617633,2025-02-14 22:23:30,2026-02-12 14:53:34
181abc00-cc39-4ad7-bcaa-5da31dd0f9b4,e483a7be-cca4-490f-acb8-f32625e3350a,BNB-USD,crypto,13.371933,1504.76825,2025-02-14 22:23:30,2026-01-27 08:58:40
b1bc52a8-379c-45f7-b782-c5b2217c0c73,e483a7be-cca4-490f-acb8-f32625e3350a,ETH-USD,crypto,4.695352,17675.715874,2025-02-03 22:23:30,2025-12-03 12:26:00
81f411c4-8886-4192-9051-ef10f533600b,e483a7be-cca4-490f-acb8-f32625e3350a,TSLA,stock,776.534238,1025.287299,2025-02-09 22:23:30,2026-01-15 07:32:06
e5ff7af0-6d38-4ca6-be66-a9f08ee51327,e483a7be-cca4-490f-acb8-f32625e3350a,B3SA3.SA,stock,179.195362,12.114821,2025-02-16 22:23:30,2026-02-18 06:22:41
73152e65-7944-45d5-b940-2d616789851e,e483a7be-cca4-490f-acb8-f32625e3350a,AVAX-USD,crypto,6.406397,479.320379,2025-02-14 22:23:30,2026-02-17 21:14:58
946395cd-a748-457f-a24b-8ba9894c1e78,4b53a7e1-99a7-4314-9030-17a160c74478,AMZN,stock,877.178205,956.810937,2025-02-14 22:23:30,2025-12-19 16:23:00
58b3ba46-4c7a-40e8-83bd-9fce72a6949c,4b53a7e1-99a7-4314-9030-17a160c74478,LREN3.SA,stock,1265.461478,19.866678,2025-03-04 22:23:30,2026-01-13 10:38:30
080ab0f9-6bf3-4025-9414-cc15f4a78e69,4b53a7e1-99a7-4314-9030-17a160c74478,DOGE-USD,crypto,6.360669,0.904721,2025-02-08 22:23:30,2025-12-18 22:18:43
882bfe90-5ae2-4f1e-843c-e7b225e4c547,4b53a7e1-99a7-4314-9030-17a160c74478,ABEV3.SA,stock,1616.884354,11.666253,2025-03-03 22:23:30,2026-02-26 18:35:53
8ece2cf9-970a-4864-9a75-d07b63040c29,f7701551-2b19-4d6c-94fe-cdc853c414ff,BTC-USD,crypto,11.038209,278205.905102,2025-05-02 23:19:10,2025-12-28 02:58:14
b324e789-89ee-4336-8895-e00c342ff5b6,f7701551-2b19-4d6c-94fe-cdc853c414ff,META,stock,253.925781,2686.630752,2025-05-07 23:19:10,2026-02-24 04:27:19
ca374435-9acb-47bd-ad7b-51127e8b2bfa,f7701551-2b19-4d6c-94fe-cdc853c414ff,TSLA,stock,433.400204,1116.187595,2025-05-09 23:19:10,2026-02-02 01:10:47
e15219f3-f85f-4647-a255-06c6c6c06fdf,f7701551-2b19-4d6c-94fe-cdc853c414ff,BNB-USD,crypto,18.816642,1432.760838,2025-05-01 23:19:10,2026-02-24 18:15:58
43446496-73f6-4406-b8a7-730b66f30ee1,f7701551-2b19-4d6c-94fe-cdc853c414ff,SOL-USD,crypto,19.212695,590.821585,2025-05-12 23:19:10,2026-02-19 12:31:54
2628827b-e995-4828-ae89-e6badc157854,f7701551-2b19-4d6c-94fe-cdc853c414ff,ITUB4.SA,stock,103.103805,34.682348,2025-05-21 23:19:10,2026-02-13 11:47:51
727fa0bd-c442-472f-a19c-f07b7f3469c7,f7701551-2b19-4d6c-94fe-cdc853c414ff,WEGE3.SA,stock,400.890068,50.295809,2025-05-23 23:19:10,2025-10-02 17:41:09
ffa90326-8bc9-492b-bd25-4a891f472c43,217333a4-c1a4-41bf-9047-828282c96e08,SOL-USD,crypto,4.444124,683.919412,2025-07-26 08:26:06,2026-02-01 05:15:50
f7b08fdf-3c7b-491b-9bff-01662b07a17e,217333a4-c1a4-41bf-9047-828282c96e08,META,stock,649.713453,2393.415896,2025-07-23 08:26:06,2026-02-01 10:08:53
49e6b1aa-d985-4388-9974-54113590442a,217333a4-c1a4-41bf-9047-828282c96e08,CHF-BRL,fx,11325.546792,5.787403,2025-07-19 08:26:06,2026-01-29 11:43:31
99c19df4-93f0-4dac-8eb4-601ecfff2ce4,217333a4-c1a4-41bf-9047-828282c96e08,VALE3.SA,stock,1146.114096,59.21446,2025-07-24 08:26:06,2026-02-18 23:00:58
be1bb46a-c7b0-45ce-a6e7-48b9621da59d,217333a4-c1a4-41bf-9047-828282c96e08,WEGE3.SA,stock,836.239304,49.862846,2025-07-11 08:26:06,2026-02-20 20:55:02
7171553a-1510-486f-b631-a84270d19d40,78544fb8-cd52-4800-8bcc-16d89a500e4d,JPM,stock,1129.168501,1102.238587,2025-06-24 08:26:06,2025-12-27 16:20:10
925af4fd-4676-4a26-a8c3-a711210b52fe,78544fb8-cd52-4800-8bcc-16d89a500e4d,WEGE3.SA,stock,212.324805,52.752319,2025-07-11 08:26:06,2025-11-30 15:50:17
e3270bf9-b5fd-45f3-ade3-495351234d24,78544fb8-cd52-4800-8bcc-16d89a500e4d,SOL-USD,crypto,35.298447,587.402056,2025-07-16 08:26:06,2026-01-27 22:00:36
27082609-665d-4d22-8ec7-457c2665125c,78544fb8-cd52-4800-8bcc-16d89a500e4d,PETR4.SA,stock,518.801417,38.998956,2025-07-07 08:26:06,2026-02-12 15:36:13
d05db197-c867-40ea-b6d3-b5a3edbdecb6,bda1eb31-d3b4-4d6f-bec9-a8c0baace183,ADA-USD,crypto,12.921679,2.603517,2025-07-08 08:26:06,2026-02-16 03:57:49
d465876a-6493-4b08-8b0e-1d72cf269fcc,bda1eb31-d3b4-4d6f-bec9-a8c0baace183,TSLA,stock,236.349156,1202.462367,2025-07-08 08:26:06,2026-02-28 08:10:08
398ae504-ec31-4ebe-a238-f799207c22c1,bda1eb31-d3b4-4d6f-bec9-a8c0baace183,XRP-USD,crypto,21.736478,3.438366,2025-06-25 08:26:06,2026-02-28 10:32:18
7fe842e5-19f3-4f1e-a723-e2cafbb3f40f,bda1eb31-d3b4-4d6f-bec9-a8c0baace183,V,stock,208.476506,1404.277527,2025-06-28 08:26:06,2025-12-24 09:40:34
11493448-7caf-4c00-8dba-15ca1a546f9d,bda1eb31-d3b4-4d6f-bec9-a8c0baace183,ETH-USD,crypto,7.44923,16838.026306,2025-07-06 08:26:06,2026-01-08 13:52:07
46be2e52-9fd2-4da1-993c-bdf91c03c6ff,bda1eb31-d3b4-4d6f-bec9-a8c0baace183,SOL-USD,crypto,9.21487,689.083217,2025-07-11 08:26:06,2025-11-24 20:57:58
a55a4a82-c4c9-4a52-93b1-df0649043bd0,bda1eb31-d3b4-4d6f-bec9-a8c0baace183,USD-BRL,fx,19692.74411,5.24594,2025-07-22 08:26:06,2026-02-03 03:52:31
554ac4ab-02bb-4b75-93e1-14b6221ba850,bda1eb31-d3b4-4d6f-bec9-a8c0baace183,AVAX-USD,crypto,7.920136,476.789503,2025-06-30 08:26:06,2026-01-07 06:55:47
d992cda1-82d3-413e-90d9-ac5b28279573,ad3fc451-e8cd-469d-8492-1c227f5164b8,ABEV3.SA,stock,849.228576,11.047581,2025-11-07 20:34:57,2026-02-12 14:03:33
f4a60869-2fd2-40e6-8489-c06336f19322,ad3fc451-e8cd-469d-8492-1c227f5164b8,LREN3.SA,stock,618.376754,18.608782,2025-11-12 20:34:57,2026-01-25 18:10:58
d236bd59-b18a-4c75-b873-84f8fb908514,ad3fc451-e8cd-469d-8492-1c227f5164b8,BBDC4.SA,stock,298.656751,12.35955,2025-11-06 20:34:57,2026-02-26 05:22:57
c5c129bb-8085-4b3d-a948-c1d5b793a5be,ad3fc451-e8cd-469d-8492-1c227f5164b8,MGLU3.SA,stock,540.193998,6.424548,2025-11-25 20:34:57,2026-02-24 14:26:31
cb84c48b-acf2-46f7-8ed0-166061b1a244,4712b799-5996-4517-9152-1cdd5e628276,GOOGL,stock,1045.694347,775.278873,2025-11-14 20:34:57,2026-02-24 05:04:51
45ce1a17-653c-4361-b78d-14ce23119c65,4712b799-5996-4517-9152-1cdd5e628276,MSFT,stock,465.424426,1778.393838,2025-11-26 20:34:57,2026-02-27 22:00:40
e03dcc49-bd17-4703-98fc-c964d066a5fc,4712b799-5996-4517-9152-1cdd5e628276,JPM,stock,726.835216,1078.083094,2025-11-20 20:34:57,2026-02-21 17:55:37
f10e0e03-0ad9-4c2b-9722-caf6d46e267f,506219b9-1bc2-4fd0-91c6-23e852c5853d,NVDA,stock,35.440662,5006.869097,2025-03-30 15:28:59,2025-11-25 12:40:48
ffc5e8b7-15e2-4a44-9eb6-b3127cf17809,506219b9-1bc2-4fd0-91c6-23e852c5853d,MSFT,stock,170.05987,2015.627107,2025-03-30 15:28:59,2025-12-16 08:05:54
191be20b-c6c4-42fb-b16b-b341d5366c30,506219b9-1bc2-4fd0-91c6-23e852c5853d,GBP-BRL,fx,29697.013303,6.722731,2025-04-18 15:28:59,2026-02-22 15:26:03
699d3fde-5366-4ad0-ac06-8c0daa5e4978,506219b9-1bc2-4fd0-91c6-23e852c5853d,AVAX-USD,crypto,20.436039,443.324637,2025-04-13 15:28:59,2026-02-17 04:22:24
91e62d27-ed45-4aa1-9447-2f20e182f2ed,506219b9-1bc2-4fd0-91c6-23e852c5853d,DOGE-USD,crypto,13.427389,0.77896,2025-04-19 15:28:59,2026-01-11 03:40:16
e316b94c-d48d-4f45-9c38-48099a33af9d,506219b9-1bc2-4fd0-91c6-23e852c5853d,BTC-USD,crypto,20.456077,263050.045641,2025-04-02 15:28:59,2026-02-23 23:58:19
d20de6c4-bb04-459b-b0fd-21b6a9c59f08,506219b9-1bc2-4fd0-91c6-23e852c5853d,GOOGL,stock,1133.37222,787.572352,2025-04-08 15:28:59,2026-01-20 13:25:21
c225dfa7-7c27-4782-8bda-1d0e39f09c5b,506219b9-1bc2-4fd0-91c6-23e852c5853d,BNB-USD,crypto,9.486488,1503.933092,2025-04-27 15:28:59,2026-02-06 22:18:29
753f97d2-ad17-403d-b0a5-1cb00686aa9b,506219b9-1bc2-4fd0-91c6-23e852c5853d,XRP-USD,crypto,5.136629,3.406502,2025-04-12 15:28:59,2025-12-08 11:35:12
22eb558e-b736-4b5c-9646-30c61d6b32fa,92f21439-357e-4012-926e-ce5652fa5ec5,AVAX-USD,crypto,7.151031,462.873215,2025-04-29 15:28:59,2026-02-27 09:42:27
4a3260bb-1962-4b16-a37d-2f5632cd7bf3,92f21439-357e-4012-926e-ce5652fa5ec5,BNB-USD,crypto,2.610016,1773.168176,2025-04-29 15:28:59,2026-01-19 14:02:06
3a6dec87-6620-47be-9930-c31272172b71,92f21439-357e-4012-926e-ce5652fa5ec5,DOGE-USD,crypto,9.588368,0.894934,2025-04-28 15:28:59,2025-11-23 08:43:34
9b110747-0951-4631-8bbe-7ad323b8cfa2,92f21439-357e-4012-926e-ce5652fa5ec5,ETH-USD,crypto,2.966449,17096.198283,2025-04-27 15:28:59,2025-12-27 03:26:56
c91ab521-396e-4c1a-9718-740a4dacd538,a8194cff-6499-4dbd-8b0e-2b32dbee02ee,CHF-BRL,fx,57399.956783,5.337956,2025-04-20 15:28:59,2026-02-19 10:14:56
53a986c3-c352-45ba-9087-7f974d455e26,a8194cff-6499-4dbd-8b0e-2b32dbee02ee,DOGE-USD,crypto,2.938792,0.888432,2025-04-05 15:28:59,2025-11-13 16:43:00
b3753c4e-5926-4a19-9ac6-9f2c611d3089,a8194cff-6499-4dbd-8b0e-2b32dbee02ee,GBP-BRL,fx,21917.901163,6.696226,2025-04-30 15:28:59,2026-02-11 21:37:01
a8439abe-86a9-4b0a-a401-07806c916e72,a8194cff-6499-4dbd-8b0e-2b32dbee02ee,JPM,stock,520.397918,940.823964,2025-04-30 15:28:59,2026-02-10 10:41:14
06fdcd9d-18cd-4b9e-8fed-681f3b903a24,a8194cff-6499-4dbd-8b0e-2b32dbee02ee,XRP-USD,crypto,28.265772,3.823673,2025-04-14 15:28:59,2025-11-05 15:53:02
f75b6c1d-d2fb-4db9-89e3-42cf82e7ab43,a8194cff-6499-4dbd-8b0e-2b32dbee02ee,LREN3.SA,stock,600.157263,18.783734,2025-04-23 15:28:59,2026-02-13 22:57:22
6e54a0ca-9499-4d10-8780-5de4e102183e,a8194cff-6499-4dbd-8b0e-2b32dbee02ee,AAPL,stock,562.330685,911.982749,2025-04-28 15:28:59,2026-01-07 06:25:57
56452a8e-98bc-4320-bc95-8f9de6ef62fa,a8194cff-6499-4dbd-8b0e-2b32dbee02ee,NVDA,stock,38.75907,4484.295537,2025-04-22 15:28:59,2025-12-15 01:47:12
2974f350-d028-4a61-87ed-0515af42b8ac,c3720241-c8e7-4d44-acd1-a2290dfc4f10,WEGE3.SA,stock,339.836826,50.482671,2025-07-04 11:58:18,2026-02-23 00:35:42
2e8b64eb-6383-4cae-9037-cac7d2e31e9c,c3720241-c8e7-4d44-acd1-a2290dfc4f10,XRP-USD,crypto,12.500972,3.28566,2025-06-19 11:58:18,2026-02-17 07:35:55
55169dae-162f-4b51-84e9-435281679a47,c3720241-c8e7-4d44-acd1-a2290dfc4f10,ABEV3.SA,stock,706.387858,13.713654,2025-06-18 11:58:18,2026-02-07 16:04:59
1fcd5c12-551f-4126-bb48-60e778f53229,c3720241-c8e7-4d44-acd1-a2290dfc4f10,LREN3.SA,stock,278.907187,18.411207,2025-07-08 11:58:18,2025-12-20 02:15:45
03f73a05-c7d2-4846-a4b3-15aaa6d0ea2c,33aad606-6e80-4e62-bbcb-cfb64d38a97d,PETR4.SA,stock,226.661901,38.655421,2025-11-09 22:27:06,2026-02-09 21:28:41
ea5e4957-7d96-4397-8656-14232138b4c8,33aad606-6e80-4e62-bbcb-cfb64d38a97d,MSFT,stock,257.074452,1839.955311,2025-10-31 22:27:06,2026-01-17 22:25:49
a50cdab5-5100-441b-a083-58a2e8ebc3f6,33aad606-6e80-4e62-bbcb-cfb64d38a97d,ETH-USD,crypto,20.074965,17256.278158,2025-10-24 22:27:06,2026-02-17 12:10:07
631ba199-1d63-4eed-ab0f-d7525d0a8897,baca3c9d-f18e-45b8-ac31-ea543220d67a,XRP-USD,crypto,9.629877,3.171616,2025-11-02 22:27:06,2026-02-07 05:39:22
e7ad11c2-3a90-4109-bb0a-2c88fc4debeb,baca3c9d-f18e-45b8-ac31-ea543220d67a,VALE3.SA,stock,260.671898,61.471007,2025-10-15 22:27:06,2025-12-10 02:27:27
b02eeace-ccbe-4591-b3e8-c62cd7b35996,baca3c9d-f18e-45b8-ac31-ea543220d67a,ETH-USD,crypto,9.303477,20413.873645,2025-10-14 22:27:06,2026-02-20 06:30:34
b7397347-dc8a-4045-ac5e-dab829c7ba9e,baca3c9d-f18e-45b8-ac31-ea543220d67a,PETR4.SA,stock,521.131533,38.236122,2025-11-05 22:27:06,2026-02-27 08:00:28
d837b90f-7616-499a-b07b-47d97d0ce950,baca3c9d-f18e-45b8-ac31-ea543220d67a,ABEV3.SA,stock,426.868731,14.368774,2025-10-24 22:27:06,2026-02-27 06:01:23
5489dbf8-af26-4203-b14b-314cb9f0fa6f,baca3c9d-f18e-45b8-ac31-ea543220d67a,MGLU3.SA,stock,297.936034,6.674319,2025-11-12 22:27:06,2026-01-30 17:25:23
22c35705-c028-4a2c-ab8f-462cd307871d,baca3c9d-f18e-45b8-ac31-ea543220d67a,NVDA,stock,345.028292,4673.13641,2025-11-01 22:27:06,2026-02-06 23:41:22
fe738ea8-0619-4f03-ba13-910c0db4551f,baca3c9d-f18e-45b8-ac31-ea543220d67a,DOGE-USD,crypto,13.506239,0.911534,2025-10-26 22:27:06,2026-02-07 17:21:29
f0798425-39af-413c-a13c-79baee4d99f1,ae2d637e-788d-4277-969b-79e633beaf11,AAPL,stock,313.126579,939.820358,2025-10-18 22:27:06,2026-01-31 02:30:14
6fbee720-cd53-4bee-a43d-61651a95cd60,ae2d637e-788d-4277-969b-79e633beaf11,ABEV3.SA,stock,536.529955,12.782951,2025-10-27 22:27:06,2026-02-23 23:22:00
3842d586-4b28-481a-9ea1-46c617085cee,ae2d637e-788d-4277-969b-79e633beaf11,WEGE3.SA,stock,404.565886,52.103991,2025-10-25 22:27:06,2026-01-11 11:31:10
9da2363b-9882-4bf9-901d-2379f5ba337b,1d5161d9-6bbd-4b6a-98c4-8456279ed1ae,SOL-USD,crypto,15.131358,720.427198,2025-04-24 17:23:25,2026-01-27 22:49:10
9b55fe0b-dd51-448d-8fba-22dac8db9ae0,1d5161d9-6bbd-4b6a-98c4-8456279ed1ae,AMZN,stock,726.495955,935.555025,2025-05-02 17:23:25,2026-02-26 07:25:08
e427b214-282c-41d6-9811-266422d1201d,1d5161d9-6bbd-4b6a-98c4-8456279ed1ae,XRP-USD,crypto,19.08407,3.228405,2025-04-14 17:23:25,2026-02-16 05:18:45
6c6403f6-9464-48c5-bee9-9176d61a634a,1d5161d9-6bbd-4b6a-98c4-8456279ed1ae,TSLA,stock,1224.060693,1082.820276,2025-04-11 17:23:25,2026-02-28 12:55:49
80267090-13b5-4db3-a63c-3c4251b8c83f,1d5161d9-6bbd-4b6a-98c4-8456279ed1ae,RENT3.SA,stock,830.98594,57.536413,2025-05-03 17:23:25,2026-02-15 23:08:22
708619e9-c628-4957-a791-f5f8fb07b26d,1d5161d9-6bbd-4b6a-98c4-8456279ed1ae,BNB-USD,crypto,19.10121,1486.988132,2025-05-06 17:23:25,2026-01-30 09:46:35
6de6cf63-806a-44fb-bcc9-1cfcdf328047,550280c1-6fcb-440e-8fde-30ce5648c378,TSLA,stock,517.038783,1029.252291,2025-11-18 21:45:19,2026-02-12 11:42:28
e3d0aaee-223c-488c-89d3-2aa285a981bb,550280c1-6fcb-440e-8fde-30ce5648c378,RENT3.SA,stock,329.348751,56.770006,2025-12-08 21:45:19,2026-02-05 10:48:42
8f4e1813-7aa5-4bb7-8030-4e8c5be8fa40,550280c1-6fcb-440e-8fde-30ce5648c378,XRP-USD,crypto,9.576675,3.209944,2025-12-09 21:45:19,2026-02-12 11:30:00
bbe182bc-7398-4719-b01b-d7026802b91f,550280c1-6fcb-440e-8fde-30ce5648c378,AVAX-USD,crypto,3.057536,438.098182,2025-11-29 21:45:19,2026-02-16 19:17:41
7db98371-7a9e-4482-859a-4fb4e184f472,33f1b027-8226-4de2-8dde-3e906bcbbc3f,WEGE3.SA,stock,605.98092,55.204546,2025-08-05 17:38:58,2026-02-08 23:47:09
6822838a-e0e1-4a40-9a53-b73cf37d92ef,33f1b027-8226-4de2-8dde-3e906bcbbc3f,ETH-USD,crypto,7.709914,17531.165501,2025-07-27 17:38:58,2026-02-20 07:57:14
59aa6fbe-1e59-4d9b-bc70-d1e4d58ff18d,33f1b027-8226-4de2-8dde-3e906bcbbc3f,GOOGL,stock,407.670603,864.795692,2025-07-09 17:38:58,2026-02-24 17:21:28
69f06936-f33a-4a83-9f58-ad1b887674c9,33f1b027-8226-4de2-8dde-3e906bcbbc3f,VALE3.SA,stock,622.404225,58.452878,2025-07-31 17:38:58,2026-02-25 18:54:11
909b1784-8fa6-4c38-b8b5-1d9078dea33b,33f1b027-8226-4de2-8dde-3e906bcbbc3f,ITUB4.SA,stock,245.091798,32.66033,2025-07-18 17:38:58,2026-02-08 17:30:58
655bf3e8-dac8-4f8b-8022-8ff1a6a10ad6,33f1b027-8226-4de2-8dde-3e906bcbbc3f,ABEV3.SA,stock,218.74541,12.457261,2025-07-15 17:38:58,2025-12-03 09:50:18
8fc2b645-ce2c-4ec0-9cdc-e79b5525bd51,33f1b027-8226-4de2-8dde-3e906bcbbc3f,GBP-BRL,fx,34545.962727,5.347648,2025-07-24 17:38:58,2026-01-30 11:58:22
6dc0a0f5-2ae5-44f9-8443-cb0c9c306a23,33f1b027-8226-4de2-8dde-3e906bcbbc3f,BBDC4.SA,stock,394.102549,13.321975,2025-07-15 17:38:58,2026-02-16 16:30:20
87def007-d087-4a86-b0bc-ffb7a946048b,33f1b027-8226-4de2-8dde-3e906bcbbc3f,LREN3.SA,stock,786.358172,22.015263,2025-07-21 17:38:58,2026-02-15 18:07:31
b7c2c814-b02e-45cb-9727-6da670be7241,33f1b027-8226-4de2-8dde-3e906bcbbc3f,AAPL,stock,1068.890746,1012.067817,2025-07-09 17:38:58,2026-02-23 09:54:55
0cd36f90-6444-4765-a61d-4a82ae2564d6,6bd133bd-63e9-4ee5-bf1d-237475a5b107,SOL-USD,crypto,8.999998,730.892004,2025-07-23 17:38:58,2026-02-10 21:56:36
839970cb-802c-4133-94e3-ae1cc198d28b,6bd133bd-63e9-4ee5-bf1d-237475a5b107,CHF-BRL,fx,69373.058271,5.604731,2025-07-23 17:38:58,2026-02-12 01:10:33
e1746aa0-af7b-49ff-802b-677a4f01cf6c,6bd133bd-63e9-4ee5-bf1d-237475a5b107,AMZN,stock,558.64838,1059.00163,2025-07-31 17:38:58,2026-01-30 12:52:44
2af28a2e-97c5-4206-b1d8-e051bb7a169c,6bd133bd-63e9-4ee5-bf1d-237475a5b107,DOGE-USD,crypto,14.616819,0.865306,2025-07-18 17:38:58,2026-01-28 21:59:45
c9481a3c-3062-4584-aa17-6c1bb5c3d4a0,6bd133bd-63e9-4ee5-bf1d-237475a5b107,V,stock,366.235586,1448.513561,2025-07-13 17:38:58,2025-12-23 02:23:00
005a4f60-e9ba-4c51-b7f9-f026d3c95a5b,6bd133bd-63e9-4ee5-bf1d-237475a5b107,GOOGL,stock,79.622305,933.155772,2025-07-30 17:38:58,2025-10-12 16:37:09
0883617e-060f-4ca8-9266-f80da75393ae,6bd133bd-63e9-4ee5-bf1d-237475a5b107,NVDA,stock,1009.694116,4510.138107,2025-07-08 17:38:58,2026-02-11 08:27:11
84178736-8401-48ab-b7dc-9c74bfb7ff12,6bd133bd-63e9-4ee5-bf1d-237475a5b107,AAPL,stock,360.048523,1246.913958,2025-07-30 17:38:58,2026-02-22 22:50:35
238acb89-73fe-4d9c-b8d6-dbff8e2a634d,98b03f3d-d21a-4834-8487-b5b0afc6617f,JPM,stock,616.145688,1097.476253,2025-08-03 20:43:40,2026-02-12 11:25:15
86458db1-0f2e-4129-8c5c-8212ee2a9b02,98b03f3d-d21a-4834-8487-b5b0afc6617f,ETH-USD,crypto,5.144653,16667.905228,2025-07-11 20:43:40,2026-02-08 09:09:36
65ccaa70-d492-40ab-9ba3-0a6f851f68b1,98b03f3d-d21a-4834-8487-b5b0afc6617f,WMT,stock,725.321415,951.216019,2025-07-18 20:43:40,2026-01-25 20:49:40
269be829-bc9a-4e5c-a69a-815720a40612,98b03f3d-d21a-4834-8487-b5b0afc6617f,BBDC4.SA,stock,414.328209,13.368668,2025-07-26 20:43:40,2026-02-25 04:56:26
9a680b2c-3cbd-4eeb-ab35-21da02d78274,98b03f3d-d21a-4834-8487-b5b0afc6617f,VALE3.SA,stock,492.800264,61.975989,2025-07-15 20:43:40,2026-02-21 21:53:57
04f28b3e-c043-4352-ac1a-77ca950c4415,98b03f3d-d21a-4834-8487-b5b0afc6617f,AMZN,stock,56.201352,968.87881,2025-07-15 20:43:40,2026-01-27 07:46:52
786a8004-f743-4f58-9432-9484d0c60abd,98b03f3d-d21a-4834-8487-b5b0afc6617f,DOGE-USD,crypto,11.506332,0.907081,2025-08-09 20:43:40,2026-02-28 09:28:11
0687367c-4a6c-412e-806d-b5ede60ae8bc,98b03f3d-d21a-4834-8487-b5b0afc6617f,SOL-USD,crypto,8.009357,714.593925,2025-07-19 20:43:40,2025-12-07 17:21:07
2c4a9929-dc9b-43cf-91d2-276e23169493,98b03f3d-d21a-4834-8487-b5b0afc6617f,V,stock,472.390098,1447.184745,2025-07-13 20:43:40,2026-02-18 05:00:56
4c7d0db6-0751-45e9-a512-6531669382c9,c1b5e7ae-b022-4132-a65e-2c8eb439c2cf,BBDC4.SA,stock,1614.226775,14.983161,2025-07-14 20:43:40,2026-02-20 00:37:36
92dfea0e-a194-4a8c-9a9b-05aadd362010,c1b5e7ae-b022-4132-a65e-2c8eb439c2cf,META,stock,634.22762,2456.26551,2025-07-31 20:43:40,2026-02-24 16:22:05
1f0307b4-c67c-4fef-95c5-898186e2ee6a,c1b5e7ae-b022-4132-a65e-2c8eb439c2cf,ABEV3.SA,stock,241.972427,13.344222,2025-07-19 20:43:40,2025-12-31 02:37:52
b8972340-7d4b-4981-bbab-7b86809d6a7f,c1b5e7ae-b022-4132-a65e-2c8eb439c2cf,SOL-USD,crypto,2.547595,766.451165,2025-08-03 20:43:40,2026-01-17 06:57:24
7cf37e23-eaae-45f0-968a-efed0b34ab92,c1b5e7ae-b022-4132-a65e-2c8eb439c2cf,XRP-USD,crypto,5.621132,3.093161,2025-07-13 20:43:40,2026-01-23 19:53:55
3cf33061-5d5c-41e6-83da-5ea0446002fe,c1b5e7ae-b022-4132-a65e-2c8eb439c2cf,BNB-USD,crypto,16.282433,1499.702282,2025-08-01 20:43:40,2025-12-23 15:46:03
7d4578f8-37ba-498c-9235-dc036c39baa2,c1b5e7ae-b022-4132-a65e-2c8eb439c2cf,USD-BRL,fx,30117.311945,5.136543,2025-07-15 20:43:40,2026-02-26 14:13:02
6392c517-5ec6-4fd7-849a-5ca275620f8b,7a9a9616-ffdf-4914-9ac4-1bd15550371d,DOGE-USD,crypto,21.841001,0.782487,2025-07-15 20:43:40,2026-02-24 22:08:24
e40f2aee-4e8c-4036-afd6-73b5d621f159,7a9a9616-ffdf-4914-9ac4-1bd15550371d,AMZN,stock,122.670284,927.455429,2025-07-15 20:43:40,2026-01-23 19:25:31
0337cbda-d611-4640-ab4b-26ee3b4e10d4,7a9a9616-ffdf-4914-9ac4-1bd15550371d,B3SA3.SA,stock,83.991174,12.478215,2025-07-30 20:43:40,2026-02-24 00:10:58
078abdba-844a-4273-b39b-edef8bffabd6,97dcb5ff-9da7-4051-9147-b4876748533d,V,stock,710.811547,1438.85645,2025-06-25 21:29:53,2026-02-22 19:26:56
0baeb688-41bd-4bc9-8317-af1f3fae6011,97dcb5ff-9da7-4051-9147-b4876748533d,PETR4.SA,stock,496.134864,37.030172,2025-06-05 21:29:53,2026-01-25 14:41:54
946df6c1-f780-44ef-a49e-fe9a8f891345,97dcb5ff-9da7-4051-9147-b4876748533d,ITUB4.SA,stock,133.988442,34.048283,2025-05-31 21:29:53,2026-02-06 07:14:34
cffcc6af-4d2c-4628-81b6-416f0a4a5dd1,97dcb5ff-9da7-4051-9147-b4876748533d,WMT,stock,436.227565,893.779696,2025-06-01 21:29:53,2026-02-28 05:31:34
c7dee0ca-bc33-44ae-b7bf-203da6e7a451,97dcb5ff-9da7-4051-9147-b4876748533d,XRP-USD,crypto,6.306747,3.313763,2025-06-16 21:29:53,2026-02-28 00:18:15
964fc7a4-9466-4b90-8136-f2b7028d6058,97dcb5ff-9da7-4051-9147-b4876748533d,WEGE3.SA,stock,937.692314,51.209699,2025-06-26 21:29:53,2026-02-06 01:47:09
213f1919-8607-40c4-9d1b-479f7b3f8985,97dcb5ff-9da7-4051-9147-b4876748533d,JPM,stock,962.500696,989.795666,2025-06-01 21:29:53,2026-02-28 13:25:30
59adb4f6-06a2-4847-8ac4-48bae1c12aa0,97dcb5ff-9da7-4051-9147-b4876748533d,AMZN,stock,201.482859,939.749876,2025-05-31 21:29:53,2026-02-19 23:59:18
635fd626-feb4-49c4-95a7-da6f8839125c,97dcb5ff-9da7-4051-9147-b4876748533d,VALE3.SA,stock,420.3996,56.769242,2025-06-16 21:29:53,2025-12-22 19:56:39
60f37c9e-707b-4479-b16f-ef455c350539,97dcb5ff-9da7-4051-9147-b4876748533d,SOL-USD,crypto,14.667629,652.597281,2025-06-28 21:29:53,2026-02-27 08:33:08
57d419cd-776c-4a04-8805-7924b2879e1c,11b54594-2a12-4992-94ea-876dbfc9b4e9,TSLA,stock,936.249872,1116.918322,2025-10-02 13:03:32,2026-02-07 18:03:44
29df51ef-6e76-4a5c-8b69-8bde7d4b3d45,11b54594-2a12-4992-94ea-876dbfc9b4e9,ITUB4.SA,stock,239.914659,32.524693,2025-10-18 13:03:32,2026-02-28 14:09:04
4696f3d6-905c-41e8-9177-b0a23b5f0dc4,11b54594-2a12-4992-94ea-876dbfc9b4e9,AMZN,stock,173.462599,870.325846,2025-10-03 13:03:32,2026-02-24 07:54:46
c8634bd7-b9dd-4a53-9ac2-12ff4ab0206d,1d4c2904-daca-40aa-9076-05dac0ac379e,AAPL,stock,287.091725,907.904642,2025-10-03 13:03:32,2026-02-25 03:08:21
740f0b12-c3f8-47a5-9a32-eebe9f3ee9c0,1d4c2904-daca-40aa-9076-05dac0ac379e,WEGE3.SA,stock,773.55983,54.102573,2025-10-01 13:03:32,2026-02-06 03:47:34
5702fc55-9cd3-41a5-b12e-ea09ea624b1a,1d4c2904-daca-40aa-9076-05dac0ac379e,DOGE-USD,crypto,7.988234,0.908627,2025-09-30 13:03:32,2026-02-19 20:30:56
bf8b3ebc-bbc3-4637-b7ee-b0baeeb6cff4,1d4c2904-daca-40aa-9076-05dac0ac379e,EUR-BRL,fx,23604.572001,6.098167,2025-10-01 13:03:32,2026-02-25 07:24:24
87636c8f-cd9d-49f9-b063-be7c439d8497,056647dd-72d6-4fd0-abc7-22850a87deb3,ABEV3.SA,stock,811.365314,12.85949,2025-08-02 00:43:46,2026-02-23 06:58:51
a48f005b-41ca-4ec8-b8d2-596facc7ac13,056647dd-72d6-4fd0-abc7-22850a87deb3,RENT3.SA,stock,377.978453,55.675566,2025-08-17 00:43:46,2026-02-27 05:30:19
706d7214-fe98-4fad-a655-37070d210d6a,056647dd-72d6-4fd0-abc7-22850a87deb3,TSLA,stock,586.037311,1185.195352,2025-08-05 00:43:46,2026-02-08 06:54:38
0ab2e0e9-c241-4e6e-8617-707b2c03b02c,056647dd-72d6-4fd0-abc7-22850a87deb3,AVAX-USD,crypto,13.341343,451.870455,2025-08-10 00:43:46,2026-02-21 13:10:50
5868eb43-5ed7-4754-b95b-52c283891d5c,056647dd-72d6-4fd0-abc7-22850a87deb3,MSFT,stock,360.661338,1850.573661,2025-07-27 00:43:46,2026-02-04 09:47:45
ffa3ff42-6fe2-4363-8dac-f8ac21b1f132,056647dd-72d6-4fd0-abc7-22850a87deb3,DOGE-USD,crypto,16.770163,0.879664,2025-08-15 00:43:46,2026-02-11 00:53:10
1c065cea-647b-4be0-a334-6ed864d0f04f,bcb31268-fc60-429c-932c-a2905b56e207,JPY-BRL,fx,20756.722395,0.038967,2025-08-08 00:43:46,2026-01-26 01:55:23
ab72fb49-0798-4c68-a3ff-944614c9d4e6,bcb31268-fc60-429c-932c-a2905b56e207,BBDC4.SA,stock,549.660534,13.892247,2025-08-16 00:43:46,2026-01-21 12:50:49
f00528da-7673-40b8-9e09-99a8a9a9c683,bcb31268-fc60-429c-932c-a2905b56e207,GOOGL,stock,486.661579,877.661252,2025-08-18 00:43:46,2026-01-27 09:31:06
f2b186e2-693e-48d3-93df-9a08d8629495,5675be4a-7147-446c-83b8-779ce69b95f9,PETR4.SA,stock,235.34,37.844051,2025-08-07 00:43:46,2026-01-26 20:29:59
b091467e-0090-4ace-a1d5-c3202a8ada51,5675be4a-7147-446c-83b8-779ce69b95f9,BBDC4.SA,stock,1025.367223,13.759652,2025-08-05 00:43:46,2026-02-17 03:54:44
2000a4f1-3928-490d-a4cf-79bf99e49318,5675be4a-7147-446c-83b8-779ce69b95f9,WEGE3.SA,stock,353.461802,50.265064,2025-08-07 00:43:46,2026-02-20 20:26:20
22e9731f-523b-403d-a456-9d409d400f80,5675be4a-7147-446c-83b8-779ce69b95f9,VALE3.SA,stock,411.141187,63.827608,2025-07-24 00:43:46,2026-01-29 00:30:11
5886be6e-e1a1-4ba7-852d-4a5b67b47da9,5675be4a-7147-446c-83b8-779ce69b95f9,MGLU3.SA,stock,962.905043,8.074511,2025-08-01 00:43:46,2026-02-19 07:48:44
51fe86b9-aad7-4815-8bbe-5c37e46c4bdc,5675be4a-7147-446c-83b8-779ce69b95f9,BTC-USD,crypto,9.455491,274609.883196,2025-07-28 00:43:46,2026-02-03 14:18:08
13020c7c-fee5-43b1-bd7d-d73b26208a61,5675be4a-7147-446c-83b8-779ce69b95f9,ITUB4.SA,stock,500.366272,34.594329,2025-08-03 00:43:46,2026-02-05 19:35:33
5f28f16e-03d6-4d4b-9cb1-db00bcb2065a,5675be4a-7147-446c-83b8-779ce69b95f9,DOGE-USD,crypto,14.565301,0.89341,2025-07-27 00:43:46,2026-01-31 13:58:03
8048f040-5ef1-4aac-b57f-d3840461786c,f7ae56ed-e9f4-4b4c-bf42-bdfc87e7ac82,TSLA,stock,232.53232,1076.860024,2026-01-22 05:00:24,2026-02-26 19:24:11
ed260637-cc8d-4bb7-a2e2-2fb5774c756c,f7ae56ed-e9f4-4b4c-bf42-bdfc87e7ac82,ADA-USD,crypto,19.545072,2.6654,2026-02-11 05:00:24,2026-02-23 15:28:31
a3eb3c6d-428b-4dea-befd-205e19f581a7,f7ae56ed-e9f4-4b4c-bf42-bdfc87e7ac82,XRP-USD,crypto,23.215679,3.346674,2026-01-21 05:00:24,2026-02-20 18:54:34
0eb63bd9-72ca-4745-94c6-1b637bda4950,f7ae56ed-e9f4-4b4c-bf42-bdfc87e7ac82,V,stock,662.650364,1280.059147,2026-02-02 05:00:24,2026-02-27 14:38:18
6e855509-47a2-4f3e-aa70-a2d0799e662e,f7ae56ed-e9f4-4b4c-bf42-bdfc87e7ac82,GOOGL,stock,311.966853,862.754778,2026-01-28 05:00:24,2026-02-27 17:38:13
c702890a-b7f5-4fd2-b848-cc22daf3a6c3,f7ae56ed-e9f4-4b4c-bf42-bdfc87e7ac82,SOL-USD,crypto,8.919736,723.62199,2026-02-03 05:00:24,2026-02-28 23:18:00
d41119e6-590b-42b4-8043-72f5fee92bad,9fccc97c-c9c4-44af-8cfd-eec245e28c24,VALE3.SA,stock,145.309993,61.933977,2026-01-31 05:00:24,2026-02-28 15:57:56
62e95341-490a-4640-8635-024853696f9e,9fccc97c-c9c4-44af-8cfd-eec245e28c24,MGLU3.SA,stock,434.098408,6.843045,2026-02-09 05:00:24,2026-02-24 02:03:31
2ebe791b-d446-4275-a83b-5ed93ecec327,9fccc97c-c9c4-44af-8cfd-eec245e28c24,AMZN,stock,378.198365,917.089444,2026-02-11 05:00:24,2026-02-28 10:12:32
410aecfa-a16d-4923-914f-dad04c2f8d1a,5b76a365-3506-467b-8884-ddc2afc45edd,BTC-USD,crypto,12.379317,295449.483089,2026-01-29 05:00:24,2026-02-20 13:21:08
29d452ff-15ff-429b-943e-a9704a68468c,5b76a365-3506-467b-8884-ddc2afc45edd,NVDA,stock,514.150191,4805.382944,2026-02-06 05:00:24,2026-02-28 02:02:14
da628638-7660-436e-8044-abdad74fa6c2,5b76a365-3506-467b-8884-ddc2afc45edd,RENT3.SA,stock,304.42056,53.385032,2026-01-29 05:00:24,2026-02-20 13:37:48
f3629cb5-45a8-44c8-8702-f00bf5cd3654,56eec129-598f-417d-982b-0aa1172f2e1c,BTC-USD,crypto,21.039611,305411.852544,2025-12-10 13:25:51,2026-02-28 11:42:53
7bf9ab20-e893-4aff-ab06-f60d313c9d79,56eec129-598f-417d-982b-0aa1172f2e1c,ETH-USD,crypto,21.964002,18182.496431,2025-12-22 13:25:51,2026-02-26 01:38:23
6c28cc16-5d02-47c9-907a-0b3062f40a69,56eec129-598f-417d-982b-0aa1172f2e1c,PETR4.SA,stock,45.430399,38.816464,2025-12-14 13:25:51,2026-02-22 20:01:51
46600873-fd6c-4149-afb4-ac440c79742e,56eec129-598f-417d-982b-0aa1172f2e1c,AAPL,stock,770.200897,855.649404,2025-12-08 13:25:51,2026-02-27 19:26:25
6af026ba-d7b0-48d2-b014-9b62d2b9f46f,56eec129-598f-417d-982b-0aa1172f2e1c,WEGE3.SA,stock,129.022007,44.779105,2025-12-30 13:25:51,2026-02-24 00:41:14
075d0c2e-3fa8-4afc-8cd3-afa7de57b9f6,56eec129-598f-417d-982b-0aa1172f2e1c,ITUB4.SA,stock,914.143856,34.817423,2025-12-10 13:25:51,2026-02-28 18:28:22
8a5ca93c-9c06-4da9-a4c3-e55045f83da2,56eec129-598f-417d-982b-0aa1172f2e1c,DOGE-USD,crypto,20.795923,0.971119,2025-12-20 13:25:51,2026-02-28 18:16:58
3e11247e-0316-4b16-8b7f-2a06b3d9e21b,56eec129-598f-417d-982b-0aa1172f2e1c,AVAX-USD,crypto,21.539077,472.140789,2025-12-18 13:25:51,2026-02-26 23:09:14
43ac1eec-f794-4823-9c2e-212db7f16cb0,56eec129-598f-417d-982b-0aa1172f2e1c,B3SA3.SA,stock,410.881027,11.857768,2025-12-12 13:25:51,2026-02-12 09:11:40
63acc04c-64d1-436a-aa54-b04e1234c23b,56eec129-598f-417d-982b-0aa1172f2e1c,XRP-USD,crypto,18.719557,3.006558,2025-12-18 13:25:51,2026-02-28 12:57:59
f8f93135-7da3-4b29-9bf1-bb4ed72daf05,e395c613-c6a7-420d-a0c4-251c91169667,LREN3.SA,stock,216.071692,19.347078,2025-12-11 13:25:51,2026-02-26 06:18:06
db8f1f02-b96c-4d43-9fc9-11343c691cae,e395c613-c6a7-420d-a0c4-251c91169667,MGLU3.SA,stock,363.730973,7.285312,2025-12-12 13:25:51,2026-02-24 00:27:54
14289b20-b02d-4c7f-bc16-ddd8d4df936e,e395c613-c6a7-420d-a0c4-251c91169667,B3SA3.SA,stock,688.05569,10.853356,2025-12-02 13:25:51,2026-02-23 07:34:02
806a8021-6e24-41b1-b35d-67e327b73e54,e395c613-c6a7-420d-a0c4-251c91169667,TSLA,stock,315.830182,1054.82497,2025-12-21 13:25:51,2026-02-19 12:26:24
8fd2a1d2-b9ee-4231-ac29-b82a11f5cb49,e395c613-c6a7-420d-a0c4-251c91169667,ADA-USD,crypto,4.716755,2.868384,2025-12-13 13:25:51,2026-02-24 08:39:09
20a9c5a4-8e66-42f7-be66-cbdc55e85d09,e395c613-c6a7-420d-a0c4-251c91169667,PETR4.SA,stock,288.881447,38.522074,2025-12-10 13:25:51,2026-02-16 22:00:36
e8273f0d-a168-4364-96b9-af1fd1c08b8c,efe3e972-a06d-47ec-9e0c-bd3e3238bacc,AVAX-USD,crypto,26.217694,396.624964,2025-02-26 09:38:16,2025-12-26 13:14:50
f68afc06-c03b-4e38-bac6-91b3d6c471aa,efe3e972-a06d-47ec-9e0c-bd3e3238bacc,VALE3.SA,stock,534.16777,62.542552,2025-03-17 09:38:16,2026-02-17 04:55:46
7e0aa105-5ef2-4e1e-b02a-2210ca7761a9,efe3e972-a06d-47ec-9e0c-bd3e3238bacc,GOOGL,stock,394.7902,877.393917,2025-03-14 09:38:16,2026-01-20 09:58:38
cc7aa3ca-d497-4891-9021-a615b6cda85c,efe3e972-a06d-47ec-9e0c-bd3e3238bacc,RENT3.SA,stock,180.923939,53.489169,2025-03-19 09:38:16,2026-01-28 02:21:52
bf899575-9ddc-458a-8d1e-077b68d1f760,efe3e972-a06d-47ec-9e0c-bd3e3238bacc,BNB-USD,crypto,24.955516,1663.043813,2025-03-18 09:38:16,2026-01-08 12:40:27
a7eafd07-885e-40d9-b396-eb830ae664cc,efe3e972-a06d-47ec-9e0c-bd3e3238bacc,NVDA,stock,272.766829,4063.397006,2025-02-24 09:38:16,2026-02-03 20:18:43
1da06cb5-326a-4eef-b0ca-d0117cd4161c,efe3e972-a06d-47ec-9e0c-bd3e3238bacc,PETR4.SA,stock,196.013721,36.333142,2025-02-27 09:38:16,2026-02-01 00:59:51
62d1b2a3-0fdd-4549-ace5-1a7cea4fcccd,efe3e972-a06d-47ec-9e0c-bd3e3238bacc,WMT,stock,932.251527,943.207127,2025-02-21 09:38:16,2026-02-21 06:51:56
3569a8d0-24a6-4f01-a3d3-dd2364631c89,788c9d8e-a2e4-4b56-b7a8-4fe9f72ad3fb,BNB-USD,crypto,25.980136,1465.345741,2025-03-16 18:52:56,2026-02-26 21:11:04
6cf0d5ea-119c-4f55-8e25-be965a4de318,788c9d8e-a2e4-4b56-b7a8-4fe9f72ad3fb,BTC-USD,crypto,7.966555,278898.027179,2025-03-19 18:52:56,2025-10-09 09:09:43
f9ee6c62-412a-4594-a5f5-aa6ff0b72d4a,788c9d8e-a2e4-4b56-b7a8-4fe9f72ad3fb,V,stock,1017.933687,1298.577012,2025-03-02 18:52:56,2026-02-06 02:03:09
b40107fa-ac94-4ac1-8bc6-2215aa1b16a9,788c9d8e-a2e4-4b56-b7a8-4fe9f72ad3fb,AMZN,stock,299.821099,906.170291,2025-03-17 18:52:56,2026-01-08 12:09:51
2f7dcf9e-f963-4ba8-91cc-628d21b1d4e8,788c9d8e-a2e4-4b56-b7a8-4fe9f72ad3fb,JPY-BRL,fx,345.108661,0.027443,2025-03-20 18:52:56,2025-10-26 23:03:10
6f35053e-27d3-4022-be41-71943753edc3,788c9d8e-a2e4-4b56-b7a8-4fe9f72ad3fb,VALE3.SA,stock,103.276516,65.3945,2025-03-10 18:52:56,2026-01-09 03:35:13
103a3611-922c-4055-b6dd-38f24b416699,81a1b5f4-3e36-4985-89c2-b9c7b1230fc7,ETH-USD,crypto,13.563463,16798.642675,2025-10-07 17:33:40,2026-02-22 02:15:56
1b95e2bd-155c-430d-b259-36081059797a,81a1b5f4-3e36-4985-89c2-b9c7b1230fc7,SOL-USD,crypto,11.935728,735.332927,2025-09-15 17:33:40,2026-02-20 07:32:35
b499bbdd-391e-4b22-93be-edf785308a9b,81a1b5f4-3e36-4985-89c2-b9c7b1230fc7,DOGE-USD,crypto,21.619257,0.971036,2025-09-19 17:33:40,2026-02-01 08:06:10
679807c4-dc1d-4c9a-9c4d-29cc4f40115d,81a1b5f4-3e36-4985-89c2-b9c7b1230fc7,BBDC4.SA,stock,468.42768,14.342705,2025-09-10 17:33:40,2026-01-15 00:04:27
3ecd5ec6-9b08-4cdc-a076-69ce55b3ddfe,81a1b5f4-3e36-4985-89c2-b9c7b1230fc7,JPY-BRL,fx,29703.262136,0.030165,2025-09-14 17:33:40,2026-02-16 18:27:03
24db057f-fa03-4acf-bee6-d340d1a3051c,81a1b5f4-3e36-4985-89c2-b9c7b1230fc7,VALE3.SA,stock,342.002312,62.832032,2025-09-28 17:33:40,2026-02-21 17:16:29
c01a4754-4741-4c1d-b9e1-863299f435a2,81a1b5f4-3e36-4985-89c2-b9c7b1230fc7,NVDA,stock,521.248398,4324.465106,2025-09-27 17:33:40,2026-02-26 23:33:28
4bf9c701-43c7-4a56-ac20-1b55868fdf3b,81a1b5f4-3e36-4985-89c2-b9c7b1230fc7,PETR4.SA,stock,598.556614,39.463112,2025-09-12 17:33:40,2026-02-07 23:50:03
8aad8544-4faa-4d7a-9d50-dab5ecd5e933,33f0a79d-c424-43ff-844c-bb7ff2a04ba4,MSFT,stock,65.735073,1475.752981,2025-10-10 17:33:40,2026-02-26 01:38:06
22e66ca2-2adc-45c9-b181-539d4e5e4718,33f0a79d-c424-43ff-844c-bb7ff2a04ba4,BTC-USD,crypto,9.978664,278102.227544,2025-09-15 17:33:40,2026-01-23 13:08:59
c70b78fa-343d-418c-bcbb-dd8711fc182c,33f0a79d-c424-43ff-844c-bb7ff2a04ba4,JPY-BRL,fx,30525.316014,0.039625,2025-09-19 17:33:40,2026-02-15 16:37:48
661dc44f-ede3-46cf-b432-ebe0f75bcdd1,33f0a79d-c424-43ff-844c-bb7ff2a04ba4,AVAX-USD,crypto,24.70411,477.40333,2025-09-30 17:33:40,2026-02-26 23:15:36
6a7aa3a3-1fa9-432e-9b11-e412264b55e4,33f0a79d-c424-43ff-844c-bb7ff2a04ba4,B3SA3.SA,stock,497.965562,13.187925,2025-09-23 17:33:40,2026-02-15 23:49:02
eb5bf8c0-47c2-4ae3-82f5-15738ed42ea6,daffc302-5f0c-4225-a6ea-bdfcf26e496c,RENT3.SA,stock,483.756635,53.990464,2025-09-18 17:33:40,2026-02-07 08:22:37
c73cddba-220b-46c9-adae-2b1b9c6c9e15,daffc302-5f0c-4225-a6ea-bdfcf26e496c,TSLA,stock,537.899901,1020.985525,2025-09-22 17:33:40,2026-02-04 11:41:38
65c7cfdb-3c88-4169-872a-e775bcd2ddf9,daffc302-5f0c-4225-a6ea-bdfcf26e496c,B3SA3.SA,stock,498.323119,12.47539,2025-10-11 17:33:40,2026-02-25 08:35:23
7d06e539-aac6-4ec3-a798-f2a78fd4cc35,daffc302-5f0c-4225-a6ea-bdfcf26e496c,XRP-USD,crypto,20.394724,3.284067,2025-10-11 17:33:40,2026-02-19 04:11:51
ca47ed9f-8b40-446d-bdd1-3002cec1684b,daffc302-5f0c-4225-a6ea-bdfcf26e496c,USD-BRL,fx,17324.058555,5.492192,2025-10-02 17:33:40,2026-02-15 18:11:49
debd9b0e-7b51-484b-a7ec-20e3479a2ce5,daffc302-5f0c-4225-a6ea-bdfcf26e496c,DOGE-USD,crypto,22.473051,0.884928,2025-09-25 17:33:40,2026-02-12 08:53:23
eda89c93-6330-4b1f-a17a-7b65028df3b6,daffc302-5f0c-4225-a6ea-bdfcf26e496c,AVAX-USD,crypto,23.086355,488.414753,2025-10-01 17:33:40,2026-02-20 18:53:59
d80b91ff-2102-449e-a110-ba263dde1f08,daffc302-5f0c-4225-a6ea-bdfcf26e496c,PETR4.SA,stock,558.835731,37.612242,2025-09-26 17:33:40,2026-02-21 23:19:16
e64d548d-bdb9-4a6f-aafa-619c11ea2486,daffc302-5f0c-4225-a6ea-bdfcf26e496c,VALE3.SA,stock,488.66899,65.196353,2025-09-12 17:33:40,2026-02-18 10:56:36
c868b89b-641b-45f0-b343-d06b9a1ab88a,3bac756e-af59-40b1-a7cd-a5eb051b32b5,WMT,stock,567.451203,804.709219,2025-02-01 05:39:09,2025-12-31 10:44:39
1ac2bbed-51f3-4f0c-acba-822b7ebbaaf0,3bac756e-af59-40b1-a7cd-a5eb051b32b5,JPY-BRL,fx,38952.125519,0.035403,2025-02-06 05:39:09,2025-12-11 12:34:21
ebb57bab-e916-44f2-b9b6-f99085558ed0,3bac756e-af59-40b1-a7cd-a5eb051b32b5,GBP-BRL,fx,14344.24181,6.939827,2025-01-14 05:39:09,2026-01-17 04:56:07
b6367ab1-5399-40c9-98fc-dc41c5c90380,3bac756e-af59-40b1-a7cd-a5eb051b32b5,NVDA,stock,842.832426,4555.086251,2025-01-26 05:39:09,2026-01-15 09:03:01
b5a6375e-fd4d-42a6-93a7-ecab0f2f3766,3bac756e-af59-40b1-a7cd-a5eb051b32b5,ETH-USD,crypto,5.357594,16880.191875,2025-02-07 05:39:09,2026-01-27 04:44:36
4a526ada-f8d3-41b5-afeb-efe0c04c4bb2,3bac756e-af59-40b1-a7cd-a5eb051b32b5,BTC-USD,crypto,24.127084,268327.144581,2025-01-28 05:39:09,2026-02-14 13:26:01
0ae1fb8c-7efe-404c-b6ab-97d78f2c0c66,3bac756e-af59-40b1-a7cd-a5eb051b32b5,XRP-USD,crypto,1.091549,3.03303,2025-01-18 05:39:09,2026-02-04 03:16:26
0ef2e967-49eb-4082-9e7c-50acd6e73e7f,3bac756e-af59-40b1-a7cd-a5eb051b32b5,AVAX-USD,crypto,3.925999,448.707632,2025-01-17 05:39:09,2025-07-18 14:41:39
a2439f0a-d900-4541-a204-2a231f8f9893,3bac756e-af59-40b1-a7cd-a5eb051b32b5,SOL-USD,crypto,14.492041,726.076858,2025-01-14 05:39:09,2026-02-04 14:17:50
c26f9f14-1791-40b1-a802-edcdb0ab6d98,3bac756e-af59-40b1-a7cd-a5eb051b32b5,ABEV3.SA,stock,434.443139,12.968317,2025-01-29 05:39:09,2025-11-15 03:51:44
7e83d6eb-daa8-45f0-ac36-51520fd617b5,feb70c37-a722-427d-9b92-8fdf0ace2aa8,VALE3.SA,stock,322.985938,63.450065,2025-03-22 10:21:46,2026-02-20 02:55:14
e7af4292-0f63-4d02-9fb8-7249002bbffe,feb70c37-a722-427d-9b92-8fdf0ace2aa8,CHF-BRL,fx,22456.473787,5.46406,2025-03-23 10:21:46,2026-01-09 07:27:39
688eb685-847d-4ad0-9b46-6a636c5937ca,feb70c37-a722-427d-9b92-8fdf0ace2aa8,JPY-BRL,fx,27735.839061,0.030814,2025-04-01 10:21:46,2025-12-28 10:30:09
3266740a-7341-4a05-827a-bee9be9ccec5,feb70c37-a722-427d-9b92-8fdf0ace2aa8,ETH-USD,crypto,18.469249,15114.515722,2025-03-17 10:21:46,2026-02-03 00:23:45
e9ae59ea-66d4-4ded-b495-fa5a2d1a0a02,feb70c37-a722-427d-9b92-8fdf0ace2aa8,LREN3.SA,stock,676.477773,21.251239,2025-03-14 10:21:46,2026-02-27 20:03:06
4d922d28-81e3-4c57-bcf3-66dafb884d44,7bea051b-a174-4ada-8d55-b166d7ecd392,JPM,stock,492.640193,994.704472,2025-03-30 10:21:46,2025-11-06 23:04:06
179f2c73-e0ee-4c90-867e-f5fc88da933a,7bea051b-a174-4ada-8d55-b166d7ecd392,DOGE-USD,crypto,21.605982,0.882177,2025-03-01 10:21:46,2026-01-01 11:52:00
0f07f92b-c632-43a2-9139-1a5eda68c412,7bea051b-a174-4ada-8d55-b166d7ecd392,CHF-BRL,fx,7841.110698,6.181792,2025-03-06 10:21:46,2026-01-26 13:35:43
a9d02053-ac44-4e8f-9263-c109f5a17a8b,7bea051b-a174-4ada-8d55-b166d7ecd392,META,stock,418.953068,2121.025296,2025-03-08 10:21:46,2026-01-02 16:10:09
bde741bb-0217-4418-91c1-fd4d67aea978,7bea051b-a174-4ada-8d55-b166d7ecd392,PETR4.SA,stock,401.268516,39.092689,2025-03-30 10:21:46,2026-02-14 02:46:22
1ebbb110-7cf6-47da-814b-7802a1034023,7bea051b-a174-4ada-8d55-b166d7ecd392,WMT,stock,172.310802,837.962486,2025-03-21 10:21:46,2026-02-06 22:09:06
41debe1a-8686-4c4d-923e-d54f471bd039,7bea051b-a174-4ada-8d55-b166d7ecd392,V,stock,339.811804,1494.811542,2025-03-30 10:21:46,2026-02-12 08:06:44
ebc3fdb5-ac04-42f5-8003-02c61f363891,7bea051b-a174-4ada-8d55-b166d7ecd392,MGLU3.SA,stock,419.214146,7.818876,2025-03-12 10:21:46,2026-01-02 11:59:28
cd844353-844b-464a-b467-232b8de1219a,7bea051b-a174-4ada-8d55-b166d7ecd392,GBP-BRL,fx,8621.919741,6.443591,2025-03-04 10:21:46,2025-11-20 02:02:32
da053ea6-0a64-454c-9fa2-19b23caee707,79d6c85f-b2d1-4ddf-9633-78b79de6911a,ITUB4.SA,stock,775.534058,31.633558,2025-03-31 10:21:46,2026-02-01 01:51:14
826fe54c-d83a-4567-80f4-c3514c66b589,79d6c85f-b2d1-4ddf-9633-78b79de6911a,GBP-BRL,fx,16532.835594,6.456516,2025-03-19 10:21:46,2026-02-13 22:55:44
d46d17b1-fc56-4f87-8831-10f33e9bfa06,79d6c85f-b2d1-4ddf-9633-78b79de6911a,NVDA,stock,259.456024,4561.474859,2025-03-13 10:21:46,2026-02-14 16:45:08
b5e80281-15a0-48cc-bad4-09cfcc9ec3a9,79d6c85f-b2d1-4ddf-9633-78b79de6911a,SOL-USD,crypto,11.19558,719.198695,2025-03-04 10:21:46,2026-01-15 20:03:19
a6538552-fd81-4879-b807-564dfb9ba8b4,79d6c85f-b2d1-4ddf-9633-78b79de6911a,BBDC4.SA,stock,462.171661,14.933619,2025-03-09 10:21:46,2026-02-05 14:49:13
87ddf8a8-f872-4cd5-9eda-921d5dde5b02,79d6c85f-b2d1-4ddf-9633-78b79de6911a,DOGE-USD,crypto,3.070107,0.910694,2025-03-06 10:21:46,2026-02-06 18:34:19
0d093c20-7548-458b-8013-28278b8c6ca0,79d6c85f-b2d1-4ddf-9633-78b79de6911a,BNB-USD,crypto,15.702378,1455.621017,2025-03-08 10:21:46,2026-02-26 18:43:57
ccc5c87b-099d-4f84-a7fc-0dfcb5763ef9,79d6c85f-b2d1-4ddf-9633-78b79de6911a,JPY-BRL,fx,48970.084711,0.034703,2025-03-05 10:21:46,2026-02-03 15:16:45
386b7b54-5924-48f4-b98c-6dc2a7d03784,79d6c85f-b2d1-4ddf-9633-78b79de6911a,GOOGL,stock,234.016561,937.943647,2025-03-07 10:21:46,2026-01-10 15:25:53
f29a49a5-03c7-4843-9774-f8eaa55055d2,79d6c85f-b2d1-4ddf-9633-78b79de6911a,WMT,stock,607.748852,872.906845,2025-03-30 10:21:46,2026-02-14 12:18:00
a962cc2b-e03f-49c8-a740-d63e431a1978,97e088ff-8a46-4323-870b-ed311bee4a49,JPM,stock,586.684326,951.58359,2025-09-17 12:49:27,2026-01-30 11:20:01
1b091b15-34e0-4183-870a-bb44643b6c99,97e088ff-8a46-4323-870b-ed311bee4a49,GOOGL,stock,443.722712,720.701977,2025-09-04 12:49:27,2026-01-24 03:59:00
5656ceef-2f0d-4167-bca6-ac06ea0a3358,97e088ff-8a46-4323-870b-ed311bee4a49,AAPL,stock,195.410781,895.704474,2025-08-29 12:49:27,2026-02-12 02:20:28
e7c5b852-4652-4dba-bbc2-2303d4684a36,97e088ff-8a46-4323-870b-ed311bee4a49,WEGE3.SA,stock,414.982241,53.534071,2025-09-03 12:49:27,2026-02-23 15:34:36
963f66b1-7365-4d5c-a3b7-d88a286ebcb7,7c85acca-ac2a-4ed6-97e2-8bef4e9688a8,BTC-USD,crypto,21.207106,273588.377759,2025-10-16 07:45:06,2026-02-21 17:34:47
6bff11e2-9e98-4a1b-b8ae-3ea48106b868,7c85acca-ac2a-4ed6-97e2-8bef4e9688a8,RENT3.SA,stock,447.554229,56.737464,2025-10-04 07:45:06,2026-02-11 00:50:59
e70a777d-0a82-4ccf-82f9-1683621c8da0,7c85acca-ac2a-4ed6-97e2-8bef4e9688a8,EUR-BRL,fx,41633.91379,5.973133,2025-10-27 07:45:06,2026-02-15 04:31:17
23914bf3-963e-40e4-addd-59883e004b77,7c85acca-ac2a-4ed6-97e2-8bef4e9688a8,WMT,stock,356.72864,846.80017,2025-10-24 07:45:06,2026-01-11 07:54:26
1e6e1726-912c-48d6-bc21-57a7ef7e86d5,7c85acca-ac2a-4ed6-97e2-8bef4e9688a8,LREN3.SA,stock,817.062109,20.319299,2025-10-28 07:45:06,2026-02-12 13:58:02
245be9a9-9cf7-42a6-8cf7-5d0edd8288fc,7c85acca-ac2a-4ed6-97e2-8bef4e9688a8,GBP-BRL,fx,7698.958893,6.514017,2025-10-09 07:45:06,2026-02-23 14:09:53
839d3ab5-b23d-4523-a4f0-403196e85b1c,7c85acca-ac2a-4ed6-97e2-8bef4e9688a8,ITUB4.SA,stock,384.413652,31.156793,2025-10-05 07:45:06,2026-02-08 21:36:24
adefca2b-f6db-48ca-bd0e-7b9b2bbbbe21,ae01091e-352b-4bd0-931d-8288ffc2d7f3,JPM,stock,307.592579,983.712597,2025-10-10 01:56:40,2026-01-08 02:23:43
78cde74b-95b8-4dd7-b00e-87ab6aa71d7b,ae01091e-352b-4bd0-931d-8288ffc2d7f3,BNB-USD,crypto,5.212815,1448.19557,2025-09-28 01:56:40,2026-02-15 03:10:44
94ae0a0f-c736-431f-9516-54ca27fe58e6,ae01091e-352b-4bd0-931d-8288ffc2d7f3,GBP-BRL,fx,60850.473104,6.597815,2025-10-19 01:56:40,2026-02-09 21:47:55
4c938bd1-9585-4b54-becf-00297ad72aa9,ae01091e-352b-4bd0-931d-8288ffc2d7f3,AMZN,stock,670.136686,972.658743,2025-09-27 01:56:40,2026-02-27 16:44:07
8fdd0891-7497-43d7-9e70-e97aef908b48,ae01091e-352b-4bd0-931d-8288ffc2d7f3,META,stock,120.939101,2162.101301,2025-10-06 01:56:40,2026-02-15 23:39:51
b4d628d4-2206-4069-b3cd-29e7e613f0ac,ae01091e-352b-4bd0-931d-8288ffc2d7f3,RENT3.SA,stock,140.027257,50.276545,2025-10-17 01:56:40,2026-02-25 13:39:13
a24ccb3c-56c0-4e2c-b60e-9ee79a9135fb,ae01091e-352b-4bd0-931d-8288ffc2d7f3,MSFT,stock,1036.597129,1705.489155,2025-10-11 01:56:40,2026-01-26 07:44:35
96c14a30-6ad7-4ec5-a86d-23f862db84a4,ae01091e-352b-4bd0-931d-8288ffc2d7f3,AVAX-USD,crypto,27.062454,468.377744,2025-10-20 01:56:40,2026-02-27 14:31:24
eecfa2fe-3cef-4bde-a54f-df8e68b2b21c,004f4ff8-93f0-47c6-bcaa-fb70fff8a8eb,JPM,stock,225.200243,1009.090531,2025-10-02 01:56:40,2026-01-09 10:33:29
277151fa-c3e9-40a8-ba20-77bf310823f8,004f4ff8-93f0-47c6-bcaa-fb70fff8a8eb,BTC-USD,crypto,17.85778,293640.830396,2025-10-13 01:56:40,2026-02-13 15:03:39
bed5393e-67e5-4fd7-b714-81745d3a4e53,004f4ff8-93f0-47c6-bcaa-fb70fff8a8eb,V,stock,540.346052,1322.092534,2025-09-21 01:56:40,2026-02-27 16:54:50
d66895c5-7375-4f36-8ad1-cec84180bb7f,004f4ff8-93f0-47c6-bcaa-fb70fff8a8eb,GBP-BRL,fx,36913.16141,6.426911,2025-10-12 01:56:40,2026-02-24 11:05:16
7e25f72c-4928-4a8e-85cc-e492e399f3a7,004f4ff8-93f0-47c6-bcaa-fb70fff8a8eb,DOGE-USD,crypto,12.722212,0.879842,2025-10-12 01:56:40,2026-02-27 04:52:06
7380d74d-b88d-4472-9fa2-a0db47f4cc78,004f4ff8-93f0-47c6-bcaa-fb70fff8a8eb,B3SA3.SA,stock,350.678617,12.38291,2025-10-13 01:56:40,2026-01-28 09:00:47
4ff1f201-8b8a-4ea2-b642-debc32da2066,004f4ff8-93f0-47c6-bcaa-fb70fff8a8eb,ADA-USD,crypto,1.429942,2.32837,2025-09-22 01:56:40,2026-02-15 23:35:19
e5bbc906-f052-4b2d-b2f9-20e5d1b6ce67,004f4ff8-93f0-47c6-bcaa-fb70fff8a8eb,USD-BRL,fx,19883.033684,5.504868,2025-10-05 01:56:40,2026-01-31 00:45:40
d400a8f7-500d-4577-b13e-4dccbc2ac8df,004f4ff8-93f0-47c6-bcaa-fb70fff8a8eb,MGLU3.SA,stock,465.020532,7.182375,2025-10-09 01:56:40,2026-02-06 16:50:48
537e89a8-53da-46e3-96a4-bf6566fe59ee,34538982-72a2-48b1-b0cf-37d82dffe639,TSLA,stock,412.210995,1056.614139,2025-10-04 01:56:40,2026-02-21 15:21:50
4a964fe7-b5fb-4414-a8d1-6c1688e3c62e,34538982-72a2-48b1-b0cf-37d82dffe639,RENT3.SA,stock,452.60559,56.91376,2025-10-25 01:56:40,2026-02-22 05:41:06
cc146cb5-7d57-4b6a-9735-02b19f65ef27,34538982-72a2-48b1-b0cf-37d82dffe639,MGLU3.SA,stock,968.808199,7.321402,2025-10-27 01:56:40,2026-02-21 21:30:58
cf316747-d512-418c-95f9-81f274660262,34538982-72a2-48b1-b0cf-37d82dffe639,BTC-USD,crypto,12.104209,297452.379179,2025-10-24 01:56:40,2026-01-24 23:31:50
108fce94-2b96-40da-bfe1-712b5eb295f7,34538982-72a2-48b1-b0cf-37d82dffe639,ITUB4.SA,stock,688.251059,33.618804,2025-10-13 01:56:40,2026-02-19 20:31:05
c1e02b40-e48f-41f8-8555-45a1d28ab52b,ef479652-6608-472a-a0d2-8c248da73b61,AVAX-USD,crypto,9.171153,487.62882,2025-02-19 23:36:47,2025-11-30 11:29:09
d5f50b50-8185-4603-86c8-dd859cebeeae,ef479652-6608-472a-a0d2-8c248da73b61,RENT3.SA,stock,447.768205,55.893779,2025-02-20 23:36:47,2026-02-26 13:20:19
8d9e34ff-e3ae-411c-b574-fc7c9713283c,ef479652-6608-472a-a0d2-8c248da73b61,BNB-USD,crypto,21.349289,1427.401562,2025-02-26 23:36:47,2026-01-28 13:49:17
e73fd4a4-f3c6-41e7-93f2-debbca97da5d,ef479652-6608-472a-a0d2-8c248da73b61,PETR4.SA,stock,2.188578,37.989991,2025-02-12 23:36:47,2025-09-23 07:00:14
230fface-1909-4aa5-bfe6-327fa9134961,ef479652-6608-472a-a0d2-8c248da73b61,ETH-USD,crypto,17.762164,16062.829045,2025-02-13 23:36:47,2026-02-13 08:13:06
3ffee1ff-cdbe-4149-8414-87b98825002c,ef479652-6608-472a-a0d2-8c248da73b61,ITUB4.SA,stock,1162.678444,29.278476,2025-02-13 23:36:47,2026-02-19 19:50:39
2bae9044-ea62-46ca-bedc-31f72aef73f0,8a6795ac-89e2-4eda-b016-03e3cc2b27aa,USD-BRL,fx,48202.809151,4.973821,2025-07-06 04:06:37,2026-02-28 05:44:53
43b01937-d883-49e1-bfde-28da274fde43,8a6795ac-89e2-4eda-b016-03e3cc2b27aa,JPM,stock,662.079837,1032.496268,2025-07-03 04:06:37,2026-02-11 21:18:54
6c52b002-06f6-4387-a4df-30b2215f6c2f,8a6795ac-89e2-4eda-b016-03e3cc2b27aa,PETR4.SA,stock,360.71977,38.684378,2025-06-25 04:06:37,2026-02-08 23:08:46
388d208f-1dd1-4e28-bda3-cda777700536,8a6795ac-89e2-4eda-b016-03e3cc2b27aa,ITUB4.SA,stock,420.107991,32.42196,2025-07-13 04:06:37,2026-01-18 14:26:27
6d59f29c-866f-4dc4-b7d6-e16052a282e9,cd34110f-49b7-4cbb-b018-8ec95a3a3e47,B3SA3.SA,stock,464.831246,12.145378,2025-06-29 04:06:37,2025-11-13 14:19:11
0a8ea25d-4635-4a67-957b-6d580dd763c5,cd34110f-49b7-4cbb-b018-8ec95a3a3e47,MGLU3.SA,stock,1102.526405,7.286444,2025-07-18 04:06:37,2026-02-19 15:30:58
c061dc1a-3ecc-4331-b77c-de2e5d361e3c,cd34110f-49b7-4cbb-b018-8ec95a3a3e47,BBDC4.SA,stock,751.271075,12.134428,2025-07-08 04:06:37,2026-02-20 22:04:00
eac372ea-4b52-4bd5-a5fc-d7eace771d46,cd34110f-49b7-4cbb-b018-8ec95a3a3e47,BNB-USD,crypto,10.254829,1566.420253,2025-07-16 04:06:37,2026-01-18 14:46:34
0a68215a-a9ea-4b1d-9268-b8092b81279c,cd34110f-49b7-4cbb-b018-8ec95a3a3e47,SOL-USD,crypto,6.893096,693.123775,2025-07-14 04:06:37,2026-02-12 12:38:52
552e1535-35be-4abc-992e-9638610b3b4f,cd34110f-49b7-4cbb-b018-8ec95a3a3e47,LREN3.SA,stock,313.540425,17.415488,2025-07-21 04:06:37,2025-11-24 16:59:49
a47cd568-ae3e-45dc-9087-3e923b987785,cd34110f-49b7-4cbb-b018-8ec95a3a3e47,META,stock,542.240731,2360.290164,2025-07-01 04:06:37,2026-02-10 11:46:49
473723c9-1e04-4e56-a1c6-9adb55689632,cd34110f-49b7-4cbb-b018-8ec95a3a3e47,ETH-USD,crypto,11.172022,16432.867462,2025-06-25 04:06:37,2026-02-15 17:50:43
bf59310a-e5d2-4ee9-89f4-b8abc9b9b200,6d1e1e43-b2e7-42c7-94b8-d68efd233a51,TSLA,stock,251.416887,1152.64355,2025-07-16 04:06:37,2026-02-25 01:56:17
c1de93e1-c891-480a-a7d6-8e168acd489a,6d1e1e43-b2e7-42c7-94b8-d68efd233a51,ETH-USD,crypto,0.950418,17418.71819,2025-06-23 04:06:37,2025-12-21 08:41:51
b1917f29-2b54-4a2c-899e-e6e268d4ee76,6d1e1e43-b2e7-42c7-94b8-d68efd233a51,JPY-BRL,fx,7643.540912,0.034381,2025-07-16 04:06:37,2026-02-23 06:27:14
a8633814-3374-4caf-9e0e-4a0d8f6c8556,6d1e1e43-b2e7-42c7-94b8-d68efd233a51,AAPL,stock,606.713723,930.270559,2025-07-05 04:06:37,2026-02-21 18:14:45
0da4df73-ee6f-4851-a7fc-e0d39ded2946,6d1e1e43-b2e7-42c7-94b8-d68efd233a51,GOOGL,stock,501.271559,873.0475,2025-06-30 04:06:37,2026-02-14 14:53:00
a07e1458-2429-4ae6-90d6-4d52c926129f,6d1e1e43-b2e7-42c7-94b8-d68efd233a51,META,stock,317.584043,2319.614364,2025-07-17 04:06:37,2026-01-19 10:02:26
ae0d39bc-ad3f-4efd-9ff4-24539624af45,1b755c21-43ec-4d3c-908a-3e40cf156f3d,MSFT,stock,265.392195,1773.197693,2025-02-11 06:03:04,2025-12-23 17:34:22
fa294e00-5cb2-4986-ac02-38ccfa07ede7,1b755c21-43ec-4d3c-908a-3e40cf156f3d,GOOGL,stock,92.359493,792.920954,2025-01-31 06:03:04,2026-01-25 01:21:06
9a6a65f6-1824-40af-ac43-6a022c4c3572,1b755c21-43ec-4d3c-908a-3e40cf156f3d,NVDA,stock,480.827028,4505.290275,2025-01-27 06:03:04,2026-01-31 04:45:22
b430d1d3-da7c-4154-85b2-4c5444ff7c2a,1b755c21-43ec-4d3c-908a-3e40cf156f3d,JPM,stock,524.934039,904.723324,2025-02-15 06:03:04,2025-12-25 23:35:25
2c2ef8d3-0efb-4bfa-87c5-feb27dbc40f5,1b755c21-43ec-4d3c-908a-3e40cf156f3d,WEGE3.SA,stock,256.226409,51.956462,2025-01-26 06:03:04,2026-01-19 02:54:02
eaaecb36-a841-4530-99e4-8c626534629d,66f0ac6a-2108-47fb-ad46-2662cb87d91f,GBP-BRL,fx,13790.633028,6.457762,2025-06-24 00:18:25,2026-01-19 09:04:51
9ac038b2-ee10-4faa-9bd2-9fa79336174b,66f0ac6a-2108-47fb-ad46-2662cb87d91f,DOGE-USD,crypto,8.041391,0.875937,2025-06-28 00:18:25,2026-02-14 08:27:02
46e39fbd-559e-4256-9f06-5754c7522ee5,66f0ac6a-2108-47fb-ad46-2662cb87d91f,ITUB4.SA,stock,793.76444,32.551104,2025-06-28 00:18:25,2026-02-11 16:42:33
50da1248-d1a8-4877-8891-0671c3e6d8e7,66f0ac6a-2108-47fb-ad46-2662cb87d91f,JPM,stock,557.651152,1080.943608,2025-07-06 00:18:25,2026-02-13 21:09:58
68a88708-31f2-4f17-b193-4b23493a7d1a,66f0ac6a-2108-47fb-ad46-2662cb87d91f,BTC-USD,crypto,1.912348,272456.108509,2025-07-09 00:18:25,2026-01-17 11:33:31
4485ffa8-a6d3-42d8-b654-307203065c81,66f0ac6a-2108-47fb-ad46-2662cb87d91f,USD-BRL,fx,69752.785212,5.205424,2025-07-04 00:18:25,2026-02-19 21:53:18
f477687a-a1a8-4041-874f-01570e719b1c,66f0ac6a-2108-47fb-ad46-2662cb87d91f,B3SA3.SA,stock,435.637602,11.001522,2025-06-14 00:18:25,2026-02-01 16:23:58
ef01391e-8873-446d-8ff8-dfc76a5d5dad,66f0ac6a-2108-47fb-ad46-2662cb87d91f,VALE3.SA,stock,1684.188154,65.19627,2025-06-25 00:18:25,2026-02-16 08:58:12
c8b2edcd-3e48-44c8-acee-1b5dc4ec66d5,66f0ac6a-2108-47fb-ad46-2662cb87d91f,MGLU3.SA,stock,202.816516,6.847803,2025-06-10 00:18:25,2026-01-24 16:24:47
911d5ad6-0f3f-4fb2-a637-5c18a76ff34a,66f0ac6a-2108-47fb-ad46-2662cb87d91f,NVDA,stock,130.9547,4762.811759,2025-07-02 00:18:25,2025-12-14 01:29:01
a660f67b-4b50-47ed-a505-657b27021e8c,b52bd276-bb64-4536-96a1-88f23f0a83c7,BBDC4.SA,stock,421.038252,15.315405,2025-08-14 19:16:01,2026-02-12 06:06:38
3f033307-6886-4ab3-a761-790c2958ba91,b52bd276-bb64-4536-96a1-88f23f0a83c7,AVAX-USD,crypto,4.33322,455.288978,2025-08-11 19:16:01,2026-01-06 04:31:41
7917d52b-a015-485c-9412-380920607f87,b52bd276-bb64-4536-96a1-88f23f0a83c7,SOL-USD,crypto,2.009,729.521435,2025-09-01 19:16:01,2026-01-18 14:16:53
1876616f-7636-486b-a1bb-bbe57810f1ef,065b84a4-8ab2-43c2-a44f-d6b15c797b42,JPM,stock,205.68537,971.816231,2025-08-18 19:16:01,2026-01-19 17:24:51
f22b4501-3231-4748-ae3a-2976746c57be,065b84a4-8ab2-43c2-a44f-d6b15c797b42,AVAX-USD,crypto,19.563611,456.936921,2025-08-27 19:16:01,2026-02-20 13:47:51
bb8032cb-bd8d-4dfb-abb8-80d1848030ef,065b84a4-8ab2-43c2-a44f-d6b15c797b42,TSLA,stock,148.337539,859.227562,2025-09-03 19:16:01,2026-02-04 15:52:47
f35dd365-da1e-4ff5-8de1-c6f395bcb8a2,065b84a4-8ab2-43c2-a44f-d6b15c797b42,DOGE-USD,crypto,5.916127,0.880208,2025-08-11 19:16:01,2025-12-04 13:15:46
09ace322-2e28-4b8b-b53a-f527564bd57b,065b84a4-8ab2-43c2-a44f-d6b15c797b42,ETH-USD,crypto,16.179089,16488.424946,2025-08-26 19:16:01,2026-02-09 01:30:57
da0f7f13-f7f1-4b9a-a7c0-e7bc11fe00c1,87eb7d31-4393-487d-98e3-f8e8044adcad,ETH-USD,crypto,12.349454,18445.604023,2025-02-25 17:09:57,2026-01-05 10:03:40
6b3f7387-012b-4cda-8b25-5c9f5d043fba,87eb7d31-4393-487d-98e3-f8e8044adcad,B3SA3.SA,stock,508.927774,11.298195,2025-02-15 17:09:57,2025-12-17 13:04:21
52c8b529-07ba-4d1a-84ad-adb0c68c6de3,87eb7d31-4393-487d-98e3-f8e8044adcad,VALE3.SA,stock,302.591722,67.175388,2025-02-17 17:09:57,2026-01-31 23:52:29
a2976bb2-d7bd-491c-808a-20812ee1e733,87eb7d31-4393-487d-98e3-f8e8044adcad,BNB-USD,crypto,5.819891,1473.353918,2025-02-15 17:09:57,2025-09-18 14:15:30
4041d9de-fff7-4998-a477-52f3af9479ec,87eb7d31-4393-487d-98e3-f8e8044adcad,RENT3.SA,stock,308.289354,50.297861,2025-02-13 17:09:57,2025-08-21 17:08:46
94c62969-5e14-4e8e-a6e0-09be47e2e36b,87eb7d31-4393-487d-98e3-f8e8044adcad,V,stock,575.954163,1295.665261,2025-02-05 17:09:57,2026-02-06 22:47:49
9b72b9af-c07a-45f5-aca7-6a7de49cd5be,87eb7d31-4393-487d-98e3-f8e8044adcad,ABEV3.SA,stock,206.44897,12.731571,2025-02-08 17:09:57,2026-01-31 19:55:19
54df378c-1ff3-4332-8ad4-b5adc2ff91c8,48118de8-90bc-4ff5-93d6-a5a443957c71,MSFT,stock,518.925641,1794.716034,2025-03-04 17:09:57,2026-02-02 13:24:08
74a57aa3-f6d2-4de0-9192-9e3c2600ce76,48118de8-90bc-4ff5-93d6-a5a443957c71,TSLA,stock,611.989111,1084.946742,2025-03-08 17:09:57,2025-12-31 04:43:13
cad78500-31f3-4659-989d-a64cd6dc36c2,48118de8-90bc-4ff5-93d6-a5a443957c71,JPM,stock,291.542286,1033.779858,2025-02-19 17:09:57,2026-01-20 12:00:00
914806a2-95e9-40d5-8dd5-efee8aa7de82,48118de8-90bc-4ff5-93d6-a5a443957c71,WMT,stock,183.197935,827.552726,2025-02-21 17:09:57,2025-09-19 12:07:16
ff62a115-2496-4038-80be-772d84a3ffdd,48118de8-90bc-4ff5-93d6-a5a443957c71,PETR4.SA,stock,47.776008,45.495457,2025-03-09 17:09:57,2026-02-18 03:45:01
9deea5be-a4e7-4875-bc8f-b6b4009ff283,48118de8-90bc-4ff5-93d6-a5a443957c71,ADA-USD,crypto,13.816172,2.51795,2025-02-23 17:09:57,2026-02-04 14:07:45
431249c4-031e-46c2-a2b3-3f61bf9d9e3d,48118de8-90bc-4ff5-93d6-a5a443957c71,MGLU3.SA,stock,654.699515,7.373013,2025-02-20 17:09:57,2026-02-08 20:28:48
4ed7a76a-bbf2-4416-909f-20de800b44de,48118de8-90bc-4ff5-93d6-a5a443957c71,EUR-BRL,fx,20018.239036,5.607437,2025-02-27 17:09:57,2026-01-28 10:32:40
40908514-1155-40c6-be50-b9c5eaab7878,48118de8-90bc-4ff5-93d6-a5a443957c71,LREN3.SA,stock,713.324484,19.301011,2025-03-03 17:09:57,2026-01-30 03:46:15
976a220c-6b12-4f21-82ac-ed78a2a62ab6,2de161e8-4408-44e4-bd46-686aacf08320,GOOGL,stock,271.244858,954.659282,2025-02-16 17:09:57,2026-02-04 02:06:10
21a84962-b2c6-4e70-96b5-98a8ce220094,2de161e8-4408-44e4-bd46-686aacf08320,PETR4.SA,stock,976.399279,40.802132,2025-02-26 17:09:57,2025-12-15 03:31:00
2a6b56b7-6a8e-473a-a45e-7c1be4c30ba3,2de161e8-4408-44e4-bd46-686aacf08320,VALE3.SA,stock,1334.494115,57.943555,2025-02-26 17:09:57,2025-12-09 10:33:59
8674a84a-d0c3-4df8-8459-a8b65ce7cec7,2de161e8-4408-44e4-bd46-686aacf08320,BTC-USD,crypto,19.80002,275780.793489,2025-02-28 17:09:57,2026-02-06 19:36:48
ba038ed1-4096-4f66-884b-3ef9f05d1943,2de161e8-4408-44e4-bd46-686aacf08320,CHF-BRL,fx,30610.40468,6.53189,2025-03-06 17:09:57,2025-11-02 12:48:42
42904a45-3e75-4a90-b112-a8d3a5d17340,2de161e8-4408-44e4-bd46-686aacf08320,XRP-USD,crypto,7.32619,3.201866,2025-02-19 17:09:57,2025-10-03 10:28:06
67974647-d2e5-4860-b8a7-df349d2d24fd,2de161e8-4408-44e4-bd46-686aacf08320,TSLA,stock,578.686024,1061.186453,2025-03-02 17:09:57,2025-11-09 01:43:24
acc728d5-0b1e-486a-a587-752467f11ade,2de161e8-4408-44e4-bd46-686aacf08320,ETH-USD,crypto,9.378433,17289.330743,2025-03-01 17:09:57,2026-02-08 21:56:04
85410cc4-6bc6-41d6-8d55-4f636bb8ca87,68d1f67f-537e-4a48-9b16-fad87416a4f8,VALE3.SA,stock,476.964423,60.08944,2025-06-28 15:19:30,2026-02-02 13:32:02
8285ca89-2d58-4502-aa2a-0323ac3b13d0,68d1f67f-537e-4a48-9b16-fad87416a4f8,DOGE-USD,crypto,7.165023,0.842505,2025-06-11 15:19:30,2025-11-02 07:24:26
e3bd8dea-b632-4ec8-98e9-9453d3254c04,68d1f67f-537e-4a48-9b16-fad87416a4f8,V,stock,222.991551,1514.324391,2025-06-09 15:19:30,2026-01-24 04:33:17
124f0ffb-99eb-4332-beca-e9588b673e18,68d1f67f-537e-4a48-9b16-fad87416a4f8,BBDC4.SA,stock,745.452403,13.805645,2025-06-12 15:19:30,2026-02-18 08:54:27
007c7c02-543a-49ec-83a9-36054b188181,68d1f67f-537e-4a48-9b16-fad87416a4f8,USD-BRL,fx,56594.144416,5.176259,2025-07-04 15:19:30,2026-01-29 04:37:12
91e5b0ac-3271-4be8-bcda-1e4d03828d15,68d1f67f-537e-4a48-9b16-fad87416a4f8,B3SA3.SA,stock,461.916867,11.720342,2025-06-11 15:19:30,2026-02-02 17:35:05
58c4d4f5-ec09-481d-85e9-eff7d59d8c83,68d1f67f-537e-4a48-9b16-fad87416a4f8,GBP-BRL,fx,7434.764757,7.160995,2025-06-22 15:19:30,2025-12-25 11:02:52
3b03cddb-5713-4e42-8835-849f20172577,68d1f67f-537e-4a48-9b16-fad87416a4f8,BNB-USD,crypto,10.137041,1434.153817,2025-06-10 15:19:30,2026-02-20 10:31:27
a7e9b1af-fa2c-417f-be0a-43b7133f1196,68d1f67f-537e-4a48-9b16-fad87416a4f8,ETH-USD,crypto,19.058535,17771.123129,2025-06-07 15:19:30,2026-02-24 02:17:14
6677611c-a25e-412f-901c-aff4478f9b7b,68d1f67f-537e-4a48-9b16-fad87416a4f8,EUR-BRL,fx,21958.270365,5.390202,2025-06-09 15:19:30,2026-02-26 18:18:56
4c9161ba-7057-4b84-a0d8-bf9874313e7f,e9d89571-602a-4a3d-8aff-751371d6c01e,ADA-USD,crypto,3.795301,2.414856,2025-09-25 19:48:42,2026-02-10 21:09:19
250ee35c-c5c7-4536-8406-223b4e05659e,e9d89571-602a-4a3d-8aff-751371d6c01e,WEGE3.SA,stock,835.833538,54.143743,2025-09-28 19:48:42,2026-02-09 22:21:47
6d9899f1-fdf4-4d21-b1e4-1eeb8344beaa,e9d89571-602a-4a3d-8aff-751371d6c01e,TSLA,stock,205.017039,1158.240748,2025-09-23 19:48:42,2026-01-22 08:47:09
baa7edae-7852-40e5-9a4f-a505ca016081,e9d89571-602a-4a3d-8aff-751371d6c01e,B3SA3.SA,stock,346.350965,11.448946,2025-09-28 19:48:42,2026-02-22 00:57:35
8a8c009f-5cb8-411e-a428-57357ea036c6,e9d89571-602a-4a3d-8aff-751371d6c01e,MGLU3.SA,stock,553.089003,7.730809,2025-09-30 19:48:42,2026-02-25 10:49:40
3ba16721-a1cb-44ae-82b2-14005ce5608f,e9d89571-602a-4a3d-8aff-751371d6c01e,CHF-BRL,fx,18605.663515,5.762558,2025-09-16 19:48:42,2026-01-31 21:09:14
d94ceb38-ae35-425f-a8bb-f8e93feb6902,e9d89571-602a-4a3d-8aff-751371d6c01e,META,stock,773.81497,2375.670168,2025-09-16 19:48:42,2026-02-07 16:28:38
534e9aa2-0b07-416b-9130-ea817558d9ef,e9d89571-602a-4a3d-8aff-751371d6c01e,AVAX-USD,crypto,8.489406,447.392625,2025-09-24 19:48:42,2025-12-24 06:40:21
c6cd3d4e-475d-431f-9d55-63e94a6df09a,e9d89571-602a-4a3d-8aff-751371d6c01e,SOL-USD,crypto,13.726365,719.521208,2025-09-10 19:48:42,2025-12-31 05:03:36
0eeac43b-83bb-4e6e-952e-c824b3e1bf46,e9d89571-602a-4a3d-8aff-751371d6c01e,BBDC4.SA,stock,1245.453119,15.575475,2025-09-14 19:48:42,2026-02-19 20:32:15
edb82ab4-86b8-4aaa-96b5-db968240c309,604b29e5-fb15-4b1b-9d10-1392d434349c,USD-BRL,fx,24917.240785,4.972088,2025-12-07 13:41:15,2026-02-22 03:18:17
c963c12b-8afd-4bad-90b3-5ed6c2d95f4d,604b29e5-fb15-4b1b-9d10-1392d434349c,MSFT,stock,583.013982,1835.53016,2025-11-28 13:41:15,2026-02-25 17:16:45
5486b884-f436-43a3-b7f6-08a524a5e18c,604b29e5-fb15-4b1b-9d10-1392d434349c,AMZN,stock,368.495615,909.321961,2025-12-07 13:41:15,2026-02-24 07:14:31
511ab171-8580-4de4-873b-9d81542bfcda,604b29e5-fb15-4b1b-9d10-1392d434349c,RENT3.SA,stock,738.507368,57.254192,2025-12-21 13:41:15,2026-02-17 17:58:19
5860226d-1841-41dd-b27d-467b5fab3d29,604b29e5-fb15-4b1b-9d10-1392d434349c,VALE3.SA,stock,677.566432,60.20027,2025-12-13 13:41:15,2026-02-26 04:40:00
8a832cd0-890d-477f-87f1-39cc4ec3f535,2653343e-9cf4-4e6f-89cd-af2634c12b66,BNB-USD,crypto,19.369656,1430.766147,2026-01-05 21:41:45,2026-02-27 16:00:09
06732dfd-649b-481f-bbad-d7b9cc19991e,2653343e-9cf4-4e6f-89cd-af2634c12b66,NVDA,stock,220.02506,4441.926471,2025-12-15 21:41:45,2026-02-23 07:26:17
e1ff0df6-1187-4692-8b9c-e6850d465128,2653343e-9cf4-4e6f-89cd-af2634c12b66,BBDC4.SA,stock,738.666034,15.044015,2025-12-27 21:41:45,2026-02-25 10:00:38
da73b37e-3e13-419e-a531-6270100628aa,2653343e-9cf4-4e6f-89cd-af2634c12b66,SOL-USD,crypto,9.170515,701.605921,2026-01-05 21:41:45,2026-02-28 20:49:37
8d08ebcd-3aa8-48a8-a68b-0c01abe60622,00596782-71a9-47cd-b266-18e312cd0259,GOOGL,stock,528.047281,863.660859,2025-12-15 21:41:45,2026-02-18 08:31:04
89b42775-4944-4a17-87ac-106bfd681fbb,00596782-71a9-47cd-b266-18e312cd0259,BTC-USD,crypto,25.706758,289033.928899,2025-12-21 21:41:45,2026-02-23 01:48:10
7305e905-2b2a-4cc5-b1db-cc24d71249ef,00596782-71a9-47cd-b266-18e312cd0259,ITUB4.SA,stock,299.210895,33.845516,2026-01-02 21:41:45,2026-02-27 16:57:05
b907bc00-a33f-470d-ab2c-4eb0d8724abb,00596782-71a9-47cd-b266-18e312cd0259,B3SA3.SA,stock,561.64671,11.798417,2025-12-09 21:41:45,2026-02-22 03:53:02
43dc88ba-ecae-4388-8428-71c3d7308202,422ce446-9afb-481c-9e5d-38ecca9d1b9d,GBP-BRL,fx,53535.475302,7.240384,2025-12-24 21:41:45,2026-02-27 06:19:16
ae76524a-0632-47c4-887b-3ab74162f4da,422ce446-9afb-481c-9e5d-38ecca9d1b9d,NVDA,stock,559.685429,4046.893371,2025-12-29 21:41:45,2026-02-07 01:26:45
66e57043-f083-4a74-8099-378fc9bf2ddf,422ce446-9afb-481c-9e5d-38ecca9d1b9d,DOGE-USD,crypto,25.9414,0.74498,2025-12-11 21:41:45,2026-02-08 07:10:58
d17b8491-1afc-4909-9b70-c50746c0dd20,422ce446-9afb-481c-9e5d-38ecca9d1b9d,BNB-USD,crypto,14.210711,1589.51823,2025-12-09 21:41:45,2026-02-28 09:10:17
ae8adee9-d523-48c7-88ba-707b5bbd87ca,45ae679e-0229-4302-b0e2-2ac3ff4b72f3,LREN3.SA,stock,330.821626,19.812192,2025-09-09 10:09:43,2026-02-23 06:24:17
e084acc7-9e6f-482b-94de-45d1bd316f6f,45ae679e-0229-4302-b0e2-2ac3ff4b72f3,WEGE3.SA,stock,669.451237,52.564029,2025-09-15 10:09:43,2026-02-28 02:14:41
9f0a8fe4-70ed-4231-9080-a40f672e4fc8,45ae679e-0229-4302-b0e2-2ac3ff4b72f3,MGLU3.SA,stock,128.379565,6.954529,2025-09-01 10:09:43,2026-01-12 07:05:48
1ed65274-06b5-4af4-a8d9-dc77da3a3a3d,45ae679e-0229-4302-b0e2-2ac3ff4b72f3,SOL-USD,crypto,13.935591,625.921475,2025-08-28 10:09:43,2026-02-13 05:39:25
0f215b68-9650-4ff3-8541-31e11b31a742,45ae679e-0229-4302-b0e2-2ac3ff4b72f3,MSFT,stock,537.506542,1847.269805,2025-09-05 10:09:43,2026-02-28 08:03:32
b008378c-776a-421c-8500-7211aaf04bb1,45ae679e-0229-4302-b0e2-2ac3ff4b72f3,ETH-USD,crypto,8.081568,16170.048348,2025-09-14 10:09:43,2026-01-16 13:30:19
4d284a77-bf9a-47a9-befa-48fcf26c89bf,45ae679e-0229-4302-b0e2-2ac3ff4b72f3,META,stock,457.854531,2140.008037,2025-09-04 10:09:43,2026-01-23 10:07:25
a70a97f4-a84f-461e-aa88-45384b3f3bb8,45ae679e-0229-4302-b0e2-2ac3ff4b72f3,BBDC4.SA,stock,638.192399,11.648652,2025-09-17 10:09:43,2026-02-25 09:51:23
43e40c1b-37a0-498e-be65-0b8f629a81ca,be9f512f-431f-4944-acfa-6004109ab86f,MSFT,stock,677.861212,1676.078702,2025-08-11 04:11:44,2026-02-22 05:51:48
59afacb0-0f6a-455c-8db0-6bb2cfddb29e,be9f512f-431f-4944-acfa-6004109ab86f,SOL-USD,crypto,9.643933,690.901984,2025-08-07 04:11:44,2026-01-06 18:10:16
6d3bc799-a672-4301-a363-efc16675824f,be9f512f-431f-4944-acfa-6004109ab86f,ADA-USD,crypto,14.551328,2.509865,2025-08-02 04:11:44,2025-12-25 03:39:00
cc67af2a-0816-42bf-be00-7297e8afc005,be9f512f-431f-4944-acfa-6004109ab86f,ITUB4.SA,stock,329.913453,28.962902,2025-07-28 04:11:44,2026-02-21 13:29:36
5c949f44-fab4-44ca-92de-0c0c6a512c02,be9f512f-431f-4944-acfa-6004109ab86f,DOGE-USD,crypto,4.391923,0.880106,2025-07-20 04:11:44,2026-02-16 19:30:28
e4803ccd-dfad-4666-a973-0ba3fdbe8e9f,be9f512f-431f-4944-acfa-6004109ab86f,ETH-USD,crypto,1.385335,16873.00371,2025-07-20 04:11:44,2026-01-28 07:34:49
dbcf9485-d95b-4228-b4d1-75c902cbb670,be9f512f-431f-4944-acfa-6004109ab86f,B3SA3.SA,stock,182.02495,11.989536,2025-07-29 04:11:44,2026-02-25 10:30:49
f7620dae-f2cb-4761-8349-3f6923f65d60,be9f512f-431f-4944-acfa-6004109ab86f,VALE3.SA,stock,586.904759,68.230387,2025-07-22 04:11:44,2025-12-31 23:34:19
2bc8dd38-1759-40df-a127-a073e57d0398,be9f512f-431f-4944-acfa-6004109ab86f,AMZN,stock,234.407144,942.034999,2025-08-04 04:11:44,2026-01-30 08:42:26
72fd99c3-fb66-441b-a1ae-9c72b56f55b0,73ed4904-a493-4bea-a775-f558e465c948,ADA-USD,crypto,17.822099,2.581475,2025-07-29 04:11:44,2026-02-26 16:04:28
dcbae116-c33a-4582-be9e-b9651cbd3d82,73ed4904-a493-4bea-a775-f558e465c948,VALE3.SA,stock,345.969587,64.382133,2025-08-06 04:11:44,2026-01-01 15:09:46
2c3df990-fe53-448d-a4da-3e9cc8c848a6,73ed4904-a493-4bea-a775-f558e465c948,MSFT,stock,342.032939,1866.987413,2025-07-20 04:11:44,2026-02-27 00:55:00
2e40295c-7c8d-4162-8b95-cf6fd4869f2b,759a93c2-da2a-47bf-a77c-f3bbd9cba352,ITUB4.SA,stock,527.267539,39.509825,2025-05-12 14:55:45,2026-02-25 11:25:50
438a2aed-a645-45ad-bb56-79ae430ea645,759a93c2-da2a-47bf-a77c-f3bbd9cba352,USD-BRL,fx,14300.207588,4.91288,2025-06-03 14:55:45,2025-12-23 21:17:25
152141dc-d02d-4396-8107-6f20adde8200,759a93c2-da2a-47bf-a77c-f3bbd9cba352,V,stock,897.522266,1447.214956,2025-05-30 14:55:45,2025-11-20 00:24:10
005533ae-9da5-4385-adaf-94652985bcb2,f5c9befb-d99c-4119-aa50-569c89a05c87,JPM,stock,624.72918,1015.387033,2025-05-13 14:55:45,2026-01-09 07:27:50
f2fd0441-dbbc-4a48-8680-24610e1373dc,f5c9befb-d99c-4119-aa50-569c89a05c87,JPY-BRL,fx,7949.948665,0.036356,2025-05-04 14:55:45,2026-02-06 10:17:21
e5d12ea1-ad02-4880-a52b-4eb999c5307a,f5c9befb-d99c-4119-aa50-569c89a05c87,ABEV3.SA,stock,551.950756,14.325194,2025-05-25 14:55:45,2026-01-23 16:56:26
2ef01be9-f208-48fd-a6b7-56ec8909dd10,f5c9befb-d99c-4119-aa50-569c89a05c87,V,stock,286.350143,1418.828339,2025-05-27 14:55:45,2025-12-26 07:42:42
76e2e7cc-2508-484b-ab00-0aad73a5aade,f5c9befb-d99c-4119-aa50-569c89a05c87,ETH-USD,crypto,18.639524,17909.411063,2025-05-05 14:55:45,2026-02-05 11:00:30
ce1f7bd3-0fc4-4c51-b24f-d51826aa7480,f5c9befb-d99c-4119-aa50-569c89a05c87,DOGE-USD,crypto,10.732889,0.917423,2025-05-03 14:55:45,2025-07-21 07:37:52
a720bd60-7fd6-4bc0-b125-46766a9a9e7c,f5c9befb-d99c-4119-aa50-569c89a05c87,AAPL,stock,422.761301,856.810481,2025-05-08 14:55:45,2026-02-23 23:24:57
c2ba4633-73dc-4be4-85ec-4bb04c54fe3d,8178fb09-74c8-4f94-a042-5564d35714c7,XRP-USD,crypto,10.175856,3.176638,2025-05-30 14:55:45,2026-01-29 18:42:37
7a4a3d32-5655-4a17-978c-963cc23662a0,8178fb09-74c8-4f94-a042-5564d35714c7,B3SA3.SA,stock,900.961139,11.568256,2025-05-31 14:55:45,2026-02-01 17:50:40
ad121929-54b6-4e60-9b51-085479396ffd,8178fb09-74c8-4f94-a042-5564d35714c7,MSFT,stock,59.967297,1939.39152,2025-05-26 14:55:45,2025-10-31 12:27:27
453af98c-8ec4-4102-929a-0a4da8163099,8178fb09-74c8-4f94-a042-5564d35714c7,ADA-USD,crypto,7.275094,2.450523,2025-05-30 14:55:45,2026-02-27 13:39:05
7595f6d9-396d-4396-bc45-17b0939ed105,8178fb09-74c8-4f94-a042-5564d35714c7,MGLU3.SA,stock,991.146518,7.204353,2025-05-15 14:55:45,2026-02-16 11:46:47
78d18186-149f-4e52-b56c-8a5f20e5f9fe,8178fb09-74c8-4f94-a042-5564d35714c7,VALE3.SA,stock,402.888903,64.471107,2025-05-27 14:55:45,2025-11-25 14:15:37
742043f1-84a8-4ba5-9f03-6ee640347316,8178fb09-74c8-4f94-a042-5564d35714c7,GOOGL,stock,497.156859,931.170219,2025-05-29 14:55:45,2026-02-27 16:19:23
c1d81abd-4a97-40e3-9ded-f5d00c78e0fd,8178fb09-74c8-4f94-a042-5564d35714c7,TSLA,stock,582.819093,1000.298724,2025-06-02 14:55:45,2026-02-26 05:22:28
07475d07-05ca-4f7f-8604-3358a87dabc4,8178fb09-74c8-4f94-a042-5564d35714c7,AVAX-USD,crypto,6.181833,414.145868,2025-05-09 14:55:45,2026-02-21 20:46:08
f64310de-2213-4fe4-9ce0-79b1d53c7475,8178fb09-74c8-4f94-a042-5564d35714c7,USD-BRL,fx,12551.997634,5.109852,2025-05-16 14:55:45,2026-01-11 03:48:38
067e0a3a-f331-4d2c-bfa0-838780a945dc,41a0fb35-7dec-4d0a-8dc7-95762611be2f,DOGE-USD,crypto,6.463566,0.816603,2026-01-24 13:03:54,2026-02-26 11:42:03
34ed2332-7da1-4511-9b4b-ad2872bd1ef6,41a0fb35-7dec-4d0a-8dc7-95762611be2f,VALE3.SA,stock,665.701379,66.375352,2026-01-13 13:03:54,2026-02-22 05:39:56
8b012702-9a0f-4827-bf31-1c62405125c1,41a0fb35-7dec-4d0a-8dc7-95762611be2f,ETH-USD,crypto,15.707032,17568.614647,2026-01-12 13:03:54,2026-02-19 00:05:57
329f51a3-0ff1-477d-b192-2673dce1a00a,c22b1449-f946-4c9c-9cc6-6e5118ae3509,AAPL,stock,537.849015,949.524266,2026-01-23 13:03:54,2026-02-09 21:36:25
b525287e-1183-4dda-b307-8dbc3bb4256d,c22b1449-f946-4c9c-9cc6-6e5118ae3509,RENT3.SA,stock,525.26875,60.194155,2026-01-19 13:03:54,2026-02-27 19:04:40
ac05e5de-e07f-4853-a1df-03e20c5b1bdd,c22b1449-f946-4c9c-9cc6-6e5118ae3509,VALE3.SA,stock,502.727997,61.991658,2026-01-01 13:03:54,2026-02-28 08:12:31
d0ad6d7b-8615-4410-a2f8-37ae98942a8f,c22b1449-f946-4c9c-9cc6-6e5118ae3509,BNB-USD,crypto,11.147422,1442.402412,2026-01-23 13:03:54,2026-02-24 23:05:05
88b5fd79-2ffd-4043-93d7-ad90d87d5a0e,c22b1449-f946-4c9c-9cc6-6e5118ae3509,AMZN,stock,269.444866,908.410933,2026-01-02 13:03:54,2026-02-28 22:50:47
2cf6aafd-458a-4522-adea-990edd2709d5,c22b1449-f946-4c9c-9cc6-6e5118ae3509,USD-BRL,fx,58043.018687,4.984701,2026-01-02 13:03:54,2026-02-28 18:51:26
b59d2680-e64a-406f-aef4-22680674b91b,7fd2ed41-d2c3-4143-93c6-944c7841bf8f,WMT,stock,626.195451,893.847376,2026-01-10 13:03:54,2026-02-19 11:12:18
fa024e1f-1c92-4ebb-9d31-99a52da87be9,7fd2ed41-d2c3-4143-93c6-944c7841bf8f,NVDA,stock,199.554511,4464.853992,2026-01-09 13:03:54,2026-02-20 07:45:23
31ee008d-17da-4836-abd3-b0fa4004b0c9,7fd2ed41-d2c3-4143-93c6-944c7841bf8f,AMZN,stock,452.133366,894.76436,2026-01-25 13:03:54,2026-02-28 22:46:25
525b461f-964e-4777-a1f1-3dbdc74f93ee,7fd2ed41-d2c3-4143-93c6-944c7841bf8f,MSFT,stock,487.201786,1826.143149,2026-01-22 13:03:54,2026-02-16 09:07:07
5745b7f1-135a-44b6-8bb8-581ce6873b86,7fd2ed41-d2c3-4143-93c6-944c7841bf8f,ITUB4.SA,stock,397.277572,32.569217,2026-01-14 13:03:54,2026-02-25 23:31:10
a3e32e51-a319-4fa0-b1c0-dd405b36b073,7fd2ed41-d2c3-4143-93c6-944c7841bf8f,V,stock,351.017219,1368.381872,2026-01-01 13:03:54,2026-02-08 11:43:46
4c1fcfaa-c390-4477-a34e-de6fc0ae50ae,7fd2ed41-d2c3-4143-93c6-944c7841bf8f,BBDC4.SA,stock,179.01879,14.454543,2026-01-19 13:03:54,2026-02-13 01:39:09
c6b09f09-2f72-4c86-b992-1bf14023ab4b,7fd2ed41-d2c3-4143-93c6-944c7841bf8f,BNB-USD,crypto,9.914104,1558.578121,2026-01-17 13:03:54,2026-02-25 19:46:32
146b0512-a81d-4dd6-9908-e216f0b1ba56,7fd2ed41-d2c3-4143-93c6-944c7841bf8f,AVAX-USD,crypto,13.538282,445.962538,2026-01-04 13:03:54,2026-02-22 23:34:40
e3702985-1733-48aa-8769-098b71c64e5d,7aa35250-9b4b-4eb6-9fc4-79ec475a084e,META,stock,1050.689111,2042.748645,2026-01-05 08:25:55,2026-02-23 06:10:22
130422c4-743c-4335-a3e0-4848c8ba9ea5,7aa35250-9b4b-4eb6-9fc4-79ec475a084e,SOL-USD,crypto,29.347576,617.345034,2026-01-07 08:25:55,2026-02-28 04:29:37
431e2f69-f479-40ac-9d9e-47272acad7c4,7aa35250-9b4b-4eb6-9fc4-79ec475a084e,ADA-USD,crypto,2.434737,2.369858,2026-01-04 08:25:55,2026-02-24 14:04:16
e29f3776-579b-428a-bb2e-0ca739b601bd,7aa35250-9b4b-4eb6-9fc4-79ec475a084e,BTC-USD,crypto,3.844544,278607.236172,2025-12-28 08:25:55,2026-02-16 04:13:19
75398d7c-02db-4263-b3d9-729a269beb84,7aa35250-9b4b-4eb6-9fc4-79ec475a084e,B3SA3.SA,stock,228.755772,10.770105,2026-01-13 08:25:55,2026-02-24 14:11:37
ee5edecd-8e22-4f73-a39a-b4902b592f6e,7aa35250-9b4b-4eb6-9fc4-79ec475a084e,AAPL,stock,1044.488629,958.604231,2025-12-21 08:25:55,2026-02-24 15:30:43
7a229f11-48b8-41bc-ada7-288eb8f5245b,4268fdf0-d632-46c5-a552-2a137790500c,PETR4.SA,stock,232.481625,40.896125,2025-12-17 08:25:55,2026-02-28 13:08:40
0acfe35e-134b-4723-8f7c-fbea41938fe8,4268fdf0-d632-46c5-a552-2a137790500c,ITUB4.SA,stock,549.903132,30.348808,2025-12-26 08:25:55,2026-02-20 23:52:06
82b660d1-1ea3-4d74-9ad1-9a4105f27997,4268fdf0-d632-46c5-a552-2a137790500c,ADA-USD,crypto,17.414526,2.550017,2026-01-10 08:25:55,2026-02-18 10:12:38
9326f9bd-86e1-4f99-998e-6ba5204394fb,4268fdf0-d632-46c5-a552-2a137790500c,EUR-BRL,fx,1145.785883,5.2022,2025-12-22 08:25:55,2026-02-23 08:37:43
209985e8-efc5-430e-9b91-56e4760e87d8,4268fdf0-d632-46c5-a552-2a137790500c,AMZN,stock,225.818646,982.810327,2026-01-01 08:25:55,2026-02-25 12:51:54
fa7fbb61-8b92-4318-a8cb-7ef2cec836bd,4268fdf0-d632-46c5-a552-2a137790500c,WMT,stock,916.359682,809.895514,2025-12-28 08:25:55,2026-02-13 03:57:01
ebdb1e00-efd5-47be-bf57-5e203cf5fdc6,4268fdf0-d632-46c5-a552-2a137790500c,GOOGL,stock,112.478933,861.161527,2025-12-31 08:25:55,2026-02-19 09:57:06
d6a57f07-0c0d-438d-b01f-ea5987780249,a1749345-fc52-40e0-a81d-f2ae78faeb63,AVAX-USD,crypto,16.03295,487.953775,2025-03-21 04:23:39,2026-01-20 14:25:50
7000abc2-dc41-4884-915d-2752f5d96a24,a1749345-fc52-40e0-a81d-f2ae78faeb63,ETH-USD,crypto,8.696065,16041.058672,2025-03-18 04:23:39,2026-01-23 04:04:50
fb00a3aa-8c4f-4956-ab94-12466aaa232e,a1749345-fc52-40e0-a81d-f2ae78faeb63,CHF-BRL,fx,48847.921726,5.67305,2025-03-25 04:23:39,2026-01-08 00:34:57
ffcb1954-e2d2-4a88-9ed0-7ed918c0c7ae,6d859e32-47fe-4947-9748-e6cc66ac5077,USD-BRL,fx,6249.721683,5.112167,2025-03-28 04:23:39,2025-12-31 02:37:49
f571611e-2f8a-49f4-a7be-d359a8bfa143,6d859e32-47fe-4947-9748-e6cc66ac5077,V,stock,461.562752,1323.220711,2025-03-26 04:23:39,2026-01-31 00:07:36
a9a05341-3835-44c0-8350-612c8f469c06,6d859e32-47fe-4947-9748-e6cc66ac5077,BNB-USD,crypto,17.351399,1346.735299,2025-04-07 04:23:39,2026-02-20 18:08:17
29d2c265-b511-4332-bfdb-b8bef78cb2d0,6d859e32-47fe-4947-9748-e6cc66ac5077,AAPL,stock,300.287239,1043.690745,2025-03-28 04:23:39,2026-02-25 00:16:14
702d3866-d1c2-43bf-ab35-ba5d42522bee,6d859e32-47fe-4947-9748-e6cc66ac5077,WMT,stock,755.252279,800.74663,2025-04-01 04:23:39,2025-12-26 12:09:00
7ed53239-b019-448b-b486-c0d4fe8057ac,6d859e32-47fe-4947-9748-e6cc66ac5077,JPY-BRL,fx,12525.28562,0.034615,2025-03-09 04:23:39,2026-01-13 18:51:21
f15a8d86-a276-4a39-8ac4-0819d2fe8254,6d859e32-47fe-4947-9748-e6cc66ac5077,MSFT,stock,54.366794,1804.979352,2025-03-20 04:23:39,2025-07-15 13:18:30
26b1baf0-f84d-4999-baaf-24fbc4691e3d,6d859e32-47fe-4947-9748-e6cc66ac5077,WEGE3.SA,stock,991.76819,53.223671,2025-03-12 04:23:39,2025-12-31 17:51:31
9e3b6bf9-c556-4040-96f5-09816b97427f,6d859e32-47fe-4947-9748-e6cc66ac5077,NVDA,stock,882.207085,4220.643376,2025-03-15 04:23:39,2026-02-15 12:07:12
19cac682-796c-43dd-b48b-1c3a885131c5,6d859e32-47fe-4947-9748-e6cc66ac5077,AVAX-USD,crypto,12.656476,460.043714,2025-03-19 04:23:39,2026-02-16 22:58:53
e0325f7a-d329-473d-8ad1-9b020239110b,ae1d7cf2-7439-452a-b6c3-bd4c8c42831c,JPY-BRL,fx,33161.526306,0.03436,2025-06-05 16:29:47,2026-01-08 14:12:09
eb1e4c9a-e89c-422c-9f9b-654151193095,ae1d7cf2-7439-452a-b6c3-bd4c8c42831c,LREN3.SA,stock,610.38621,16.856656,2025-05-22 16:29:47,2026-01-28 10:45:10
5fec9af5-d632-4c7d-b24b-f157dab7c0a0,ae1d7cf2-7439-452a-b6c3-bd4c8c42831c,TSLA,stock,457.494787,1092.745639,2025-05-12 16:29:47,2026-02-26 03:12:37
e0c57ad0-0c4a-4226-beed-49b635a2834d,ae1d7cf2-7439-452a-b6c3-bd4c8c42831c,META,stock,301.269919,2506.12591,2025-05-18 16:29:47,2026-02-20 10:00:49
9448c7f6-9d67-4641-bbc2-ec1b828c922b,ae1d7cf2-7439-452a-b6c3-bd4c8c42831c,BBDC4.SA,stock,670.178345,14.933895,2025-05-29 16:29:47,2026-02-17 02:26:16
43da3f6c-8733-42ca-a9d8-30eb9c63cdab,ae1d7cf2-7439-452a-b6c3-bd4c8c42831c,ITUB4.SA,stock,357.427811,32.333429,2025-05-24 16:29:47,2026-02-14 01:15:07
2acf4e6d-38b7-49d0-8f31-5e1c47ce47ae,55db952b-3673-4430-8ead-6b536f2af837,ADA-USD,crypto,15.652667,2.543749,2025-05-08 16:29:47,2026-01-13 09:34:35
4f9d9b64-8a35-4235-9436-98dfe0be50ea,55db952b-3673-4430-8ead-6b536f2af837,AVAX-USD,crypto,13.128312,455.833258,2025-05-08 16:29:47,2025-12-10 07:41:45
46d1f31e-5509-44f4-a713-a6d039b96a74,55db952b-3673-4430-8ead-6b536f2af837,BTC-USD,crypto,23.125999,298379.174329,2025-05-08 16:29:47,2026-02-11 05:32:13
065542e6-459e-43e1-bdaf-728dc170ddd4,55db952b-3673-4430-8ead-6b536f2af837,JPM,stock,863.310514,1003.657166,2025-05-09 16:29:47,2026-02-19 20:14:14
db74873e-6147-4c8a-a6f2-7ca7a2223f51,55db952b-3673-4430-8ead-6b536f2af837,PETR4.SA,stock,313.900949,39.175422,2025-05-22 16:29:47,2026-01-19 13:56:58
09aad7f5-7846-4c1d-8dd6-509e87b0efad,55db952b-3673-4430-8ead-6b536f2af837,WEGE3.SA,stock,236.019505,50.432833,2025-05-05 16:29:47,2026-02-02 19:25:09
ce517956-5743-4cec-82c9-279bcc9adb3d,55db952b-3673-4430-8ead-6b536f2af837,XRP-USD,crypto,3.902732,3.125638,2025-05-27 16:29:47,2025-12-26 04:36:09
dae25dc7-b6ee-41c3-849b-e3308550cd23,725c2a2b-e8d3-4679-911e-3a298ae24aec,AVAX-USD,crypto,6.635803,463.378219,2025-11-04 12:22:26,2026-02-28 05:53:28
27d8e3b2-b0f9-4192-b748-8379dae3dd2f,725c2a2b-e8d3-4679-911e-3a298ae24aec,ABEV3.SA,stock,502.623152,12.984875,2025-11-18 12:22:26,2026-01-21 10:52:53
f3451ed3-2c9c-48a5-9e2a-38b66bee2f4f,725c2a2b-e8d3-4679-911e-3a298ae24aec,AMZN,stock,278.806182,1002.674201,2025-11-06 12:22:26,2026-02-08 09:10:06
c0e91f0f-8b99-4597-9719-3441dbc80070,a0641a4f-a75b-4b74-9540-24143733a283,ADA-USD,crypto,6.332132,2.550098,2025-11-12 12:22:26,2026-02-20 00:13:44
977c2111-348f-4a04-9edd-af939d137293,a0641a4f-a75b-4b74-9540-24143733a283,GOOGL,stock,207.64955,894.796174,2025-11-11 12:22:26,2026-01-23 12:15:57
04bfc3be-f5cf-4f83-b392-a5f87b8df27b,a0641a4f-a75b-4b74-9540-24143733a283,ETH-USD,crypto,11.624036,17946.055257,2025-11-08 12:22:26,2026-02-25 17:35:36
16bfe364-367d-40e2-82d1-77b8a5d86758,a0641a4f-a75b-4b74-9540-24143733a283,BBDC4.SA,stock,385.979515,14.089362,2025-11-16 12:22:26,2026-02-16 15:01:08
0f0115e5-4e71-470c-9da5-7670534e744c,a0641a4f-a75b-4b74-9540-24143733a283,XRP-USD,crypto,12.342313,3.147941,2025-11-24 12:22:26,2026-02-19 06:40:40
183f2b41-d415-4332-9455-9733544e65ad,a0641a4f-a75b-4b74-9540-24143733a283,TSLA,stock,593.103184,1128.281635,2025-11-05 12:22:26,2026-02-27 18:19:52
198b5410-cc33-4d82-ae36-298caf10c0f1,a0641a4f-a75b-4b74-9540-24143733a283,JPM,stock,495.760711,978.316952,2025-11-14 12:22:26,2026-02-26 09:00:19
474702fe-955a-48ea-be24-9a2aedcd3312,3a141ad3-86eb-403d-b59e-5218b4a5753c,USD-BRL,fx,31603.700602,5.11064,2025-07-20 07:08:21,2025-11-09 15:23:16
5d74df4b-e0a1-4a22-8197-163b23af60b8,3a141ad3-86eb-403d-b59e-5218b4a5753c,AAPL,stock,1200.142967,1119.374725,2025-07-02 07:08:21,2026-02-25 17:33:38
4b165025-e16a-4a54-abd7-653e74a748dd,3a141ad3-86eb-403d-b59e-5218b4a5753c,ABEV3.SA,stock,490.825872,13.583337,2025-07-25 07:08:21,2025-12-29 11:49:49
3a272d49-32ff-4b7c-9152-b7e82b9e59e4,3a141ad3-86eb-403d-b59e-5218b4a5753c,VALE3.SA,stock,313.137641,60.462935,2025-07-06 07:08:21,2026-02-17 04:05:23
6c17e350-015a-4c79-9550-607333e66db4,3a141ad3-86eb-403d-b59e-5218b4a5753c,ITUB4.SA,stock,972.020892,30.938576,2025-07-14 07:08:21,2026-02-11 18:02:09
2fe9764f-d38a-4071-83b0-47448569f89d,3a141ad3-86eb-403d-b59e-5218b4a5753c,META,stock,962.519434,2266.1927,2025-07-23 07:08:21,2026-02-24 04:48:01
a24618ec-bf9c-4d81-a03d-76b40ddac1fa,3a141ad3-86eb-403d-b59e-5218b4a5753c,B3SA3.SA,stock,390.835442,12.522695,2025-07-02 07:08:21,2025-11-30 14:44:54
1c696375-9d11-4499-b4fa-fbcfd885f925,3a141ad3-86eb-403d-b59e-5218b4a5753c,BTC-USD,crypto,12.470072,278356.543314,2025-07-23 07:08:21,2026-02-15 11:31:29
92a3a300-057d-4897-af09-de307b595985,7515f744-8584-4b29-8ccc-8bb4a8a48354,BTC-USD,crypto,11.274638,295688.1065,2025-07-02 07:08:21,2026-02-06 21:44:28
65706f55-b95d-41ce-a68b-ce2bbd1d69e3,7515f744-8584-4b29-8ccc-8bb4a8a48354,GOOGL,stock,88.25177,880.999924,2025-07-05 07:08:21,2026-01-28 12:48:59
7b775878-5a2c-43e7-a79e-852371fd7f4e,7515f744-8584-4b29-8ccc-8bb4a8a48354,ABEV3.SA,stock,369.568138,13.629313,2025-07-08 07:08:21,2026-02-28 07:58:39
1ada329d-5afa-42ca-a7bb-919890eccea9,7515f744-8584-4b29-8ccc-8bb4a8a48354,EUR-BRL,fx,9790.798442,5.65257,2025-07-08 07:08:21,2026-02-06 01:38:04
a944483e-a937-4201-971d-97861586cf1b,7515f744-8584-4b29-8ccc-8bb4a8a48354,ADA-USD,crypto,3.814643,2.445539,2025-07-12 07:08:21,2026-02-18 17:54:37
bc683171-ada2-4b52-a10d-c465e14f3c96,7515f744-8584-4b29-8ccc-8bb4a8a48354,DOGE-USD,crypto,6.287008,0.863815,2025-07-23 07:08:21,2026-02-07 02:52:16
bcaa77c8-a508-4e01-b56d-ec93304ec90d,7515f744-8584-4b29-8ccc-8bb4a8a48354,RENT3.SA,stock,139.002805,51.904201,2025-07-19 07:08:21,2025-12-02 16:19:16
82d1877c-0c2d-4206-8108-2b81be710d2a,fdd5d4ba-e700-4840-b11b-1d4e2d873f35,CHF-BRL,fx,21751.419404,5.688629,2025-07-17 07:08:21,2026-02-17 13:04:30
76648212-fdb8-409d-bfdf-8da54ce9b51b,fdd5d4ba-e700-4840-b11b-1d4e2d873f35,DOGE-USD,crypto,3.717973,0.884117,2025-07-07 07:08:21,2026-02-08 10:19:25
68c97607-4916-49a6-aef2-3ec5a9ec9283,fdd5d4ba-e700-4840-b11b-1d4e2d873f35,WMT,stock,826.026053,777.961814,2025-06-30 07:08:21,2026-02-01 02:21:38
8b76614e-d153-4023-b0d0-4cee4b61fae1,fdd5d4ba-e700-4840-b11b-1d4e2d873f35,AAPL,stock,846.956421,966.150468,2025-07-15 07:08:21,2026-02-23 23:01:59
99e85c8f-1e18-44c1-8603-5610ff72f86a,fdd5d4ba-e700-4840-b11b-1d4e2d873f35,NVDA,stock,273.30137,4419.149819,2025-07-07 07:08:21,2025-12-08 23:45:11
df7b1812-1fc4-4916-9392-b2ff3f61ee56,fdd5d4ba-e700-4840-b11b-1d4e2d873f35,VALE3.SA,stock,80.844534,63.824236,2025-07-12 07:08:21,2025-10-13 04:17:20
0f55c9e0-ef0b-492e-ad2b-5e619eac2f05,fdd5d4ba-e700-4840-b11b-1d4e2d873f35,MGLU3.SA,stock,610.668069,5.463886,2025-07-27 07:08:21,2026-02-16 07:51:22
e42da141-e18e-47bc-b7b1-779f0f773135,fdd5d4ba-e700-4840-b11b-1d4e2d873f35,XRP-USD,crypto,12.474169,3.076518,2025-07-11 07:08:21,2025-12-04 15:00:36
0d3b47a6-a363-47e2-a586-a360fa0b7e74,44ad7d78-af7f-497d-9fd0-06b73e277e9b,WMT,stock,893.327655,780.794821,2025-05-12 03:09:16,2026-02-24 15:28:58
910da002-9fa9-4247-a25a-434e16c46eba,44ad7d78-af7f-497d-9fd0-06b73e277e9b,PETR4.SA,stock,322.544211,36.962998,2025-04-24 03:09:16,2026-01-14 18:04:49
44d4b053-709c-43df-bab4-fa1522844111,44ad7d78-af7f-497d-9fd0-06b73e277e9b,AAPL,stock,210.23437,924.843936,2025-04-18 03:09:16,2026-02-02 00:38:38
b8082eba-0053-46c5-821a-ab92b827e4af,44ad7d78-af7f-497d-9fd0-06b73e277e9b,ETH-USD,crypto,11.738404,15722.768315,2025-04-23 03:09:16,2026-01-03 22:44:07
5d28fb98-6baa-4260-b3ec-06f99d2f9e91,44ad7d78-af7f-497d-9fd0-06b73e277e9b,BNB-USD,crypto,1.965273,1590.336936,2025-04-18 03:09:16,2026-02-14 15:25:53
0bbd4b40-11db-4708-87cc-e66c5c6d3592,9f14b5c7-a993-499c-99c1-7942ba24b32f,V,stock,405.904979,1325.972773,2025-04-22 03:09:16,2026-02-07 22:26:20
90054f21-6f0b-4424-bef3-7d3911405efd,9f14b5c7-a993-499c-99c1-7942ba24b32f,BNB-USD,crypto,17.279183,1353.485859,2025-05-08 03:09:16,2026-02-23 16:07:40
02be5330-8e0c-4761-87a6-3d8242cdd95d,9f14b5c7-a993-499c-99c1-7942ba24b32f,NVDA,stock,225.448996,4796.286563,2025-05-06 03:09:16,2026-02-14 01:50:28
cafd21ca-eb0f-483e-9b63-d12506551a31,9f14b5c7-a993-499c-99c1-7942ba24b32f,MSFT,stock,331.93997,2070.062751,2025-05-10 03:09:16,2026-02-26 11:10:54
360bfd87-4f21-4d2e-88bd-f0509c15ba39,9f14b5c7-a993-499c-99c1-7942ba24b32f,VALE3.SA,stock,944.030216,56.179627,2025-05-07 03:09:16,2026-02-16 02:11:06
bd39cfca-4687-4a01-9a09-80083e5de7bc,1b56c573-008f-41f7-b07b-ac4066a80e62,B3SA3.SA,stock,152.224694,10.998341,2025-05-27 03:40:28,2026-02-06 07:53:54
30f8922e-e281-422c-bbc8-aeaf680aa762,1b56c573-008f-41f7-b07b-ac4066a80e62,ITUB4.SA,stock,370.884509,33.288942,2025-06-09 03:40:28,2026-02-22 00:33:42
30913cbd-8018-4078-9a8a-36a3c61f8f58,1b56c573-008f-41f7-b07b-ac4066a80e62,WEGE3.SA,stock,404.275936,54.5918,2025-06-23 03:40:28,2026-02-13 00:22:29
518b3246-457f-4f53-9904-750bdcde48aa,1b56c573-008f-41f7-b07b-ac4066a80e62,ADA-USD,crypto,4.009201,2.43071,2025-05-30 03:40:28,2026-02-23 09:38:36
d897a4b1-7c25-4230-b70c-8691a04a5570,1b56c573-008f-41f7-b07b-ac4066a80e62,DOGE-USD,crypto,7.262944,0.926867,2025-06-24 03:40:28,2026-02-24 04:03:32
d33a9dd0-10b4-44e2-9dbe-13b96efcdbd1,1b56c573-008f-41f7-b07b-ac4066a80e62,WMT,stock,357.795481,887.255641,2025-06-19 03:40:28,2026-02-12 23:49:37
17584848-9c2f-4043-b5cd-dbb7b50e18da,1b56c573-008f-41f7-b07b-ac4066a80e62,XRP-USD,crypto,11.023788,3.147394,2025-06-10 03:40:28,2026-02-13 21:56:15
74e9aece-64bf-45c3-acd6-76ff45670ff5,6dd47257-43d1-4476-8c08-0b8c2eb896b0,JPY-BRL,fx,22812.517655,0.036477,2025-08-11 22:40:55,2025-12-02 14:35:37
158dec30-0740-4619-b20c-fef83c2f3233,6dd47257-43d1-4476-8c08-0b8c2eb896b0,TSLA,stock,291.43723,1096.405965,2025-08-13 22:40:55,2025-12-16 07:47:54
e6d2de25-0810-4904-b431-7c2e2a42e377,6dd47257-43d1-4476-8c08-0b8c2eb896b0,MSFT,stock,961.371877,1684.485918,2025-07-22 22:40:55,2026-02-22 17:25:44
a89b1d8b-f6a9-486b-897a-e8172b284cde,6dd47257-43d1-4476-8c08-0b8c2eb896b0,ETH-USD,crypto,9.31883,18216.798622,2025-07-22 22:40:55,2026-02-20 22:53:14
c478bbf6-28fe-439d-8411-44b375686133,6dd47257-43d1-4476-8c08-0b8c2eb896b0,SOL-USD,crypto,7.062315,743.77782,2025-08-03 22:40:55,2026-02-24 05:01:38
16dfbc89-fc15-4cb4-88d0-808e190ebf89,f73aa810-b309-43e0-a0cd-16cd9da5f687,GBP-BRL,fx,6532.405408,6.459895,2025-07-22 22:40:55,2026-02-21 15:49:16
3c117cd8-3140-4913-90f1-dfa51a176de1,f73aa810-b309-43e0-a0cd-16cd9da5f687,XRP-USD,crypto,16.244223,2.747275,2025-08-16 22:40:55,2026-02-20 11:07:56
c9ab2c77-81f4-44b2-bcb0-4affeaff1ea8,f73aa810-b309-43e0-a0cd-16cd9da5f687,META,stock,547.999576,2262.617747,2025-07-22 22:40:55,2026-02-25 17:39:21
12cb6cd7-603e-4cb9-a8a8-93c29d3c7acc,f73aa810-b309-43e0-a0cd-16cd9da5f687,WMT,stock,512.032929,866.827521,2025-07-17 22:40:55,2026-02-13 17:28:48
ba287e04-5c79-4238-b397-b8d5274352a4,f73aa810-b309-43e0-a0cd-16cd9da5f687,DOGE-USD,crypto,33.070358,1.077611,2025-08-10 22:40:55,2026-01-25 04:23:04
9da7d3bc-5728-4744-8a91-2d19c655fec7,f73aa810-b309-43e0-a0cd-16cd9da5f687,SOL-USD,crypto,12.29778,757.933173,2025-08-12 22:40:55,2026-02-19 19:31:19
00db9aa9-dbee-4186-9df6-fd51806afa81,f73aa810-b309-43e0-a0cd-16cd9da5f687,VALE3.SA,stock,510.723619,60.059493,2025-08-01 22:40:55,2026-02-23 04:56:09
0e5a6338-4aa6-4a57-8b1a-d96973773964,f73aa810-b309-43e0-a0cd-16cd9da5f687,BBDC4.SA,stock,512.264338,13.990596,2025-07-21 22:40:55,2026-02-18 03:25:00
6d2cd136-1173-4d63-b9cf-34c60e562076,f73aa810-b309-43e0-a0cd-16cd9da5f687,JPY-BRL,fx,40294.586752,0.036406,2025-08-09 22:40:55,2026-01-28 02:25:36
a9e7a636-24a2-45ae-a801-f37494bf4e77,dac91f29-2223-4732-a661-19be7e1f05ab,ETH-USD,crypto,16.780754,19068.312321,2025-07-27 22:40:55,2026-02-15 09:53:51
c2b8aa26-0d99-43b8-9ca5-632d9144b27d,dac91f29-2223-4732-a661-19be7e1f05ab,AAPL,stock,603.511201,883.80494,2025-08-04 22:40:55,2026-02-20 12:03:44
cb53ea42-6667-4d26-abca-ab359b8fd5a1,dac91f29-2223-4732-a661-19be7e1f05ab,RENT3.SA,stock,434.74426,53.383866,2025-07-31 22:40:55,2026-02-12 06:58:18
dce257ec-b2db-4461-a660-651aff3c6914,dac91f29-2223-4732-a661-19be7e1f05ab,MGLU3.SA,stock,348.823807,7.562929,2025-07-29 22:40:55,2026-02-28 14:40:05
0a003ecc-e1d8-475a-9856-af8ddf9fe24d,dac91f29-2223-4732-a661-19be7e1f05ab,MSFT,stock,379.447957,1514.963394,2025-08-23 22:40:55,2026-02-17 07:05:01
ca92f7ed-16b4-4f48-b689-9537b559a8f0,b74359f7-0dee-4304-b0ec-d8d90975729b,DOGE-USD,crypto,9.419085,0.940886,2025-07-01 20:21:08,2026-02-13 21:43:31
a8cc7fca-6c61-4a21-84cb-4532342dd881,b74359f7-0dee-4304-b0ec-d8d90975729b,BTC-USD,crypto,16.93243,305790.856749,2025-06-12 20:21:08,2026-02-26 23:15:51
e62c411c-f5d0-43ff-8254-6d3eec7ca925,b74359f7-0dee-4304-b0ec-d8d90975729b,NVDA,stock,1105.927889,4588.333782,2025-07-01 20:21:08,2026-02-19 05:00:24
0a2e696f-a723-4c12-83b7-9686005d07f6,b74359f7-0dee-4304-b0ec-d8d90975729b,B3SA3.SA,stock,1326.005595,11.574267,2025-06-24 20:21:08,2026-02-25 05:33:06
ddd137c6-14b2-4ee5-a969-922c8aaee0a8,0fe02272-a7bd-4641-8c80-897d5c359252,AMZN,stock,296.656334,1034.393896,2025-07-06 20:21:08,2026-02-16 11:23:27
06da800c-d762-4c89-b5e0-cfbb6e5436d2,0fe02272-a7bd-4641-8c80-897d5c359252,V,stock,69.023377,1388.817601,2025-07-04 20:21:08,2026-02-24 07:46:19
2de36bf3-44a3-4e37-9831-ce991394de4b,0fe02272-a7bd-4641-8c80-897d5c359252,META,stock,402.775246,2277.060265,2025-07-03 20:21:08,2026-01-30 08:09:30
eed9e295-be16-49b0-9d3d-ec2aa79df65b,0fe02272-a7bd-4641-8c80-897d5c359252,USD-BRL,fx,60951.358307,4.80066,2025-07-01 20:21:08,2026-02-24 05:53:06
0ded21db-ae3a-4a9b-8f4e-6e023bbaab9e,0fe02272-a7bd-4641-8c80-897d5c359252,DOGE-USD,crypto,8.578518,0.92711,2025-07-02 20:21:08,2025-12-18 08:24:08
ad5c1795-a6b9-44f8-b806-15a949fb9e21,0fe02272-a7bd-4641-8c80-897d5c359252,VALE3.SA,stock,378.929347,65.110629,2025-07-03 20:21:08,2026-01-19 18:12:20
9500aa96-e55d-4ce7-899f-f2149a78488b,af2e638b-3c55-4885-8570-4e8f2a324131,AVAX-USD,crypto,14.859401,509.833689,2025-10-22 12:42:16,2026-02-23 02:01:08
65ad4e1c-9378-439c-9925-c637101ddba4,af2e638b-3c55-4885-8570-4e8f2a324131,JPM,stock,270.293009,972.258207,2025-10-28 12:42:16,2026-02-26 21:56:23
a3dc3bf7-aa99-45eb-892d-d3be38b27bce,af2e638b-3c55-4885-8570-4e8f2a324131,ITUB4.SA,stock,638.455027,29.655694,2025-11-20 12:42:16,2026-02-15 20:46:10
e605e177-370b-4638-9cb4-d3650c1cbeeb,af2e638b-3c55-4885-8570-4e8f2a324131,LREN3.SA,stock,652.203921,18.974981,2025-11-07 12:42:16,2026-02-28 23:28:11
3eee0a7b-f16c-40fa-a3cb-c2d072575601,972b2f5b-d2cc-4baa-8b7c-45aad6bcc31e,AAPL,stock,275.505569,959.274064,2025-11-10 12:42:16,2026-02-12 14:30:36
ae394f08-69d3-40cc-bb2c-c846a945753b,972b2f5b-d2cc-4baa-8b7c-45aad6bcc31e,ITUB4.SA,stock,482.442614,31.835336,2025-11-17 12:42:16,2026-02-25 23:30:20
2ee9f039-4632-44f4-813e-ba32f459ef41,972b2f5b-d2cc-4baa-8b7c-45aad6bcc31e,RENT3.SA,stock,370.962571,57.574917,2025-11-17 12:42:16,2026-02-27 07:33:51
4badc3e0-ef92-40a6-994d-db6d443290e1,972b2f5b-d2cc-4baa-8b7c-45aad6bcc31e,BTC-USD,crypto,3.783239,292861.626333,2025-11-04 12:42:16,2026-02-02 01:02:45
9632261a-ec83-4251-87be-6f5127b16998,972b2f5b-d2cc-4baa-8b7c-45aad6bcc31e,VALE3.SA,stock,834.121605,60.717823,2025-11-09 12:42:16,2026-02-15 02:13:23
2c181fb8-6e51-4bf6-accf-92f57ee48926,972b2f5b-d2cc-4baa-8b7c-45aad6bcc31e,GOOGL,stock,311.549861,928.860479,2025-10-23 12:42:16,2026-02-27 02:02:10
1b6aa504-f1fd-4d44-b8f2-b41035420cfe,972b2f5b-d2cc-4baa-8b7c-45aad6bcc31e,USD-BRL,fx,13306.582352,5.353178,2025-11-17 12:42:16,2026-02-16 02:21:22
a6a45e77-0e0c-4f18-9c9f-658f8d7fb53f,ff0860e0-d24b-4432-97d2-df1ab2c85ac3,ETH-USD,crypto,16.423772,17391.602411,2025-10-27 12:13:43,2026-02-20 14:25:50
51847141-41ef-405b-9f5f-7ffc1f7e840e,ff0860e0-d24b-4432-97d2-df1ab2c85ac3,JPM,stock,753.1121,1043.76139,2025-10-25 12:13:43,2026-02-23 12:16:46
1b4def63-3ca5-46e5-b671-7b907a534de2,ff0860e0-d24b-4432-97d2-df1ab2c85ac3,GOOGL,stock,327.891048,913.477338,2025-10-31 12:13:43,2026-02-08 08:11:10
058d3edf-41e6-41e0-bf36-a4cc4ef4cac1,ff0860e0-d24b-4432-97d2-df1ab2c85ac3,EUR-BRL,fx,24695.636459,5.286996,2025-11-11 12:13:43,2026-02-20 06:08:53
bf10b098-2e3a-4f16-8fa8-a76a5a666642,ff0860e0-d24b-4432-97d2-df1ab2c85ac3,USD-BRL,fx,16574.387634,5.175125,2025-11-20 12:13:43,2026-02-28 12:21:04
9ba0e707-f8ce-472d-ba2c-2332aaaf4908,ff0860e0-d24b-4432-97d2-df1ab2c85ac3,B3SA3.SA,stock,669.300521,12.419397,2025-11-21 12:13:43,2026-02-10 22:32:45
800d0ee0-d7d4-468d-ae7d-3e5bbd466938,ff0860e0-d24b-4432-97d2-df1ab2c85ac3,VALE3.SA,stock,296.949184,61.714786,2025-11-12 12:13:43,2026-02-27 13:19:28
44c84398-c658-4edd-a852-d4cbde77eb47,ff0860e0-d24b-4432-97d2-df1ab2c85ac3,MSFT,stock,1354.743748,1842.490104,2025-11-04 12:13:43,2026-02-19 18:41:00
0a86d43f-cc4e-4ce8-984e-83ec52abae41,6ab4aaed-fd72-4c5c-ac49-7959881a30cb,BTC-USD,crypto,14.995326,294382.8686,2025-10-13 16:20:50,2026-02-05 13:18:05
5b64a43c-a5c7-4aa2-8382-5a1199bd1210,6ab4aaed-fd72-4c5c-ac49-7959881a30cb,DOGE-USD,crypto,2.004645,0.833523,2025-10-15 16:20:50,2026-01-31 18:15:34
83b9340c-1c28-4f5d-a484-2e53dcb29f69,6ab4aaed-fd72-4c5c-ac49-7959881a30cb,BNB-USD,crypto,24.783746,1410.096097,2025-10-11 16:20:50,2026-02-27 21:21:45
bb591d3a-3657-4eec-8f21-855a1e6dfe4d,6ab4aaed-fd72-4c5c-ac49-7959881a30cb,JPY-BRL,fx,25599.893964,0.033606,2025-10-14 16:20:50,2026-02-18 06:29:07
0966ff16-8174-40d4-8a84-ca2f6572a44a,6ab4aaed-fd72-4c5c-ac49-7959881a30cb,PETR4.SA,stock,240.929829,35.094488,2025-10-18 16:20:50,2026-02-22 07:51:19
2d62780e-0f7a-428d-a1e2-e7ba31b63a7a,6ab4aaed-fd72-4c5c-ac49-7959881a30cb,GBP-BRL,fx,27439.299306,6.679154,2025-10-08 16:20:50,2026-01-30 10:14:09
a3944c59-6b3a-487d-af71-d40a1dcaa06c,6ab4aaed-fd72-4c5c-ac49-7959881a30cb,NVDA,stock,867.877573,3912.991338,2025-10-25 16:20:50,2026-02-28 16:56:36
4af86ae1-ca88-4540-ac8f-9c085c07269e,6ab4aaed-fd72-4c5c-ac49-7959881a30cb,AMZN,stock,114.432696,1023.377068,2025-10-13 16:20:50,2026-02-21 08:35:09
aaea30ca-b3a9-43b4-928f-3d9d1a57b93c,6ab4aaed-fd72-4c5c-ac49-7959881a30cb,ETH-USD,crypto,13.091073,15950.600495,2025-10-10 16:20:50,2026-02-28 15:23:53
a4bd0aaf-57b8-4042-8193-747d95357cbd,7f922237-1370-4b9f-ab0b-ad35bdd76b54,GBP-BRL,fx,16275.120964,6.360558,2025-10-18 16:20:50,2026-02-21 12:58:53
05325eba-426c-4cef-bd8c-deb6008d341d,7f922237-1370-4b9f-ab0b-ad35bdd76b54,RENT3.SA,stock,900.551882,54.981059,2025-10-09 16:20:50,2026-02-11 00:14:42
c760d8f7-e02d-498e-acb0-21fef41c512e,7f922237-1370-4b9f-ab0b-ad35bdd76b54,BTC-USD,crypto,13.169506,273825.819873,2025-10-30 16:20:50,2026-01-28 00:09:29
bd3f0857-1f08-4fd3-a8e9-ce66b52d6c68,7f922237-1370-4b9f-ab0b-ad35bdd76b54,NVDA,stock,856.196022,4277.35956,2025-10-09 16:20:50,2026-02-18 02:43:27
1da14d26-0145-4826-b9da-97d083c2abad,7f922237-1370-4b9f-ab0b-ad35bdd76b54,MSFT,stock,1140.565325,1907.983752,2025-11-04 16:20:50,2026-02-21 13:29:27
1fed56c1-1b89-4efa-97db-1ce019e9eb91,7f922237-1370-4b9f-ab0b-ad35bdd76b54,MGLU3.SA,stock,595.88185,7.019632,2025-10-24 16:20:50,2026-02-23 20:31:27
f96a4216-6c90-4f44-a424-6daac40f564a,7f922237-1370-4b9f-ab0b-ad35bdd76b54,ITUB4.SA,stock,645.30965,30.713878,2025-10-06 16:20:50,2026-01-13 08:32:10
5103dd5f-c7f0-43d6-8ceb-49e8402c1a77,7f922237-1370-4b9f-ab0b-ad35bdd76b54,JPY-BRL,fx,4942.497081,0.033688,2025-10-10 16:20:50,2026-01-24 15:01:41
ddd423ef-5ef4-4d1c-9870-df00c6d9712d,7f922237-1370-4b9f-ab0b-ad35bdd76b54,META,stock,376.920406,2299.901111,2025-10-18 16:20:50,2026-02-22 17:47:55
81c72309-4558-4f4f-a5f6-9a062b2bd3e3,7f922237-1370-4b9f-ab0b-ad35bdd76b54,CHF-BRL,fx,17172.080975,5.771832,2025-10-20 16:20:50,2026-02-10 05:22:21
34c5ce87-11f9-4a2c-b237-bfca846f3efa,2668ba00-8811-4a30-a742-f899183afe27,AVAX-USD,crypto,9.899892,438.211318,2025-10-18 07:40:27,2026-02-06 18:17:21
390515ab-2e6e-4284-b5ce-bd8a210cabc8,2668ba00-8811-4a30-a742-f899183afe27,MSFT,stock,65.578874,1873.570692,2025-10-20 07:40:27,2026-02-08 14:39:03
e30913e2-31c4-4a98-b8e5-d08aac9de44d,2668ba00-8811-4a30-a742-f899183afe27,JPM,stock,354.363974,1013.829322,2025-11-04 07:40:27,2026-02-04 01:18:24
3c61ec9f-790d-47d0-b7dd-57f596a162d3,2668ba00-8811-4a30-a742-f899183afe27,AAPL,stock,653.807039,901.601631,2025-10-18 07:40:27,2026-02-09 05:39:18
f9dfb7fa-70a8-4e53-9322-c1502ed46db3,2668ba00-8811-4a30-a742-f899183afe27,USD-BRL,fx,10978.651589,5.074639,2025-11-02 07:40:27,2026-02-28 13:08:40
a9b98b0b-8c06-4ac7-ba79-365251850e7f,2668ba00-8811-4a30-a742-f899183afe27,WEGE3.SA,stock,275.930435,48.198606,2025-11-06 07:40:27,2026-02-24 21:45:03
44b95665-fa5e-429c-8624-2a6d7b28e404,2668ba00-8811-4a30-a742-f899183afe27,BTC-USD,crypto,4.365107,280866.516005,2025-11-04 07:40:27,2026-02-22 05:25:10
9027b6cb-813c-4f35-a871-a9c06c8eb787,2668ba00-8811-4a30-a742-f899183afe27,WMT,stock,466.388231,879.228526,2025-11-06 07:40:27,2026-02-17 02:53:27
f2b28774-5a87-4303-9ee7-31688c065adf,2454cb3c-3062-4995-a6a0-e35cf160a2af,LREN3.SA,stock,545.287563,19.206246,2025-09-05 11:15:19,2026-02-24 20:18:04
ac5b995d-b85d-4db9-a660-3b9548219534,2454cb3c-3062-4995-a6a0-e35cf160a2af,ABEV3.SA,stock,812.357023,13.508151,2025-08-11 11:15:19,2026-02-20 12:13:06
bb381d28-fda2-4d71-aec7-867b6180881c,2454cb3c-3062-4995-a6a0-e35cf160a2af,V,stock,626.886501,1479.454973,2025-08-18 11:15:19,2026-02-15 15:02:52
cfe4301b-d11c-49e5-a7df-26d354d3f938,30f63caf-4fee-42a7-99fb-dec2e019ac4f,ITUB4.SA,stock,289.122511,32.763775,2025-08-22 11:15:19,2026-01-13 11:01:11
b6c177b3-0840-411c-952e-c2da4082a901,30f63caf-4fee-42a7-99fb-dec2e019ac4f,AVAX-USD,crypto,5.75304,446.371893,2025-08-28 11:15:19,2025-12-26 08:39:54
0fbe5980-4553-455d-9ede-b206ad2428b9,30f63caf-4fee-42a7-99fb-dec2e019ac4f,ABEV3.SA,stock,285.032993,14.736358,2025-08-25 11:15:19,2026-02-28 18:55:37
1408ecfa-6221-45ba-9bfd-67e4637b5f7a,30f63caf-4fee-42a7-99fb-dec2e019ac4f,B3SA3.SA,stock,483.06757,12.052128,2025-08-09 11:15:19,2026-02-11 21:19:58
d4424217-5bcc-4e01-80e6-a1255a4ac32d,30f63caf-4fee-42a7-99fb-dec2e019ac4f,USD-BRL,fx,9579.556454,5.059639,2025-08-30 11:15:19,2025-12-18 16:34:32
1e2d4c8f-b031-40d1-86d9-3f613152a7e1,fefa9f7b-ad41-48db-81e5-a1c48859718b,BNB-USD,crypto,5.776891,1503.868961,2025-02-04 07:00:24,2025-12-21 18:16:03
8dc78df8-1ee3-481c-a25e-7bfce4961810,fefa9f7b-ad41-48db-81e5-a1c48859718b,NVDA,stock,728.088862,4745.88123,2025-03-01 07:00:24,2026-01-06 10:03:17
e4a46480-712a-45a9-9d37-293bfa03813a,fefa9f7b-ad41-48db-81e5-a1c48859718b,RENT3.SA,stock,339.073223,54.967552,2025-02-15 07:00:24,2026-01-08 07:20:19
5fc1cf48-0bfa-4f8e-b6fa-21c0afca8a88,fefa9f7b-ad41-48db-81e5-a1c48859718b,ADA-USD,crypto,19.948657,2.503581,2025-03-02 07:00:24,2025-11-22 21:30:32
924e0a9b-30a5-4173-abe8-9ee3374c4df2,fefa9f7b-ad41-48db-81e5-a1c48859718b,PETR4.SA,stock,1014.256924,43.116676,2025-02-07 07:00:24,2026-02-25 02:57:30
2c8c93f5-4626-4fcf-a8d9-eba6f09a1061,fefa9f7b-ad41-48db-81e5-a1c48859718b,GOOGL,stock,602.159649,929.035945,2025-02-04 07:00:24,2026-02-17 00:33:31
387fcb1e-2581-4922-b1c8-1ccdf185690c,fefa9f7b-ad41-48db-81e5-a1c48859718b,JPM,stock,431.264094,1046.481579,2025-01-31 07:00:24,2026-01-22 04:30:01
0ce2f00e-b1c7-4589-a07c-891c8ef3a370,fefa9f7b-ad41-48db-81e5-a1c48859718b,VALE3.SA,stock,229.016806,57.087156,2025-03-01 07:00:24,2026-02-25 20:13:01
7ffea23f-531f-4cb3-aa8e-0c8dc6ab23f5,fefa9f7b-ad41-48db-81e5-a1c48859718b,EUR-BRL,fx,46129.310811,4.904258,2025-02-01 07:00:24,2026-02-09 17:52:46
c4da87be-d274-46db-9207-e6dcde406690,0ac0a0ba-b30c-4bfa-98ca-a10ee1562082,MGLU3.SA,stock,664.22527,6.892608,2025-02-08 07:00:24,2026-02-14 07:05:37
398b92df-a2ac-48e9-9dfd-8f1c8d777dda,0ac0a0ba-b30c-4bfa-98ca-a10ee1562082,CHF-BRL,fx,28400.47291,6.595273,2025-02-23 07:00:24,2025-12-13 08:20:25
86cf62c9-4304-4615-a9db-da5fad35896e,0ac0a0ba-b30c-4bfa-98ca-a10ee1562082,V,stock,536.33372,1331.271802,2025-02-08 07:00:24,2025-12-15 20:21:13
f832af0e-cbb2-4fc3-b05b-8f5d25fa80e2,0ac0a0ba-b30c-4bfa-98ca-a10ee1562082,ETH-USD,crypto,3.192802,19095.893575,2025-02-20 07:00:24,2026-01-09 22:02:30
c7b8d26b-3e5f-477f-afc9-72f9931d0f41,4f9718bd-21e9-4c29-9fe2-06c9e6ed9a16,MSFT,stock,434.395238,1729.420005,2025-01-28 21:13:49,2026-01-15 22:08:58
802f68c3-d2fb-4d40-90e5-3d488d1d1d7a,4f9718bd-21e9-4c29-9fe2-06c9e6ed9a16,AVAX-USD,crypto,25.052973,454.726481,2025-01-12 21:13:49,2025-11-23 02:02:19
7e5f2462-99ba-47af-9fe9-b5b83a65d980,4f9718bd-21e9-4c29-9fe2-06c9e6ed9a16,V,stock,804.832451,1442.788576,2025-01-28 21:13:49,2026-01-26 20:16:45
765f71ce-fe1c-4d08-975b-9f891ada8f3b,4f9718bd-21e9-4c29-9fe2-06c9e6ed9a16,LREN3.SA,stock,871.034582,18.026839,2025-02-03 21:13:49,2026-01-17 15:41:18
1fec7af9-c3e1-4cbf-a08c-c6bde0f27545,4f9718bd-21e9-4c29-9fe2-06c9e6ed9a16,XRP-USD,crypto,17.14343,2.800569,2025-02-08 21:13:49,2026-02-20 11:56:42
764fe652-1889-4b3d-b4e9-e956e3e152b5,4f9718bd-21e9-4c29-9fe2-06c9e6ed9a16,WMT,stock,41.898458,999.266992,2025-01-24 21:13:49,2026-01-07 17:57:13
d482548f-48f2-4214-8f75-8a4364425ed8,4f9718bd-21e9-4c29-9fe2-06c9e6ed9a16,B3SA3.SA,stock,467.084028,11.955241,2025-02-10 21:13:49,2026-02-28 09:16:33
81b37cad-20c2-4995-8e11-4efc840a182f,9d147fc0-95cc-484d-b524-5377a3b71e7e,GOOGL,stock,272.675324,918.829291,2025-02-16 09:26:15,2025-11-30 17:29:49
7ffafe68-581b-4489-a79c-b4863e639411,9d147fc0-95cc-484d-b524-5377a3b71e7e,MSFT,stock,732.599944,1633.116757,2025-01-28 09:26:15,2026-02-15 22:21:16
e47bc04b-ac25-41c2-ac13-000485575cb3,9d147fc0-95cc-484d-b524-5377a3b71e7e,BNB-USD,crypto,24.969066,1545.004028,2025-02-17 09:26:15,2026-02-06 09:19:12
ea010b30-acc2-41c9-a710-7fd6c5ff25f4,9d147fc0-95cc-484d-b524-5377a3b71e7e,EUR-BRL,fx,47768.448464,5.232705,2025-02-13 09:26:15,2026-02-09 05:00:34
84106fb3-1eea-40cd-ba9a-293e2215a7b8,ea9fac6e-cbd3-4134-91d7-4c2d503c0a8b,ETH-USD,crypto,19.181333,15534.379412,2025-02-01 09:26:15,2026-02-08 19:40:20
20570d1d-96fd-46db-a27a-d7a20e89898c,ea9fac6e-cbd3-4134-91d7-4c2d503c0a8b,WMT,stock,544.710731,839.38598,2025-01-31 09:26:15,2026-02-01 22:57:59
edf3f070-68b8-4770-9c2c-a8100ab8404d,ea9fac6e-cbd3-4134-91d7-4c2d503c0a8b,AMZN,stock,673.661669,1004.770202,2025-02-02 09:26:15,2026-01-01 19:41:33
b792f781-6610-4ff0-87b8-b64a6e22fbe7,ea9fac6e-cbd3-4134-91d7-4c2d503c0a8b,BNB-USD,crypto,20.160899,1369.351713,2025-02-10 09:26:15,2026-01-14 17:36:39
30de1c5b-69b1-4e00-84af-9f8a1f2d4f17,ea9fac6e-cbd3-4134-91d7-4c2d503c0a8b,PETR4.SA,stock,320.322828,38.418642,2025-02-09 09:26:15,2026-02-18 21:35:09
2d420c56-666c-4e7c-8b06-1e24599c3fda,ea9fac6e-cbd3-4134-91d7-4c2d503c0a8b,XRP-USD,crypto,3.133142,3.156731,2025-01-25 09:26:15,2025-10-04 08:16:00
ba504b9c-f803-4d4b-b176-53835448dd23,ea9fac6e-cbd3-4134-91d7-4c2d503c0a8b,TSLA,stock,321.300576,1058.473358,2025-02-02 09:26:15,2025-10-16 09:51:05
9d4d8114-58e3-4148-a8f6-01e026ddb9ff,ea9fac6e-cbd3-4134-91d7-4c2d503c0a8b,ADA-USD,crypto,13.761896,2.572225,2025-02-09 09:26:15,2026-01-22 03:37:20
9d5a9ff7-cc7a-41f7-88f1-be95ffa9e524,23833117-eeae-45e2-9c86-2e15d1477608,TSLA,stock,398.260871,1032.001917,2025-10-29 00:06:08,2026-02-21 00:57:09
0f45b29d-010a-4b14-a28d-74c9d7fb168b,23833117-eeae-45e2-9c86-2e15d1477608,RENT3.SA,stock,284.79809,61.225551,2025-10-24 00:06:08,2026-02-20 21:31:24
790a650d-0875-4104-b820-ee8a1a9c19bd,23833117-eeae-45e2-9c86-2e15d1477608,AVAX-USD,crypto,25.639053,437.959256,2025-10-11 00:06:08,2026-02-14 21:30:30
0cc1ecf2-0ff4-483d-8d50-0b2a08de65df,23833117-eeae-45e2-9c86-2e15d1477608,LREN3.SA,stock,242.001801,19.259631,2025-10-27 00:06:08,2026-02-21 16:07:38
12a114ca-3ba9-47ce-a8df-c9c538a170e9,51133789-12a3-41ad-9eda-f26139fd9d09,ETH-USD,crypto,20.17333,16547.612938,2025-09-20 02:14:24,2026-02-27 01:28:43
fb8b3ede-7495-402b-8173-e4781e01d716,51133789-12a3-41ad-9eda-f26139fd9d09,GOOGL,stock,192.785194,820.538933,2025-10-02 02:14:24,2026-02-11 19:00:22
1dbb1f00-5236-45b5-80fd-504bfc7807d9,51133789-12a3-41ad-9eda-f26139fd9d09,B3SA3.SA,stock,131.950103,12.028265,2025-09-18 02:14:24,2026-02-03 00:45:46
a376e186-7d12-4326-89e8-a8e5d0ed1e06,51133789-12a3-41ad-9eda-f26139fd9d09,ABEV3.SA,stock,151.20905,13.451644,2025-09-16 02:14:24,2025-12-06 06:42:41
073fafb7-1f43-4fb9-bdb4-2c6071d257ed,51133789-12a3-41ad-9eda-f26139fd9d09,EUR-BRL,fx,32876.506802,5.434878,2025-09-23 02:14:24,2026-02-22 15:50:47
d34afea0-73a3-456e-855b-890fdb99ce31,51133789-12a3-41ad-9eda-f26139fd9d09,SOL-USD,crypto,21.907619,746.272213,2025-09-20 02:14:24,2026-02-26 05:55:57
4e0b2a5d-79b7-4e70-ac74-daf4d8a49b8a,51133789-12a3-41ad-9eda-f26139fd9d09,AAPL,stock,996.908131,963.253352,2025-10-05 02:14:24,2026-01-06 08:59:29
745a5775-64d5-4bec-8bdf-fc00c67fdd41,51133789-12a3-41ad-9eda-f26139fd9d09,LREN3.SA,stock,296.280235,18.865266,2025-09-25 02:14:24,2025-12-14 20:44:28
f5baf1d2-9188-4e3c-8d50-6e50059ce867,51133789-12a3-41ad-9eda-f26139fd9d09,ADA-USD,crypto,6.801396,2.583112,2025-09-22 02:14:24,2026-02-27 15:43:48
f27f84d4-4da6-4491-b01d-7f24311ff4ab,784e8153-4507-4170-8e42-7d7991492975,MSFT,stock,261.18008,1663.51016,2025-04-03 01:56:32,2025-11-27 20:29:44
8ae13c8a-4aab-474a-9906-b9ebf3293ae0,784e8153-4507-4170-8e42-7d7991492975,ITUB4.SA,stock,273.16297,33.78801,2025-03-29 01:56:32,2025-09-15 00:10:27
96477499-e462-45a4-9e9c-d5dc64fae0e5,784e8153-4507-4170-8e42-7d7991492975,ABEV3.SA,stock,898.458891,13.587053,2025-04-17 01:56:32,2026-02-06 21:59:08
2cadca31-1aab-413f-bd91-e042bf4520dd,784e8153-4507-4170-8e42-7d7991492975,WEGE3.SA,stock,342.293939,54.844604,2025-04-12 01:56:32,2025-12-28 03:54:49
06468703-43e0-46e3-b92d-228bab573cf8,784e8153-4507-4170-8e42-7d7991492975,VALE3.SA,stock,976.556842,61.660288,2025-04-11 01:56:32,2026-02-01 05:54:02
e06af9f3-2120-44c2-90fc-3caf8a280aa5,784e8153-4507-4170-8e42-7d7991492975,AVAX-USD,crypto,7.761467,422.082123,2025-04-13 01:56:32,2026-02-02 06:26:18
6bd1585f-47cc-4a61-9bd9-e44d8d60550e,784e8153-4507-4170-8e42-7d7991492975,SOL-USD,crypto,16.672426,720.384421,2025-04-17 01:56:32,2026-02-20 07:15:47
c81db631-d3a2-499a-bb0a-c0f5058d9094,784e8153-4507-4170-8e42-7d7991492975,PETR4.SA,stock,727.974747,44.743732,2025-03-21 01:56:32,2026-01-12 02:53:07
3fb09cf2-4817-40d3-ae45-045ae74ba78f,784e8153-4507-4170-8e42-7d7991492975,NVDA,stock,928.282229,4045.732508,2025-04-01 01:56:32,2026-02-25 19:04:37
e34ff2a9-17a3-4c07-b9ff-a4621c8c4d64,784e8153-4507-4170-8e42-7d7991492975,BNB-USD,crypto,9.610198,1304.000227,2025-04-03 01:56:32,2026-02-22 21:17:51
02d01ec9-4c44-416b-8fcc-1e66d25ff24e,c070fdfe-5662-4027-b4e4-f9a561a81db4,V,stock,938.004635,1344.228462,2025-04-23 01:56:32,2026-02-23 05:39:08
82786ab5-3f36-42dc-99fc-25484a1df8c2,c070fdfe-5662-4027-b4e4-f9a561a81db4,MGLU3.SA,stock,211.748495,7.594445,2025-04-10 01:56:32,2026-02-17 06:55:03
10b7585e-44ca-48e3-a5fd-8e8089037135,c070fdfe-5662-4027-b4e4-f9a561a81db4,CHF-BRL,fx,44088.466468,5.694085,2025-04-13 01:56:32,2026-01-07 02:10:44
45ca36af-edb4-4e04-bac2-06a30ee7f56a,266c34c7-646c-488b-94d3-a55d0e0a1ed7,XRP-USD,crypto,10.109309,3.157565,2025-03-03 08:26:19,2026-02-12 06:26:01
02ad8a50-85d7-4090-b48b-7be31e32798d,266c34c7-646c-488b-94d3-a55d0e0a1ed7,BNB-USD,crypto,5.610601,1496.712841,2025-02-21 08:26:19,2026-02-15 09:06:10
9a7ac0ac-9908-4c60-9d29-71c3b795d3d7,266c34c7-646c-488b-94d3-a55d0e0a1ed7,ADA-USD,crypto,16.278201,2.432607,2025-03-18 08:26:19,2026-01-02 02:51:16
27ce7af6-2814-4114-bde7-0a6251ac9fa7,266c34c7-646c-488b-94d3-a55d0e0a1ed7,JPY-BRL,fx,20197.399057,0.033313,2025-02-24 08:26:19,2025-09-01 22:41:47
d9ce4c7b-42e9-42af-9075-24413e1aaef4,266c34c7-646c-488b-94d3-a55d0e0a1ed7,RENT3.SA,stock,1243.716679,55.302355,2025-02-16 08:26:19,2026-02-18 11:28:56
ff2ddbc4-42b9-4d0c-88fc-7b4f1e0975d1,266c34c7-646c-488b-94d3-a55d0e0a1ed7,AVAX-USD,crypto,4.127752,420.741421,2025-02-19 08:26:19,2026-02-26 00:58:18
ec041ff1-deb7-41bf-86c6-015fa0465406,266c34c7-646c-488b-94d3-a55d0e0a1ed7,META,stock,273.267865,2288.493022,2025-02-18 08:26:19,2026-02-05 20:36:24
664421f3-bdd0-406a-84e8-72f1600a3975,266c34c7-646c-488b-94d3-a55d0e0a1ed7,BBDC4.SA,stock,969.30933,15.206604,2025-02-23 08:26:19,2026-01-13 19:49:49
78be4873-24b8-43c2-ad2e-bc4167621425,b9bc5f00-f3c3-4e62-8af5-1722eeae7af1,AAPL,stock,661.585873,1015.00634,2025-02-24 08:26:19,2026-02-08 21:27:37
f74e04b4-fdb7-43ca-a8d1-b3d674915bd2,b9bc5f00-f3c3-4e62-8af5-1722eeae7af1,GOOGL,stock,285.899404,902.26797,2025-03-12 08:26:19,2026-01-26 13:21:01
ff1c3702-6032-43b6-9df4-d7dad476e20f,b9bc5f00-f3c3-4e62-8af5-1722eeae7af1,ETH-USD,crypto,3.079026,16906.652818,2025-03-13 08:26:19,2026-02-21 03:51:40
5646cffd-7c35-4d60-9ddd-f7ff66abecce,b9bc5f00-f3c3-4e62-8af5-1722eeae7af1,V,stock,622.067561,1388.924512,2025-03-12 08:26:19,2026-02-22 16:31:57
d28338aa-2b36-4dfb-83c8-f71e81b9ef0d,b9bc5f00-f3c3-4e62-8af5-1722eeae7af1,WEGE3.SA,stock,238.63347,53.100286,2025-03-21 08:26:19,2026-02-17 03:19:17
cc40b627-4b2e-4cc3-b938-e1e927fb7c3d,b9bc5f00-f3c3-4e62-8af5-1722eeae7af1,B3SA3.SA,stock,532.120418,12.031236,2025-03-21 08:26:19,2026-02-18 20:18:24
5271cc17-bd26-4f92-b137-15fff4fcde13,b9bc5f00-f3c3-4e62-8af5-1722eeae7af1,BNB-USD,crypto,10.662636,1297.381358,2025-03-01 08:26:19,2026-01-21 20:36:23
6772602d-fff8-4169-9bed-f1a85c3df216,b9bc5f00-f3c3-4e62-8af5-1722eeae7af1,CHF-BRL,fx,18597.134855,5.677845,2025-02-22 08:26:19,2025-11-19 04:58:29
0ce7e3d3-fa78-4d4f-a59f-f87e58f4cdf6,cf58ce3b-efe4-41ba-8d99-0aa2abe2154f,GBP-BRL,fx,8795.586337,5.996841,2025-02-16 08:26:19,2025-12-11 02:49:25
922706e1-0d89-4c4e-b529-13e41d7ba846,cf58ce3b-efe4-41ba-8d99-0aa2abe2154f,ETH-USD,crypto,8.160905,17299.365702,2025-02-15 08:26:19,2025-12-16 07:40:35
39d5faf8-f98c-49d7-83c7-5129738b3758,cf58ce3b-efe4-41ba-8d99-0aa2abe2154f,BNB-USD,crypto,19.241403,1373.027473,2025-02-17 08:26:19,2026-02-28 13:08:08
089fb56f-2989-4c9d-924f-edde04e04580,cf58ce3b-efe4-41ba-8d99-0aa2abe2154f,BTC-USD,crypto,21.63012,290134.245881,2025-02-20 08:26:19,2026-01-03 08:24:26
7fd86329-a2e9-4e3b-bf80-6763a0aec360,cf58ce3b-efe4-41ba-8d99-0aa2abe2154f,GOOGL,stock,703.930146,856.088935,2025-03-08 08:26:19,2026-01-30 09:59:38
9529e82e-2a47-43aa-87f9-54ecb99e51a1,cf58ce3b-efe4-41ba-8d99-0aa2abe2154f,MGLU3.SA,stock,37.754161,7.209113,2025-02-22 08:26:19,2026-02-15 00:47:47
7c06d065-24a0-45c1-863b-e4dd881f0907,cf58ce3b-efe4-41ba-8d99-0aa2abe2154f,SOL-USD,crypto,9.391036,632.96809,2025-03-05 08:26:19,2026-01-13 19:10:59
4444acff-523f-4884-a87b-30438a991d09,cf58ce3b-efe4-41ba-8d99-0aa2abe2154f,AVAX-USD,crypto,4.109353,451.712367,2025-03-15 08:26:19,2026-02-24 00:49:48
163f3dde-1c19-435e-9781-5c062b7a953c,cf58ce3b-efe4-41ba-8d99-0aa2abe2154f,ITUB4.SA,stock,122.411251,33.106274,2025-02-21 08:26:19,2026-01-19 21:20:51
17d4ad2e-b9b5-40d4-a293-fb4ace13e0f6,cf58ce3b-efe4-41ba-8d99-0aa2abe2154f,CHF-BRL,fx,39565.40868,6.242831,2025-03-06 08:26:19,2026-02-13 23:11:49
9d6aafb5-ffb7-4bf2-9f34-fa6428902406,c90199f0-68ae-441c-9ab5-1fcb3c9954c6,MSFT,stock,954.161389,1691.446043,2025-10-14 15:13:08,2026-02-28 18:49:14
d0a2e77f-536b-4ce1-ac4e-fd3aa5088ec8,c90199f0-68ae-441c-9ab5-1fcb3c9954c6,B3SA3.SA,stock,210.045434,11.226434,2025-10-05 15:13:08,2026-02-26 22:44:35
e31e156e-5ef4-4fb9-8b53-1c184f6bc786,c90199f0-68ae-441c-9ab5-1fcb3c9954c6,JPY-BRL,fx,18464.620088,0.037817,2025-10-22 15:13:08,2026-02-25 07:50:14
5e3fbe3d-72b9-4706-9142-f85ed68bee91,c90199f0-68ae-441c-9ab5-1fcb3c9954c6,NVDA,stock,500.656733,4589.188321,2025-10-18 15:13:08,2026-01-13 04:39:42
170ab989-7509-43b3-87dd-7a3c3e37c646,c90199f0-68ae-441c-9ab5-1fcb3c9954c6,AMZN,stock,391.975749,915.226787,2025-10-16 15:13:08,2026-02-27 01:15:32
f57deec4-65ca-47d0-8370-07b0e9ddc7b5,c90199f0-68ae-441c-9ab5-1fcb3c9954c6,JPM,stock,321.659542,1088.342991,2025-10-17 15:13:08,2026-02-26 05:37:15
1c16c999-4a39-47e6-98c5-e47281ebbf76,b81d9914-35b2-48f9-99ad-f8eaf91dce41,MGLU3.SA,stock,716.554868,7.381178,2025-05-24 20:23:47,2026-01-18 22:33:24
cf3f41c1-704f-466a-b053-7865fb7aeed9,b81d9914-35b2-48f9-99ad-f8eaf91dce41,GOOGL,stock,153.252822,887.286543,2025-05-21 20:23:47,2025-12-07 07:00:28
71454a7e-e907-4218-a209-3e5b65b1eb6a,b81d9914-35b2-48f9-99ad-f8eaf91dce41,ITUB4.SA,stock,984.412907,34.061359,2025-05-13 20:23:47,2026-02-26 08:46:23
ea5a232a-69f7-46a8-a564-bfffe98ccc80,b81d9914-35b2-48f9-99ad-f8eaf91dce41,BBDC4.SA,stock,707.361006,13.237457,2025-05-15 20:23:47,2026-02-17 19:52:44
6168abb4-cef4-44d2-a51d-59030578e08c,b81d9914-35b2-48f9-99ad-f8eaf91dce41,DOGE-USD,crypto,15.337818,0.875876,2025-05-14 20:23:47,2026-01-18 07:34:44
f484cf44-cb70-45e6-9a33-37098f7a5f4b,b81d9914-35b2-48f9-99ad-f8eaf91dce41,ETH-USD,crypto,3.000722,16675.057597,2025-05-19 20:23:47,2025-09-28 03:03:25
5b7526ee-d667-40fa-b158-6d2452c43453,b81d9914-35b2-48f9-99ad-f8eaf91dce41,BTC-USD,crypto,8.938324,274520.243461,2025-05-07 20:23:47,2026-02-09 13:49:22
2ebd8879-3eaa-46be-b60e-843480cf8def,b81d9914-35b2-48f9-99ad-f8eaf91dce41,AVAX-USD,crypto,13.641099,485.611057,2025-05-08 20:23:47,2026-02-07 11:22:31
4b3578fd-12a4-4c32-83fa-38dcbab4225e,b81d9914-35b2-48f9-99ad-f8eaf91dce41,ABEV3.SA,stock,291.025676,13.453865,2025-05-21 20:23:47,2026-02-24 01:14:37
d0a5161e-6479-4097-bf91-1fa82f270bad,34b35ba6-b7dc-4cb9-aa14-19729967b765,ETH-USD,crypto,9.552532,17101.955766,2025-05-17 20:23:47,2026-02-25 07:13:46
3dbda6c9-8850-4306-babd-4029337987f3,34b35ba6-b7dc-4cb9-aa14-19729967b765,BNB-USD,crypto,1.511846,1654.043665,2025-05-01 20:23:47,2026-01-14 05:40:25
0c13ec78-8ec0-4cc1-80cf-8166a13a9c29,34b35ba6-b7dc-4cb9-aa14-19729967b765,ADA-USD,crypto,42.604427,2.390464,2025-05-08 20:23:47,2026-02-05 06:33:49
4d35305b-0fa5-4240-bfef-c96924020451,45c37068-9f89-4fb7-bfe7-27ec73972cbb,ITUB4.SA,stock,368.529,32.41398,2025-07-22 07:06:47,2025-12-03 10:26:30
f5ca31fa-3050-426b-a90e-e38470c286fd,45c37068-9f89-4fb7-bfe7-27ec73972cbb,EUR-BRL,fx,35857.561015,5.333486,2025-08-02 07:06:47,2026-02-28 01:36:48
c41f0a3c-3fb0-452c-a8ae-9c947a852d4d,45c37068-9f89-4fb7-bfe7-27ec73972cbb,GOOGL,stock,268.59156,957.671692,2025-07-09 07:06:47,2026-01-25 07:35:31
3dcb2a9f-adb9-472d-bd73-b9538beaca92,45c37068-9f89-4fb7-bfe7-27ec73972cbb,AAPL,stock,191.500864,926.053456,2025-08-02 07:06:47,2025-12-28 23:41:09
1ae9c978-ee16-4e38-b15b-040e42301f07,45c37068-9f89-4fb7-bfe7-27ec73972cbb,XRP-USD,crypto,23.553614,3.788756,2025-07-19 07:06:47,2026-02-11 08:46:16
915e930a-6686-495b-b25a-75ed59f62e8e,45c37068-9f89-4fb7-bfe7-27ec73972cbb,NVDA,stock,401.872656,4781.085857,2025-07-20 07:06:47,2026-01-30 16:36:50
511aadba-9c98-4219-9e51-e72eea344355,45c37068-9f89-4fb7-bfe7-27ec73972cbb,B3SA3.SA,stock,671.441441,12.082662,2025-07-30 07:06:47,2026-01-21 10:01:32
2a75d7aa-be36-41c0-9017-32b317140152,a1f5422f-6e01-40ab-a75d-356566b5559a,SOL-USD,crypto,9.324239,746.465076,2025-07-17 07:06:47,2026-02-28 20:31:46
8fb61754-5352-47d3-b316-b2fe1d396d93,a1f5422f-6e01-40ab-a75d-356566b5559a,GBP-BRL,fx,9189.323112,6.513165,2025-07-15 07:06:47,2026-01-05 18:42:48
32f68d08-2bac-40b9-9154-099e6dcdd743,a1f5422f-6e01-40ab-a75d-356566b5559a,BNB-USD,crypto,28.959205,1614.749347,2025-07-06 07:06:47,2026-02-07 01:39:08
525b1e8a-a1d9-452b-9c25-8f69106acd3a,a1f5422f-6e01-40ab-a75d-356566b5559a,ITUB4.SA,stock,280.401849,32.001739,2025-07-26 07:06:47,2026-02-27 17:48:27
5d2f59cd-e706-47d4-ad3a-f7e4c79ae2b2,a1f5422f-6e01-40ab-a75d-356566b5559a,EUR-BRL,fx,38044.622394,5.547666,2025-07-05 07:06:47,2026-02-14 01:41:29
68de09b6-ab94-4572-be4a-5d50771d0cde,a1f5422f-6e01-40ab-a75d-356566b5559a,AAPL,stock,148.142026,1033.886114,2025-07-12 07:06:47,2026-01-22 05:46:40
02e917de-0de6-436c-9734-d854e0eeeb06,a1f5422f-6e01-40ab-a75d-356566b5559a,B3SA3.SA,stock,787.691495,10.635777,2025-08-02 07:06:47,2026-01-28 15:18:25
a2180790-7e63-4771-8273-3ecf4ef30cde,a1f5422f-6e01-40ab-a75d-356566b5559a,RENT3.SA,stock,169.797872,53.647158,2025-07-13 07:06:47,2026-02-12 14:29:30
db5a0fcf-b8f5-4004-aca2-77e54ff668a5,a1f5422f-6e01-40ab-a75d-356566b5559a,ADA-USD,crypto,13.614959,2.480879,2025-07-26 07:06:47,2026-02-12 13:29:02
6863c49e-215e-4aa9-abb7-7f376cd78553,a1f5422f-6e01-40ab-a75d-356566b5559a,VALE3.SA,stock,707.903538,65.075774,2025-07-11 07:06:47,2026-02-03 13:21:07
d4d55629-02fd-4b60-bec2-6a9699b632a0,885359c4-29aa-49ca-ad54-f8872ad44379,WMT,stock,1048.351105,864.049559,2025-07-24 07:06:47,2026-01-21 18:28:11
694c1bd0-fdb5-4c1b-a175-aa5bee55a60d,885359c4-29aa-49ca-ad54-f8872ad44379,WEGE3.SA,stock,620.773892,53.501657,2025-07-10 07:06:47,2026-01-27 14:40:05
0d3b7266-e868-40de-ba81-e551e9560266,885359c4-29aa-49ca-ad54-f8872ad44379,V,stock,426.131048,1489.899275,2025-07-06 07:06:47,2026-02-19 17:59:51
b89644ce-b647-4e9a-83d9-a93c0fdf23ba,885359c4-29aa-49ca-ad54-f8872ad44379,B3SA3.SA,stock,533.372036,11.961497,2025-06-25 07:06:47,2026-01-26 11:31:21
159f50e9-f366-4232-b6f6-acbba5c535ce,885359c4-29aa-49ca-ad54-f8872ad44379,SOL-USD,crypto,8.501989,671.554246,2025-06-25 07:06:47,2026-02-23 12:57:45
5a121bed-152e-45b4-80e5-f79483d39dbb,885359c4-29aa-49ca-ad54-f8872ad44379,BNB-USD,crypto,9.551849,1450.02218,2025-07-24 07:06:47,2025-12-26 11:11:40
7d2ef8a8-090c-4d72-8c4c-98bc88187ba5,885359c4-29aa-49ca-ad54-f8872ad44379,PETR4.SA,stock,121.652197,38.820564,2025-06-25 07:06:47,2025-10-16 18:40:20
4e4edfbc-7bed-42e5-83d0-c9852aeaa75b,885359c4-29aa-49ca-ad54-f8872ad44379,MSFT,stock,415.26166,1808.952724,2025-07-04 07:06:47,2026-02-09 08:21:06
9d1688aa-fffd-47b7-9497-951ae5ad7653,885359c4-29aa-49ca-ad54-f8872ad44379,ETH-USD,crypto,4.790766,15121.933769,2025-07-05 07:06:47,2026-02-20 02:36:36
645bd97c-4e46-45a7-92dd-f39429e267f8,56b44038-f1af-483d-b04e-39229c13035f,BBDC4.SA,stock,608.238693,14.121557,2025-04-12 01:50:52,2026-02-16 17:40:25
b1e89b97-c4e3-469b-9488-4fbe6fa76b75,56b44038-f1af-483d-b04e-39229c13035f,SOL-USD,crypto,7.177904,669.243091,2025-04-08 01:50:52,2026-01-09 02:00:13
31c7872e-b2df-4759-b2a9-5ce4cf82aa96,56b44038-f1af-483d-b04e-39229c13035f,TSLA,stock,523.013757,1096.249128,2025-04-01 01:50:52,2026-02-13 04:38:10
531d6c46-8bf8-45d4-8792-8623fcff4106,56b44038-f1af-483d-b04e-39229c13035f,EUR-BRL,fx,23468.595268,6.011698,2025-04-23 01:50:52,2026-01-05 18:41:34
ffd331fa-37ca-431b-98c9-a3545f70595d,56b44038-f1af-483d-b04e-39229c13035f,LREN3.SA,stock,311.316833,18.592336,2025-03-26 01:50:52,2026-01-14 21:28:26
b469c50c-b5be-4284-918c-1e925c6a357e,56b44038-f1af-483d-b04e-39229c13035f,ETH-USD,crypto,30.855538,13882.966414,2025-04-13 01:50:52,2026-02-09 09:24:02
e808f5c8-a253-443f-b6d9-5c4a334d3d16,56b44038-f1af-483d-b04e-39229c13035f,WMT,stock,414.248308,822.580855,2025-04-23 01:50:52,2026-02-17 06:01:45
97a6737f-0676-468b-bfed-3da7132081d5,56b44038-f1af-483d-b04e-39229c13035f,WEGE3.SA,stock,619.996429,54.766635,2025-04-19 01:50:52,2025-12-11 17:43:03
101cd103-c202-43f7-a72c-f883a7070923,7e3bf6a6-3771-4cea-b74d-1d97eee69a61,DOGE-USD,crypto,5.26914,0.897121,2025-11-29 07:19:10,2026-02-24 10:21:12
04b13004-16cf-4a4e-81f8-3419fff8c779,7e3bf6a6-3771-4cea-b74d-1d97eee69a61,GOOGL,stock,685.975913,1006.400866,2025-12-18 07:19:10,2026-02-28 23:42:33
e1b9e4a6-8542-4f2d-8186-352cd78d4c09,7e3bf6a6-3771-4cea-b74d-1d97eee69a61,JPY-BRL,fx,35728.572467,0.039187,2025-12-04 07:19:10,2026-02-25 05:46:09
f4bdd501-39c6-48ac-acf4-fac4a68decdd,2ef32f20-2514-4290-a2a1-af6b73665615,NVDA,stock,494.235583,4780.052805,2025-12-21 07:19:10,2026-02-16 08:41:56
188a9d58-6ba2-41d6-b444-41657a019b9b,2ef32f20-2514-4290-a2a1-af6b73665615,BBDC4.SA,stock,137.292263,14.19978,2025-12-06 07:19:10,2026-02-27 09:41:47
0713a2f9-98ff-4c6f-a170-ab95a76c20f4,2ef32f20-2514-4290-a2a1-af6b73665615,DOGE-USD,crypto,18.213043,0.939447,2025-12-10 07:19:10,2026-02-23 07:36:40
0e0fe7d4-dd33-4f1c-a81d-02cf430dbff7,2ef32f20-2514-4290-a2a1-af6b73665615,META,stock,855.023249,2478.230417,2025-12-05 07:19:10,2026-02-19 10:27:16
9548b734-6f3e-4743-97aa-a91d23b2a359,25856a40-7b86-4782-a0b0-6737dcb816ba,AMZN,stock,305.571402,948.833768,2025-12-12 07:19:10,2026-02-18 15:12:27
5886e75e-8d17-4fee-8b7e-315dc7996e81,25856a40-7b86-4782-a0b0-6737dcb816ba,WEGE3.SA,stock,162.909624,52.866407,2025-11-27 07:19:10,2026-01-24 23:27:20
6f66f9ad-9988-433d-b9f1-c0b77c90841c,25856a40-7b86-4782-a0b0-6737dcb816ba,VALE3.SA,stock,86.589956,49.171989,2025-12-09 07:19:10,2026-02-27 10:25:28
9a043e9b-73f0-4b35-85dd-70d2335776b0,25856a40-7b86-4782-a0b0-6737dcb816ba,AVAX-USD,crypto,22.168552,361.701361,2025-11-16 07:19:10,2026-02-28 18:30:34
f773d28f-f6d3-4bc1-8dad-8065e4281c49,25856a40-7b86-4782-a0b0-6737dcb816ba,ABEV3.SA,stock,139.919444,11.522265,2025-12-13 07:19:10,2026-02-27 12:15:24
ca9e4162-9956-4680-b90d-bc01284cae3f,25856a40-7b86-4782-a0b0-6737dcb816ba,ADA-USD,crypto,21.505963,2.465551,2025-12-09 07:19:10,2026-02-23 06:31:36
065638c7-2e0f-43bf-931e-ef7d332be87f,25856a40-7b86-4782-a0b0-6737dcb816ba,BTC-USD,crypto,8.720653,275863.49131,2025-12-08 07:19:10,2026-02-24 22:25:13
01c683f0-faf6-4c8e-99d7-130cea53fdb2,43875a34-01b7-458d-b2e6-74cf081a5ad3,RENT3.SA,stock,370.370585,54.312458,2025-08-02 11:39:20,2026-01-06 02:02:25
8b91712b-6c48-4099-9de4-af79271c7e37,43875a34-01b7-458d-b2e6-74cf081a5ad3,PETR4.SA,stock,341.915876,37.22889,2025-08-27 11:39:20,2026-01-28 12:18:32
f3f4e478-021d-4df7-9184-0696782276c8,43875a34-01b7-458d-b2e6-74cf081a5ad3,ABEV3.SA,stock,1160.219924,13.01848,2025-08-21 11:39:20,2026-02-15 02:07:56
241059da-12e0-4577-b398-8928aabce59b,43875a34-01b7-458d-b2e6-74cf081a5ad3,V,stock,795.714626,1527.324373,2025-08-07 11:39:20,2026-02-12 12:49:00
63497a82-b452-4c99-981d-0637781690e4,43875a34-01b7-458d-b2e6-74cf081a5ad3,BNB-USD,crypto,24.97542,1662.044429,2025-08-03 11:39:20,2026-02-09 20:34:14
2fe63a3c-a29e-4206-940b-9aaca49d4053,43875a34-01b7-458d-b2e6-74cf081a5ad3,TSLA,stock,131.64136,1173.294259,2025-08-12 11:39:20,2026-01-26 21:44:50
de7a3ae3-dd81-47b6-9624-ca56cf28dbc9,43875a34-01b7-458d-b2e6-74cf081a5ad3,DOGE-USD,crypto,24.116637,0.890168,2025-08-27 11:39:20,2026-02-19 08:49:30
bf187bbd-8265-44d9-a370-9faef4d9b675,43875a34-01b7-458d-b2e6-74cf081a5ad3,BTC-USD,crypto,3.654656,292844.250497,2025-08-27 11:39:20,2025-12-05 22:49:55
6295175a-b2c5-4519-80d4-5b6f69b88122,43875a34-01b7-458d-b2e6-74cf081a5ad3,AAPL,stock,321.954363,990.710905,2025-08-22 11:39:20,2026-02-09 15:18:51
93d45572-134e-4866-be7a-819dd1e15490,43875a34-01b7-458d-b2e6-74cf081a5ad3,BBDC4.SA,stock,682.436785,14.757097,2025-08-13 11:39:20,2026-02-23 08:35:58
aa515130-1a3c-4dad-bfcf-3e558a8c8982,32307132-678f-4c2c-9002-895367c1b336,EUR-BRL,fx,35507.708064,5.490755,2025-08-21 11:39:20,2026-02-28 12:29:26
b4b88129-7163-48d4-8248-43cb4708c1a6,32307132-678f-4c2c-9002-895367c1b336,BBDC4.SA,stock,823.621456,12.978354,2025-08-22 11:39:20,2026-02-19 22:06:25
846bd541-72b9-44a7-85fc-bad7968106b0,32307132-678f-4c2c-9002-895367c1b336,ABEV3.SA,stock,383.754818,12.591566,2025-08-09 11:39:20,2026-01-23 01:10:55
22f9dd62-cc19-4c1c-b9f7-58e9e607964d,32307132-678f-4c2c-9002-895367c1b336,SOL-USD,crypto,15.18983,667.130466,2025-08-11 11:39:20,2026-01-30 13:50:09
c9043f79-5c2a-4590-8658-47a4072a4167,32307132-678f-4c2c-9002-895367c1b336,ADA-USD,crypto,7.968448,2.510572,2025-08-21 11:39:20,2026-01-26 13:21:08
7d9e7921-94ee-4c22-8356-fe8400444f77,32307132-678f-4c2c-9002-895367c1b336,MSFT,stock,194.509064,1794.017352,2025-08-29 11:39:20,2025-12-04 17:33:06
e4ba2efd-d5e6-488a-a889-7a4b9ce02cd4,0cae0129-6377-4518-ad6c-a1db1c95a087,MGLU3.SA,stock,438.313441,7.136014,2025-08-13 11:39:20,2026-02-15 05:14:35
dd62d497-7056-4469-afeb-a6e44ff97f66,0cae0129-6377-4518-ad6c-a1db1c95a087,GOOGL,stock,723.926851,928.409422,2025-08-13 11:39:20,2026-02-22 10:19:36
a4ff19d5-528b-4802-8f34-26f054a4610c,0cae0129-6377-4518-ad6c-a1db1c95a087,AAPL,stock,750.893839,926.219265,2025-08-13 11:39:20,2026-02-27 13:11:19
43820e67-0f8d-4079-9362-63940ba70133,0cae0129-6377-4518-ad6c-a1db1c95a087,PETR4.SA,stock,497.687347,37.977798,2025-08-06 11:39:20,2026-02-22 22:30:32
d71048c6-8d3e-4a4b-ad6a-3c613e700e9b,0cae0129-6377-4518-ad6c-a1db1c95a087,USD-BRL,fx,13443.292727,4.948296,2025-08-23 11:39:20,2026-01-04 02:21:10
9870e4d1-8962-4f82-a234-73f8db68c963,0cae0129-6377-4518-ad6c-a1db1c95a087,BBDC4.SA,stock,1172.603149,14.158553,2025-08-02 11:39:20,2026-02-13 11:23:11
f9298a3d-fed0-41df-b2b8-48381601a346,0cae0129-6377-4518-ad6c-a1db1c95a087,JPM,stock,432.716732,983.323394,2025-07-31 11:39:20,2026-02-14 14:10:28
00cb0c25-f13a-478c-8af3-bb4b421fff91,0cae0129-6377-4518-ad6c-a1db1c95a087,NVDA,stock,320.920672,4451.505224,2025-08-04 11:39:20,2025-12-13 04:35:43
9325880f-1290-4220-8f58-74b56e38d37b,0cae0129-6377-4518-ad6c-a1db1c95a087,XRP-USD,crypto,8.474649,3.155511,2025-08-25 11:39:20,2026-01-03 12:54:09
3687ed0a-ea84-40f8-b5c8-c4b400f04018,c14c5cb3-2659-43a6-9645-13dc330960e4,PETR4.SA,stock,570.405242,34.317362,2025-06-07 21:01:29,2026-02-04 02:47:04
d2551aa2-229b-4a84-b315-8bae3e7cf197,c14c5cb3-2659-43a6-9645-13dc330960e4,ABEV3.SA,stock,115.527415,12.436745,2025-06-01 21:01:29,2026-01-15 23:03:43
957fe214-c681-40b1-bc5b-4c758dda0a20,c14c5cb3-2659-43a6-9645-13dc330960e4,WMT,stock,597.025546,810.64091,2025-06-06 21:01:29,2026-01-19 05:12:13
fc05fd31-5223-4745-8835-aee5d08d6c23,c14c5cb3-2659-43a6-9645-13dc330960e4,V,stock,768.897159,1468.254572,2025-05-27 21:01:29,2026-02-28 02:23:47
4ee42969-b2d0-4d00-ba70-38c1efd500e4,c14c5cb3-2659-43a6-9645-13dc330960e4,META,stock,855.003849,2214.724562,2025-06-11 21:01:29,2026-02-09 13:58:57
2162149b-ac90-4fec-b97d-8e8e82564c37,c14c5cb3-2659-43a6-9645-13dc330960e4,VALE3.SA,stock,207.763149,64.268359,2025-06-01 21:01:29,2026-01-05 11:32:21
b9a81c49-b5d8-4394-966e-64cde001a73e,c14c5cb3-2659-43a6-9645-13dc330960e4,GBP-BRL,fx,20739.256797,6.592114,2025-06-16 21:01:29,2026-01-03 17:37:28
1c34ef13-0a0f-4726-8417-2e6fe30c7c19,c14c5cb3-2659-43a6-9645-13dc330960e4,B3SA3.SA,stock,463.95802,11.443941,2025-05-18 21:01:29,2026-01-28 08:00:51
d27a2e60-698c-486e-8671-66b586fd9772,c14c5cb3-2659-43a6-9645-13dc330960e4,ADA-USD,crypto,10.420638,2.640919,2025-06-16 21:01:29,2025-12-14 09:48:20
1e7c2b8c-9dc3-456b-bc62-69f2011f2f36,d21a11a3-989a-4697-a5f2-850fe33cd072,MGLU3.SA,stock,241.78678,7.13261,2025-05-27 21:01:29,2026-01-11 02:47:41
e72b0665-dbaa-4301-a121-570abe22f0e6,d21a11a3-989a-4697-a5f2-850fe33cd072,WMT,stock,684.477433,885.694583,2025-06-07 21:01:29,2026-01-03 15:50:11
00d57948-ecde-476d-aceb-c7e8898663a3,d21a11a3-989a-4697-a5f2-850fe33cd072,V,stock,231.441895,1410.731779,2025-06-16 21:01:29,2026-01-20 06:13:07
544cde0f-445f-4e80-80e3-84fb1bdebee0,d21a11a3-989a-4697-a5f2-850fe33cd072,PETR4.SA,stock,630.494389,35.229642,2025-05-31 21:01:29,2026-02-06 14:43:37
9302cf9e-a48e-4308-be24-684ebe8c44a7,d21a11a3-989a-4697-a5f2-850fe33cd072,NVDA,stock,345.12231,4588.524362,2025-06-15 21:01:29,2026-01-14 03:32:11
435a93e2-fa77-48e2-bfea-f7e01683263a,d21a11a3-989a-4697-a5f2-850fe33cd072,TSLA,stock,564.477474,1170.003795,2025-06-16 21:01:29,2025-12-26 15:01:44
3e9389ba-2795-4374-b96c-b1764702cec7,d21a11a3-989a-4697-a5f2-850fe33cd072,B3SA3.SA,stock,312.775076,12.446976,2025-05-18 21:01:29,2026-01-27 22:56:44
d762b46a-799c-45f4-9c48-f934ed221aa4,d21a11a3-989a-4697-a5f2-850fe33cd072,XRP-USD,crypto,12.582913,3.179574,2025-05-25 21:01:29,2025-12-21 06:51:44
ea25644f-bb21-4f46-819d-e6d608346062,bd37d1b2-229a-4cd9-82c3-b6dd69c998ba,LREN3.SA,stock,240.149323,18.910482,2026-02-22 13:00:36,2026-02-28 03:17:36
585f5ce8-42d6-4e30-91d1-a90200a421cd,bd37d1b2-229a-4cd9-82c3-b6dd69c998ba,DOGE-USD,crypto,18.982369,0.737158,2026-02-11 13:00:36,2026-02-28 10:18:07
b455ae52-c690-4fdb-9c1a-d637110770ae,bd37d1b2-229a-4cd9-82c3-b6dd69c998ba,GOOGL,stock,954.929422,848.629608,2026-02-18 13:00:36,2026-02-28 13:51:11
24243541-961f-4916-bf38-b6330bd764a7,bd37d1b2-229a-4cd9-82c3-b6dd69c998ba,SOL-USD,crypto,9.866307,722.577133,2026-02-07 13:00:36,2026-02-28 21:28:09
68017471-3451-4eee-b009-856a36fd6459,bd37d1b2-229a-4cd9-82c3-b6dd69c998ba,EUR-BRL,fx,8577.787788,5.390344,2026-02-18 13:00:36,2026-02-28 17:57:38
b7886be9-b5e1-4ae3-b7ce-aac1b42d3e68,229f8411-01f5-423d-af9c-c4f4b5dd807d,ADA-USD,crypto,8.164234,2.010181,2026-02-15 13:00:36,2026-02-28 13:38:56
8308240a-a5e6-4f59-b988-bcf97c9ec54d,229f8411-01f5-423d-af9c-c4f4b5dd807d,VALE3.SA,stock,287.840563,63.71866,2026-02-15 13:00:36,2026-02-24 19:56:36
1d264886-d740-4b2e-b6f7-db7dca70f47f,229f8411-01f5-423d-af9c-c4f4b5dd807d,NVDA,stock,277.87734,4696.597309,2026-02-04 13:00:36,2026-02-23 03:32:28
fcee2692-8cb9-4fd9-af8f-fe956e5cb7d6,229f8411-01f5-423d-af9c-c4f4b5dd807d,ABEV3.SA,stock,476.050627,14.443026,2026-02-03 13:00:36,2026-02-28 13:36:03
d12b5d63-8b84-4e56-b9f8-f4118cceb3df,229f8411-01f5-423d-af9c-c4f4b5dd807d,JPM,stock,149.071605,922.785721,2026-02-05 13:00:36,2026-02-28 07:12:25
b3898a62-b392-4197-a956-8ae871aac2ac,229f8411-01f5-423d-af9c-c4f4b5dd807d,META,stock,408.947523,2240.052488,2026-02-10 13:00:36,2026-02-28 12:35:21
976c340e-c7e2-498a-b2c3-584e22a96a5a,229f8411-01f5-423d-af9c-c4f4b5dd807d,V,stock,314.839045,1326.403491,2026-02-04 13:00:36,2026-02-24 20:29:05
3a946b1b-399f-49f2-87b6-ebdc5a21b1a5,1341a8dc-cf31-4c91-ad4f-d0b08a36bef3,SOL-USD,crypto,15.016341,686.788228,2026-01-30 13:00:36,2026-02-28 02:04:53
6195f2bd-e169-4b79-87cf-dd86b57f2a4c,1341a8dc-cf31-4c91-ad4f-d0b08a36bef3,PETR4.SA,stock,500.230659,39.765014,2026-02-08 13:00:36,2026-02-28 09:18:41
40f24869-ea66-4e30-864c-6dde8cde5604,1341a8dc-cf31-4c91-ad4f-d0b08a36bef3,JPM,stock,253.52268,1084.833112,2026-02-07 13:00:36,2026-02-28 00:05:50
fcb5c705-2282-4f8e-b4cc-5ae7608c5d4b,b367ed2d-244c-421e-b18e-195663601473,ADA-USD,crypto,11.898444,2.537432,2025-01-18 02:43:23,2026-02-09 13:32:17
3d11bda6-fd69-491d-a426-eb75f0fbdac0,b367ed2d-244c-421e-b18e-195663601473,META,stock,477.116148,2236.638849,2025-01-30 02:43:23,2026-02-13 00:45:00
c2ccacff-26c5-48f8-a69f-ff09386952dc,b367ed2d-244c-421e-b18e-195663601473,MGLU3.SA,stock,889.856299,6.854405,2025-01-30 02:43:23,2026-01-30 20:28:30
aaa0f6a5-8c70-4ee3-a889-4d22ab4c9913,b367ed2d-244c-421e-b18e-195663601473,AAPL,stock,553.948646,978.861555,2025-02-05 02:43:23,2026-02-16 20:24:51
7b965fe3-55f3-4f63-a3d2-9f266b60b565,b367ed2d-244c-421e-b18e-195663601473,ETH-USD,crypto,4.084058,17709.169276,2025-01-29 02:43:23,2026-02-15 21:25:26
13933c22-68c3-4083-942e-3d115d4e3755,b367ed2d-244c-421e-b18e-195663601473,BTC-USD,crypto,9.471252,310745.190405,2025-01-19 02:43:23,2026-02-26 18:09:33
f825fe82-508d-454f-87a3-89f1d3b222c9,b367ed2d-244c-421e-b18e-195663601473,DOGE-USD,crypto,10.052619,0.920897,2025-02-10 02:43:23,2026-02-15 06:07:07
75519709-e08b-4ab3-b3db-a39bfdcfc4cf,b367ed2d-244c-421e-b18e-195663601473,TSLA,stock,1391.637744,1187.947584,2025-01-20 02:43:23,2026-02-13 20:57:50
fb4ffa4c-b243-474c-aabf-3a30d599083c,b367ed2d-244c-421e-b18e-195663601473,GOOGL,stock,417.035373,881.155975,2025-02-11 02:43:23,2025-12-29 01:29:17
92671e3e-fabe-4438-9b57-5ec87801e1f6,94621d90-cce9-4da3-9b8c-3e0db1dc8dd7,AVAX-USD,crypto,4.91116,444.3522,2025-02-20 02:43:23,2025-11-26 08:25:50
422bbb59-a05e-49a8-9685-df4ef9cfe4d1,94621d90-cce9-4da3-9b8c-3e0db1dc8dd7,BNB-USD,crypto,23.140299,1558.667049,2025-02-23 02:43:23,2026-01-11 05:50:25
089e7c11-4956-443f-b8d4-695b29bbf0f6,94621d90-cce9-4da3-9b8c-3e0db1dc8dd7,BTC-USD,crypto,11.6197,269997.050432,2025-02-14 02:43:23,2025-11-08 23:23:01
5dbcd1f3-c6c0-4983-a783-c512015b46a8,94621d90-cce9-4da3-9b8c-3e0db1dc8dd7,ADA-USD,crypto,3.816567,2.577625,2025-02-19 02:43:23,2025-11-09 03:53:16
5c0b1d03-19c8-4eec-baee-c21d92c8a061,94621d90-cce9-4da3-9b8c-3e0db1dc8dd7,ETH-USD,crypto,46.079512,16308.792885,2025-02-03 02:43:23,2025-12-26 00:26:58
091eb90f-c037-447a-82c2-6b78d5c9e06c,94621d90-cce9-4da3-9b8c-3e0db1dc8dd7,B3SA3.SA,stock,511.048273,10.762744,2025-02-23 02:43:23,2026-02-10 12:26:37
d2be6e1f-bfa8-4c9d-834e-20a2cd81c480,94621d90-cce9-4da3-9b8c-3e0db1dc8dd7,JPY-BRL,fx,19553.490215,0.036199,2025-02-12 02:43:23,2026-02-27 02:48:29
2c8be1ea-165c-4969-bbe7-edf23d48dacd,d74c29ca-620c-4026-89d5-b9b754990f24,B3SA3.SA,stock,448.619288,11.84192,2025-02-13 02:43:23,2026-02-21 19:27:05
f35337a4-9096-4327-81fb-f142793449dc,d74c29ca-620c-4026-89d5-b9b754990f24,BNB-USD,crypto,22.47502,1407.131536,2025-02-03 02:43:23,2026-02-18 12:50:26
68636785-be03-44a2-bd1c-9675fff7fd6d,d74c29ca-620c-4026-89d5-b9b754990f24,GOOGL,stock,276.557994,921.790115,2025-02-21 02:43:23,2025-09-03 10:52:13
d45c388c-770a-49e0-a36f-768a51d9e080,d74c29ca-620c-4026-89d5-b9b754990f24,SOL-USD,crypto,13.87385,685.853632,2025-02-06 02:43:23,2025-12-14 05:32:45
bbef7f91-c988-4432-a526-c1687068fc75,d74c29ca-620c-4026-89d5-b9b754990f24,LREN3.SA,stock,253.191705,20.431413,2025-02-23 02:43:23,2026-01-20 00:52:19
09982a72-8217-403d-9848-66de3e4c3a8e,d74c29ca-620c-4026-89d5-b9b754990f24,JPM,stock,356.629141,1090.282911,2025-02-06 02:43:23,2025-10-02 23:11:25
1be953c1-3735-4eb1-8ba6-0a1b1602a662,d74c29ca-620c-4026-89d5-b9b754990f24,NVDA,stock,392.275803,4674.859455,2025-02-12 02:43:23,2026-01-28 09:21:28
cc6d6b4f-ae18-4f4e-bd03-40714bb1dd95,d74c29ca-620c-4026-89d5-b9b754990f24,VALE3.SA,stock,356.797084,61.430881,2025-02-05 02:43:23,2026-01-05 00:21:55
b9be7fad-2772-471e-bd06-8f6f4e2cae93,d74c29ca-620c-4026-89d5-b9b754990f24,WEGE3.SA,stock,80.967196,55.289352,2025-02-08 02:43:23,2026-01-18 01:20:54
ac3cb018-ecca-472a-a992-8b59a005740c,d74c29ca-620c-4026-89d5-b9b754990f24,ETH-USD,crypto,11.749641,17058.115535,2025-02-02 02:43:23,2026-01-28 21:49:05
66d4d968-2751-4978-9622-a8b839d5814f,d5926c28-df9b-4a2d-873c-0442463ba295,LREN3.SA,stock,455.760722,17.771587,2026-02-07 22:25:59,2026-02-22 02:07:56
ef2e6129-8305-4430-8ee3-74f44b8c707e,d5926c28-df9b-4a2d-873c-0442463ba295,ETH-USD,crypto,27.695284,17321.310256,2026-02-11 22:25:59,2026-02-28 22:26:25
ab2719ae-b835-41ab-9ab6-33568a04c9ad,d5926c28-df9b-4a2d-873c-0442463ba295,USD-BRL,fx,18692.781662,5.450898,2026-02-16 22:25:59,2026-02-27 22:47:12
2378e5af-d167-4398-8dad-592af20ffaaf,d5926c28-df9b-4a2d-873c-0442463ba295,ABEV3.SA,stock,928.202043,11.8026,2026-02-11 22:25:59,2026-02-28 13:36:33
cdc62b61-37fe-4a5d-ad22-5a715764d433,d5926c28-df9b-4a2d-873c-0442463ba295,XRP-USD,crypto,7.430435,3.217468,2026-02-11 22:25:59,2026-02-28 19:39:03
15918381-c619-4137-9c72-3cade6f68232,4d66d17c-bed9-4637-a79e-e59cc84e82b8,ETH-USD,crypto,15.894823,15667.863845,2026-02-14 22:25:59,2026-02-26 22:35:37
6d5e8e42-e4a8-422e-9094-627857df347e,4d66d17c-bed9-4637-a79e-e59cc84e82b8,VALE3.SA,stock,998.016122,59.884158,2026-02-03 22:25:59,2026-02-27 17:42:40
391d3341-2468-43a3-9f5a-0ad4c344c3cb,4d66d17c-bed9-4637-a79e-e59cc84e82b8,PETR4.SA,stock,697.314115,32.343848,2026-02-02 22:25:59,2026-02-27 07:54:26
513da38f-91f8-4082-8b73-5a4482e61d67,4d66d17c-bed9-4637-a79e-e59cc84e82b8,SOL-USD,crypto,7.991601,676.674536,2026-01-28 22:25:59,2026-02-24 21:34:40
6a7c1fc6-2c9b-4a27-842b-fdfd70fc6edb,4d66d17c-bed9-4637-a79e-e59cc84e82b8,JPM,stock,617.739599,1060.179161,2026-02-08 22:25:59,2026-02-28 11:21:14
517bedd1-a65b-4647-8dd6-57f5b8eb1d97,4d66d17c-bed9-4637-a79e-e59cc84e82b8,GBP-BRL,fx,72368.057752,6.564869,2026-02-26 22:25:59,2026-02-28 20:49:35
5a64fba7-b6f7-46bf-a0d7-c41a034a164e,4d66d17c-bed9-4637-a79e-e59cc84e82b8,ABEV3.SA,stock,384.296953,12.751059,2026-02-11 22:25:59,2026-02-21 10:15:41
439f5900-fca7-4c3d-9e50-a28bc5b1b92c,4d66d17c-bed9-4637-a79e-e59cc84e82b8,CHF-BRL,fx,3778.163642,5.075267,2026-02-16 22:25:59,2026-02-28 16:24:52
89dd090b-e509-4abd-9b2f-bb438f55306f,4d66d17c-bed9-4637-a79e-e59cc84e82b8,RENT3.SA,stock,568.385585,55.266157,2026-02-12 22:25:59,2026-02-28 05:54:11
14304e93-8dc3-40a1-8058-d9e7cf29991c,4afa3de0-c09e-4cb7-b774-d0c13d8e822d,GOOGL,stock,552.531351,846.026886,2026-01-29 22:25:59,2026-02-27 05:35:21
7541f6bd-3ab7-424e-9096-717a672c0a46,4afa3de0-c09e-4cb7-b774-d0c13d8e822d,JPM,stock,1141.146251,975.134425,2026-02-19 22:25:59,2026-02-28 13:09:04
1296d0a2-26a8-4136-a672-b1c0054b627f,4afa3de0-c09e-4cb7-b774-d0c13d8e822d,WEGE3.SA,stock,782.754879,51.308965,2026-02-07 22:25:59,2026-02-27 15:55:12
a6c8847e-fa86-4f18-a042-14dca7c21bf6,4afa3de0-c09e-4cb7-b774-d0c13d8e822d,TSLA,stock,445.059855,1125.569683,2026-02-24 22:25:59,2026-02-28 10:20:47
f9c136a7-8431-490d-8688-a8c51e6abd81,4afa3de0-c09e-4cb7-b774-d0c13d8e822d,XRP-USD,crypto,2.320238,3.020645,2026-01-28 22:25:59,2026-02-21 22:30:13
6db7a687-9adc-4021-80a8-a3cd318249fd,4c99ece9-87b1-431a-b7fd-1bb03c6064cb,BNB-USD,crypto,2.201856,1070.248929,2025-08-19 20:46:08,2026-02-24 12:36:27
3ec8a9bc-312c-44d5-8f52-8d21550f869a,4c99ece9-87b1-431a-b7fd-1bb03c6064cb,RENT3.SA,stock,691.439513,56.306982,2025-09-04 20:46:08,2026-02-28 10:17:42
2f4ca542-ce51-4fcf-91f2-3db6108f7320,4c99ece9-87b1-431a-b7fd-1bb03c6064cb,GBP-BRL,fx,15931.273477,6.369884,2025-08-20 20:46:08,2026-01-31 14:53:22
d8095020-17cd-4c04-90b5-d1348d01f821,4c99ece9-87b1-431a-b7fd-1bb03c6064cb,AMZN,stock,564.633336,910.320513,2025-08-25 20:46:08,2026-01-26 23:56:27
97bdfbfc-1367-4fd5-957c-7e73db35a665,4c99ece9-87b1-431a-b7fd-1bb03c6064cb,GOOGL,stock,343.41485,915.987958,2025-09-01 20:46:08,2026-02-05 13:43:43
0904ef8b-82a7-49e2-bcfe-a93952a29d27,4c99ece9-87b1-431a-b7fd-1bb03c6064cb,NVDA,stock,303.333942,4385.982955,2025-08-28 20:46:08,2026-02-07 09:52:16
fba03d3f-c611-4891-849b-c791cb6554e7,2e9aa56d-ccb1-4c02-be4e-a0c1891db4ad,ITUB4.SA,stock,64.117984,32.548843,2025-09-16 20:46:08,2026-01-09 15:40:14
23d8c437-e7e5-449a-a849-303c722f8175,2e9aa56d-ccb1-4c02-be4e-a0c1891db4ad,JPY-BRL,fx,10578.235238,0.034977,2025-09-16 20:46:08,2025-12-06 17:23:41
53e035da-06b7-4dc9-8e05-20178e03c203,2e9aa56d-ccb1-4c02-be4e-a0c1891db4ad,SOL-USD,crypto,4.010662,704.440985,2025-08-30 20:46:08,2026-02-11 08:43:00
16bdae7d-2c7e-41eb-a671-87011bf25936,c5f1b951-4fb3-4849-a1ad-339b7f25bd49,GOOGL,stock,311.205631,946.322906,2025-08-28 20:46:08,2026-02-02 05:24:20
d3b7edee-0663-47e4-84dc-0322371b94ed,c5f1b951-4fb3-4849-a1ad-339b7f25bd49,AVAX-USD,crypto,11.309865,478.052183,2025-09-12 20:46:08,2026-02-05 11:15:22
eaf328a6-6c9c-46bf-a739-34d8f4a9b91d,c5f1b951-4fb3-4849-a1ad-339b7f25bd49,EUR-BRL,fx,53046.506244,5.918662,2025-09-04 20:46:08,2026-02-15 13:19:30
b28c3bce-b37f-4e3d-beb5-8a4a3ac01182,c5f1b951-4fb3-4849-a1ad-339b7f25bd49,AAPL,stock,293.149224,1002.645018,2025-08-20 20:46:08,2026-01-05 17:43:34
f1189d1d-b87a-4bfd-8295-2614ab419862,6fdd6f55-e43a-447d-a27c-11550d235b00,AVAX-USD,crypto,5.546917,473.67527,2025-01-18 21:27:26,2025-05-13 20:00:00
7957799a-dceb-4c04-a467-4f3cac525775,6fdd6f55-e43a-447d-a27c-11550d235b00,VALE3.SA,stock,329.109493,63.060219,2025-01-13 21:27:26,2026-01-24 04:02:53
6172d762-700c-43fb-bb96-6a15a4e8d597,6fdd6f55-e43a-447d-a27c-11550d235b00,NVDA,stock,1620.8574,4282.029026,2025-02-02 21:27:26,2026-02-17 14:00:22
7091f5b9-a352-4f80-9c96-f4319c61632c,2c2ec253-f9b3-4f81-95f8-23fee0a53790,V,stock,136.253567,1340.479409,2025-01-31 21:27:26,2026-02-26 11:26:40
0a3f7873-3955-45aa-a8f8-2b1d9ee8a9ef,2c2ec253-f9b3-4f81-95f8-23fee0a53790,AMZN,stock,575.392441,912.587831,2025-02-02 21:27:26,2026-02-08 10:31:08
35e9043e-a0e1-43fe-a0aa-791e1eb9dcae,2c2ec253-f9b3-4f81-95f8-23fee0a53790,B3SA3.SA,stock,178.939003,11.872979,2025-01-31 21:27:26,2026-01-28 05:24:05
302e61a2-1bd5-40c6-b89b-6639c5b0f9a9,2c2ec253-f9b3-4f81-95f8-23fee0a53790,ETH-USD,crypto,7.191669,17501.394147,2025-01-04 21:27:26,2026-02-15 22:32:35
4ade5ff5-e961-40a4-8899-ce2c7a99750c,2c2ec253-f9b3-4f81-95f8-23fee0a53790,TSLA,stock,646.985175,1133.456705,2025-01-25 21:27:26,2026-01-30 04:44:47
721e823a-5109-47d3-ab0d-2d1fb16ccacf,2c2ec253-f9b3-4f81-95f8-23fee0a53790,BNB-USD,crypto,41.985171,1578.447744,2025-01-21 21:27:26,2026-02-23 08:37:29
26650ed0-4626-48a1-b355-97b03849d789,2c2ec253-f9b3-4f81-95f8-23fee0a53790,PETR4.SA,stock,794.431021,39.198492,2025-01-12 21:27:26,2025-11-28 19:20:15
325a9b99-f99a-46dd-a922-47ac43132811,2c2ec253-f9b3-4f81-95f8-23fee0a53790,GOOGL,stock,1024.788061,878.104216,2025-01-07 21:27:26,2025-12-11 00:09:20
0323a725-2d4e-45c8-bdc3-b8ecf3318f98,ee210db8-c7f1-4c99-8532-25df08b33cce,RENT3.SA,stock,411.607726,56.100468,2025-01-07 21:27:26,2026-02-22 00:33:56
44fe23f4-942c-498c-b375-61c49e6bbff4,ee210db8-c7f1-4c99-8532-25df08b33cce,V,stock,328.97187,1319.915003,2025-01-11 21:27:26,2026-02-16 03:50:17
c33188f4-37a9-46dc-960a-f3822f5da2e0,ee210db8-c7f1-4c99-8532-25df08b33cce,BTC-USD,crypto,2.773015,331049.26712,2025-01-24 21:27:26,2025-12-10 01:47:14
28929c7a-9a0d-4d01-be84-31ecd4c7a5d2,ee210db8-c7f1-4c99-8532-25df08b33cce,VALE3.SA,stock,182.445521,64.805563,2025-01-22 21:27:26,2026-02-22 10:31:58
393abb95-d9dd-4d0a-8b53-0d458d0f6835,ee210db8-c7f1-4c99-8532-25df08b33cce,XRP-USD,crypto,18.873216,2.864033,2025-01-10 21:27:26,2026-01-25 20:45:32
f8c82d4b-603d-4ea6-9c2d-1c1cb391790f,ee210db8-c7f1-4c99-8532-25df08b33cce,TSLA,stock,470.5632,1100.059631,2025-01-23 21:27:26,2026-02-27 01:39:19
16861311-270f-40e0-bd19-b400bd447789,ee210db8-c7f1-4c99-8532-25df08b33cce,WEGE3.SA,stock,737.58114,49.33382,2025-01-31 21:27:26,2026-02-05 08:44:12
aa72d33c-21e0-43db-a3bb-8dc75dbb478d,ee210db8-c7f1-4c99-8532-25df08b33cce,ADA-USD,crypto,23.456069,2.318159,2025-01-09 21:27:26,2026-02-22 14:59:35
b06077a3-6a07-4343-81a1-06ce000dcf1b,ee210db8-c7f1-4c99-8532-25df08b33cce,NVDA,stock,478.222198,4413.431091,2025-01-16 21:27:26,2026-02-13 06:43:26
a80bb7b8-3a74-4a53-a738-a05cca8691d6,ee210db8-c7f1-4c99-8532-25df08b33cce,DOGE-USD,crypto,7.846304,0.998867,2025-01-17 21:27:26,2026-02-22 21:30:29
0b212b7f-87b1-45e2-8937-57576ac3f8c0,caebf1f5-00ed-42ff-a61f-908c07553f60,TSLA,stock,542.855776,1049.056062,2025-06-30 02:36:02,2026-02-14 08:29:33
e9206e8c-79b3-4fe5-89d6-595adfae78e3,caebf1f5-00ed-42ff-a61f-908c07553f60,CHF-BRL,fx,26502.935732,5.530549,2025-06-10 02:36:02,2026-02-24 17:31:43
36447290-ff61-4c91-9851-a02d08dc2042,caebf1f5-00ed-42ff-a61f-908c07553f60,USD-BRL,fx,5462.225675,5.124645,2025-07-02 02:36:02,2026-01-21 01:30:36
9b611591-66eb-4f2a-bc78-6e2c538cb2df,caebf1f5-00ed-42ff-a61f-908c07553f60,ETH-USD,crypto,5.775912,16747.463685,2025-06-14 02:36:02,2026-02-23 23:23:40
6a33b348-c381-4361-84b6-cbe701a39a5b,caebf1f5-00ed-42ff-a61f-908c07553f60,ABEV3.SA,stock,1147.529152,12.133348,2025-07-02 02:36:02,2026-02-21 19:34:11
1c4993ab-0754-46fe-bbe4-79c95a41c1f1,caebf1f5-00ed-42ff-a61f-908c07553f60,B3SA3.SA,stock,1371.028672,11.197293,2025-06-11 02:36:02,2026-02-17 01:07:53
3b578728-3dfa-4fdc-98ab-e38e946d8720,caebf1f5-00ed-42ff-a61f-908c07553f60,ADA-USD,crypto,3.121295,2.488989,2025-06-24 02:36:02,2026-01-14 11:35:17
45b67ba5-c77f-45fd-a3ed-cf7e0e178844,caebf1f5-00ed-42ff-a61f-908c07553f60,MGLU3.SA,stock,888.158687,7.132337,2025-06-24 02:36:02,2026-01-20 23:08:11
e6e48561-216d-4744-9e82-abd2eb6ed37f,caebf1f5-00ed-42ff-a61f-908c07553f60,WEGE3.SA,stock,297.680123,52.303542,2025-06-23 02:36:02,2026-02-02 06:05:40
2058bdb3-ec2e-4c39-ae13-3ba72be0fbf7,caebf1f5-00ed-42ff-a61f-908c07553f60,NVDA,stock,772.807603,5033.635335,2025-07-03 02:36:02,2026-02-19 06:00:33
f5c4a9ee-6dc3-4497-86ed-3d15e6b2bfb3,0a301e30-44b4-4dc5-a47b-bb5a9861e6db,JPM,stock,757.270314,876.954454,2025-06-11 02:36:02,2026-02-11 10:55:09
48c09548-be4a-4ac8-88af-3edc2d88a804,0a301e30-44b4-4dc5-a47b-bb5a9861e6db,AVAX-USD,crypto,6.328602,461.145595,2025-06-11 02:36:02,2026-02-03 00:50:37
06e023db-33c1-4eb6-94d6-1bb77505848a,0a301e30-44b4-4dc5-a47b-bb5a9861e6db,META,stock,251.366267,2264.113391,2025-06-24 02:36:02,2026-02-09 22:54:52
4dfae90a-7f98-40d2-8ff8-080fae9973bb,0a301e30-44b4-4dc5-a47b-bb5a9861e6db,JPY-BRL,fx,19924.122451,0.032632,2025-06-15 02:36:02,2026-02-25 09:30:56
cb5d7f77-c9b9-4164-9122-c85445051b9f,0a301e30-44b4-4dc5-a47b-bb5a9861e6db,GOOGL,stock,587.369851,965.759475,2025-06-22 02:36:02,2026-02-24 16:37:04
ce5a2792-11e1-4e60-938e-3d2b1c60d730,0a301e30-44b4-4dc5-a47b-bb5a9861e6db,NVDA,stock,581.899255,4352.176289,2025-06-25 02:36:02,2026-01-23 17:45:29
75403610-0ce0-423b-87b4-e443018f2e9b,0a301e30-44b4-4dc5-a47b-bb5a9861e6db,LREN3.SA,stock,146.896128,19.795263,2025-06-13 02:36:02,2025-12-16 07:19:58
bf6e7e17-f568-442b-9ff1-b1712b978e13,0a301e30-44b4-4dc5-a47b-bb5a9861e6db,BTC-USD,crypto,9.855406,275280.1699,2025-07-07 02:36:02,2026-02-11 04:35:49
d803f4ee-10b3-45f4-b5a8-59b689e4d211,83d07c56-32b9-475d-be0d-8d56c4620c01,BNB-USD,crypto,24.428243,1497.48075,2025-06-14 02:36:02,2025-12-12 10:33:52
9599bd03-49e6-4e4f-83c9-92fdb835b560,83d07c56-32b9-475d-be0d-8d56c4620c01,WMT,stock,183.561511,889.522002,2025-07-02 02:36:02,2026-01-14 16:48:44
03970f54-418e-4544-9213-44bc2cb07381,83d07c56-32b9-475d-be0d-8d56c4620c01,ADA-USD,crypto,8.295873,2.388804,2025-06-21 02:36:02,2026-02-23 03:01:49
f48c1a7e-2060-4969-b1dd-7816e52fc070,83d07c56-32b9-475d-be0d-8d56c4620c01,ITUB4.SA,stock,270.145141,32.684403,2025-06-21 02:36:02,2025-12-08 16:10:13
2251e5b3-a24e-4381-b195-0a818dfdff1a,83d07c56-32b9-475d-be0d-8d56c4620c01,ETH-USD,crypto,11.011281,16998.548637,2025-06-27 02:36:02,2026-01-05 17:59:25
25834a4b-68c8-4e91-befd-572f13454156,83d07c56-32b9-475d-be0d-8d56c4620c01,NVDA,stock,695.988657,4571.554213,2025-07-02 02:36:02,2026-02-18 14:22:07
97c6ae17-da4f-4fb8-a709-b640c7c7468c,83d07c56-32b9-475d-be0d-8d56c4620c01,GBP-BRL,fx,14354.246567,6.556498,2025-07-07 02:36:02,2026-01-10 00:06:32
cf68920a-c0ec-4385-afc9-9ae7936a1060,83d07c56-32b9-475d-be0d-8d56c4620c01,SOL-USD,crypto,16.511397,735.841848,2025-06-28 02:36:02,2025-12-27 14:02:03
77d80604-675e-4e69-9a50-8b14b8210f2d,0a90f23f-00cb-4bf3-aac9-bf0b3249b199,GBP-BRL,fx,25007.25119,6.577364,2025-09-12 08:48:08,2026-02-07 13:50:06
b56cee17-24f1-4417-bc9e-0f16153e7e0f,0a90f23f-00cb-4bf3-aac9-bf0b3249b199,AMZN,stock,619.922478,988.767677,2025-10-02 08:48:08,2026-02-22 14:16:53
54007902-1007-4834-bbd6-3d6fe3d189ce,0a90f23f-00cb-4bf3-aac9-bf0b3249b199,EUR-BRL,fx,41077.240988,5.377397,2025-10-02 08:48:08,2026-02-03 21:07:19
927bb440-bbf6-4d81-b854-82d7d4b45a77,817df1c0-8fec-442c-943c-4c680d0631de,MSFT,stock,340.594115,1813.585969,2025-09-04 16:41:37,2026-01-15 21:14:10
624de829-d89e-4946-a1ae-eea2f9da1d91,817df1c0-8fec-442c-943c-4c680d0631de,WMT,stock,828.58222,800.230409,2025-09-06 16:41:37,2026-02-27 01:30:06
7aa50843-ff98-419c-b52c-f98bb6d96c9d,817df1c0-8fec-442c-943c-4c680d0631de,AVAX-USD,crypto,25.194563,448.791478,2025-09-14 16:41:37,2026-02-14 14:17:52
fda36602-c9e7-4284-a47f-b08f17b286ee,817df1c0-8fec-442c-943c-4c680d0631de,AAPL,stock,464.374552,936.946946,2025-09-17 16:41:37,2026-02-18 00:14:08
c4da8531-70e3-4d7e-a5e8-79fe7c6b712a,817df1c0-8fec-442c-943c-4c680d0631de,AMZN,stock,539.668322,1004.491644,2025-08-21 16:41:37,2026-01-02 21:26:33
c2d87818-a9e9-42b2-88fe-c064a5a9a2a1,2da40f4c-e2c5-4170-a998-f2ee69b42bbf,PETR4.SA,stock,745.9928,39.229479,2025-05-07 00:41:59,2026-01-09 16:22:46
2b678c89-b681-4467-912b-6fc9adbe09ff,2da40f4c-e2c5-4170-a998-f2ee69b42bbf,MGLU3.SA,stock,381.280837,7.074737,2025-05-21 00:41:59,2025-11-22 09:55:56
2b77c0d7-f591-4bb3-a09c-eda14baf1e89,2da40f4c-e2c5-4170-a998-f2ee69b42bbf,ADA-USD,crypto,13.123755,2.684755,2025-04-26 00:41:59,2026-01-16 01:03:54
b37bbae8-2c3d-4c27-b672-cee5e8d9b050,06c437eb-7ed5-4e23-bb78-57c09092c8fd,NVDA,stock,144.861496,4422.563993,2025-05-11 00:41:59,2026-02-15 17:40:06
71c5ebf5-0c5b-4027-9022-d2a7df7cf82c,06c437eb-7ed5-4e23-bb78-57c09092c8fd,RENT3.SA,stock,119.445395,57.557308,2025-04-25 00:41:59,2026-01-22 12:57:18
5517528d-df6f-49ea-89d6-844397339cb3,06c437eb-7ed5-4e23-bb78-57c09092c8fd,GBP-BRL,fx,21437.311535,6.168073,2025-05-07 00:41:59,2026-02-24 23:39:07
089d1b92-c88b-45d3-9a7d-5e3120cfead3,06c437eb-7ed5-4e23-bb78-57c09092c8fd,AVAX-USD,crypto,14.929156,443.490265,2025-04-24 00:41:59,2026-02-17 18:04:18
d821b896-bad7-439c-9d7f-46b5153867d5,06c437eb-7ed5-4e23-bb78-57c09092c8fd,USD-BRL,fx,30712.189923,5.03374,2025-05-06 00:41:59,2025-12-13 14:18:23
00dce830-84b8-4ae2-8600-07107341ea99,06c437eb-7ed5-4e23-bb78-57c09092c8fd,B3SA3.SA,stock,833.124697,12.820928,2025-04-17 00:41:59,2026-02-21 08:28:23
2d21aaf4-b770-41a1-873a-2cd6b1b948fd,06c437eb-7ed5-4e23-bb78-57c09092c8fd,TSLA,stock,1060.957537,1009.652634,2025-04-27 00:41:59,2026-02-25 15:27:21
1a8f34e9-d1c3-4051-b37e-dd72404a85d3,06c437eb-7ed5-4e23-bb78-57c09092c8fd,AMZN,stock,650.087385,1073.33811,2025-04-30 00:41:59,2026-02-28 20:16:07
3eb82db7-fb1a-4cf3-8efc-07b8974aa043,18ffd5f7-08b0-443f-b450-5335c55f8345,WEGE3.SA,stock,957.487245,54.64803,2025-05-19 00:41:59,2026-01-14 00:36:01
ef1e91a7-17fe-44ac-b62c-2c026c55c760,18ffd5f7-08b0-443f-b450-5335c55f8345,BTC-USD,crypto,8.794054,288465.698596,2025-04-19 00:41:59,2025-12-27 11:14:55
7144e7a7-1461-46e3-936f-958a21994706,18ffd5f7-08b0-443f-b450-5335c55f8345,WMT,stock,601.891136,774.328744,2025-04-22 00:41:59,2026-02-15 18:27:02
1cc9c7a4-462e-4f64-b03a-d19915559ab3,18ffd5f7-08b0-443f-b450-5335c55f8345,MSFT,stock,210.747547,2007.514145,2025-04-26 00:41:59,2026-02-20 14:30:07
a366ccf9-1900-4c67-a7be-8ce2ddd34777,18ffd5f7-08b0-443f-b450-5335c55f8345,SOL-USD,crypto,44.203345,703.610803,2025-05-01 00:41:59,2026-02-15 12:55:08
783e1a04-cc19-4499-8a72-f44712dd9c28,18ffd5f7-08b0-443f-b450-5335c55f8345,XRP-USD,crypto,13.43743,3.137842,2025-05-08 00:41:59,2026-02-18 12:48:43
1029d081-c34d-4f77-99af-5cf663b29972,18ffd5f7-08b0-443f-b450-5335c55f8345,ETH-USD,crypto,3.242266,16578.444317,2025-05-05 00:41:59,2026-01-19 07:04:00
81f6a13f-aee2-43e6-a2df-aa64a3330cf2,18ffd5f7-08b0-443f-b450-5335c55f8345,ADA-USD,crypto,9.07878,2.528832,2025-04-21 00:41:59,2026-02-27 06:05:11
32141fe8-8bd3-4b1b-b8cd-caccb4c066ae,071e160a-dbe8-4661-b898-060edeb37661,AVAX-USD,crypto,32.66471,403.72892,2026-02-16 07:33:27,2026-02-26 03:35:25
066b87ed-2c5c-4adc-ba27-35370ba05e76,071e160a-dbe8-4661-b898-060edeb37661,LREN3.SA,stock,861.168057,18.509931,2026-02-14 07:33:27,2026-02-28 09:03:55
72ae63e2-3445-478b-9971-ad8dc2b0af72,071e160a-dbe8-4661-b898-060edeb37661,ITUB4.SA,stock,685.59506,32.072175,2026-02-13 07:33:27,2026-02-26 15:42:28
06407b34-549c-4326-a2d2-4efeb7e2fb8a,071e160a-dbe8-4661-b898-060edeb37661,ABEV3.SA,stock,665.629292,12.317383,2026-01-28 07:33:27,2026-02-27 15:46:02
45015476-b64e-48fc-84fd-5cb5cf15ea85,071e160a-dbe8-4661-b898-060edeb37661,ADA-USD,crypto,15.259304,2.567168,2026-01-28 07:33:27,2026-02-25 18:47:06
339a79af-27ad-4498-b85f-ccabadd9131b,daa8827f-633f-49eb-bd55-bb86d9a0f726,GOOGL,stock,405.747821,921.357663,2025-06-09 12:44:06,2026-01-20 14:13:37
aae0c67a-fa7d-4cd4-955b-55d316926b83,daa8827f-633f-49eb-bd55-bb86d9a0f726,BNB-USD,crypto,7.359849,1536.905912,2025-06-21 12:44:06,2026-01-18 04:15:55
ea1d30fe-e854-4c41-a304-0f928128a4c1,daa8827f-633f-49eb-bd55-bb86d9a0f726,ADA-USD,crypto,15.135843,2.489496,2025-06-07 12:44:06,2026-02-24 22:23:15
345c9b87-877e-434e-b305-44550b0df9bb,de7f73e5-1847-41e2-9e65-ec66106569aa,AVAX-USD,crypto,7.3895,436.832021,2025-06-27 12:44:06,2026-02-06 00:21:47
38bd5940-a18c-429d-8159-8d990888b3f6,de7f73e5-1847-41e2-9e65-ec66106569aa,BNB-USD,crypto,15.767152,1373.580819,2025-06-14 12:44:06,2026-02-28 04:23:16
4b091e9b-8913-424c-b609-e6929b81c9ce,de7f73e5-1847-41e2-9e65-ec66106569aa,NVDA,stock,304.594049,4477.914461,2025-06-21 12:44:06,2026-02-17 10:34:20
164c72f8-f08a-4ca7-ad89-74a5476bb76e,de7f73e5-1847-41e2-9e65-ec66106569aa,ADA-USD,crypto,15.986928,2.663439,2025-06-20 12:44:06,2026-02-14 23:40:55
b2e57b50-ca37-43cc-854d-5b1f664239d2,de7f73e5-1847-41e2-9e65-ec66106569aa,PETR4.SA,stock,169.978843,41.268462,2025-06-29 12:44:06,2026-01-26 05:03:55
cb5eb34e-3094-4bae-9c8c-a92757d11684,1ad04e87-d5fe-4f86-88ce-7e9fbf784ae7,PETR4.SA,stock,393.471836,37.948868,2025-06-21 12:44:06,2026-02-20 02:05:04
d9e7a5b6-b933-4a3d-82fe-e294ce3b0154,1ad04e87-d5fe-4f86-88ce-7e9fbf784ae7,AAPL,stock,580.682503,862.950706,2025-06-24 12:44:06,2025-11-27 03:38:06
2263f15a-0761-46c0-ba8f-c7036464878b,1ad04e87-d5fe-4f86-88ce-7e9fbf784ae7,GOOGL,stock,240.734995,856.712344,2025-06-16 12:44:06,2026-01-18 17:09:43
3ad72516-8b43-4c43-a03f-baeb7b29de0c,1ad04e87-d5fe-4f86-88ce-7e9fbf784ae7,AVAX-USD,crypto,12.089903,469.142893,2025-05-30 12:44:06,2026-02-12 21:37:46
b4ee9286-4db7-46ea-8332-6f4b9d1fc8f3,1ad04e87-d5fe-4f86-88ce-7e9fbf784ae7,BTC-USD,crypto,12.112966,277294.999263,2025-06-08 12:44:06,2025-12-17 12:04:31
8b138d49-6dc7-4d39-b0e2-0b832733edb9,1ad04e87-d5fe-4f86-88ce-7e9fbf784ae7,DOGE-USD,crypto,4.080009,0.874884,2025-06-11 12:44:06,2026-02-01 03:28:08
e0bfa6af-3043-4a11-85dd-0a4ed79e224e,1ad04e87-d5fe-4f86-88ce-7e9fbf784ae7,META,stock,979.272853,2190.4169,2025-06-08 12:44:06,2026-02-19 03:25:03
fcc25ba8-003a-4b7d-925f-1ddcd4be2d75,1ad04e87-d5fe-4f86-88ce-7e9fbf784ae7,V,stock,805.62405,1427.503091,2025-05-29 12:44:06,2026-02-05 17:59:47
aeafa3b5-20f0-4239-94c9-f5ec856d0645,7383cce6-bcd2-481d-b382-e15f9e06a70e,B3SA3.SA,stock,604.859454,13.375008,2026-01-26 17:35:42,2026-02-27 12:33:17
7fe1ad3c-7d18-4345-84e4-994a89b29033,7383cce6-bcd2-481d-b382-e15f9e06a70e,V,stock,352.133367,1333.189889,2026-02-08 17:35:42,2026-02-28 04:11:48
e00a8bbd-8aac-421f-aaa6-0b0931a82315,7383cce6-bcd2-481d-b382-e15f9e06a70e,AAPL,stock,1218.615584,958.640318,2026-02-05 17:35:42,2026-02-28 11:02:30
03553a41-1112-43cc-b8c8-e6c808ee9e9a,7383cce6-bcd2-481d-b382-e15f9e06a70e,GOOGL,stock,283.876724,888.185526,2026-02-12 17:35:42,2026-02-26 18:39:19
8ca2c1fe-c0f4-4868-9127-71190765e0e9,7383cce6-bcd2-481d-b382-e15f9e06a70e,WMT,stock,1083.602188,951.60475,2026-02-06 17:35:42,2026-02-28 00:43:19
8fbd410a-21e0-473c-b044-aba54c85ffcb,7383cce6-bcd2-481d-b382-e15f9e06a70e,ABEV3.SA,stock,146.975437,12.165937,2026-01-31 17:35:42,2026-02-28 02:58:57
76da7710-b822-497c-a160-a513bc5656ec,7383cce6-bcd2-481d-b382-e15f9e06a70e,USD-BRL,fx,11583.283371,5.461883,2026-02-22 17:35:42,2026-02-28 15:15:10
2c5e8f3c-e762-47f9-9d52-f3f00b48cf1d,dd6a06e2-ec77-432a-afe3-29aac68f89e8,AMZN,stock,483.26098,970.795005,2026-01-26 17:35:42,2026-02-25 17:23:09
a48dc3c9-4232-4963-96cb-d8812f8ffc63,dd6a06e2-ec77-432a-afe3-29aac68f89e8,ABEV3.SA,stock,340.251442,12.867129,2026-02-17 17:35:42,2026-02-28 22:14:52
d859d90b-fd50-4ee1-8297-d0fbef882f89,dd6a06e2-ec77-432a-afe3-29aac68f89e8,WEGE3.SA,stock,491.698176,56.058458,2026-02-01 17:35:42,2026-02-27 08:36:58
e92b2427-024b-446d-99a0-fd6464d2d939,dd6a06e2-ec77-432a-afe3-29aac68f89e8,SOL-USD,crypto,16.984582,611.820607,2026-02-20 17:35:42,2026-02-28 19:42:02
b7cae2fe-3f1e-419b-82aa-8def5bb0a3b3,dd6a06e2-ec77-432a-afe3-29aac68f89e8,MSFT,stock,71.545763,1762.50715,2026-02-12 17:35:42,2026-02-27 05:32:33
dda9abb0-da79-42e5-b511-014612da7003,dd6a06e2-ec77-432a-afe3-29aac68f89e8,RENT3.SA,stock,556.993406,58.135848,2026-02-21 17:35:42,2026-02-27 16:35:03
19057966-a71c-4b22-af4c-a6a3814e648c,dd6a06e2-ec77-432a-afe3-29aac68f89e8,MGLU3.SA,stock,852.640431,6.767981,2026-02-15 17:35:42,2026-02-27 17:46:17
fc629d41-de42-454e-8772-0f5888a8f236,dd6a06e2-ec77-432a-afe3-29aac68f89e8,GOOGL,stock,274.495823,932.825932,2026-02-15 17:35:42,2026-02-28 14:00:10
9f306695-93c9-468a-b8c6-b9b057fb72f0,dd6a06e2-ec77-432a-afe3-29aac68f89e8,ADA-USD,crypto,19.387797,2.758402,2026-02-21 17:35:42,2026-02-27 22:07:27
1710da3d-14db-4469-a879-a46a2bafcc38,dd6a06e2-ec77-432a-afe3-29aac68f89e8,AAPL,stock,759.093666,1062.510708,2026-02-04 17:35:42,2026-02-25 07:57:05
c311f75d-2b09-4157-8f07-d7c4b4364c13,53e39bfb-27f4-4332-8a6a-241051570ed7,ETH-USD,crypto,13.51573,18080.378656,2026-02-20 17:35:42,2026-02-28 10:44:26
7ca2c3a2-7364-44ae-b9f2-00c97b579049,53e39bfb-27f4-4332-8a6a-241051570ed7,AVAX-USD,crypto,22.252974,438.706526,2026-02-14 17:35:42,2026-02-28 11:08:46
1e0eee59-05c0-42b9-8b48-85dce0725915,53e39bfb-27f4-4332-8a6a-241051570ed7,ITUB4.SA,stock,261.622295,34.730421,2026-02-27 17:35:42,2026-02-28 23:52:53
5daae6e9-8d43-4853-94e6-ca17ec9b488f,53e39bfb-27f4-4332-8a6a-241051570ed7,XRP-USD,crypto,11.943638,3.533451,2026-02-27 17:35:42,2026-02-28 21:34:24
5d9bc9f5-a86c-4d33-82b7-4d4910ec1286,53e39bfb-27f4-4332-8a6a-241051570ed7,SOL-USD,crypto,15.916528,681.999158,2026-02-16 17:35:42,2026-02-27 13:26:50
3cba73b6-a48d-4c76-bbf6-92cee257d364,53e39bfb-27f4-4332-8a6a-241051570ed7,WEGE3.SA,stock,212.562123,58.810749,2026-01-31 17:35:42,2026-02-27 00:38:53
3fbce085-ea84-423c-814d-2987138e7881,53e39bfb-27f4-4332-8a6a-241051570ed7,JPY-BRL,fx,16201.718005,0.03587,2026-02-19 17:35:42,2026-02-28 03:50:58
6d594d26-e7fe-4d4e-870c-c572822717ea,8ee85615-4fec-4122-8d07-7822ac2267d0,BNB-USD,crypto,16.728425,1572.222566,2025-04-29 23:15:06,2026-01-27 23:26:29
916c2ca1-8cc0-477f-bd5b-1fa2ac0b54b8,8ee85615-4fec-4122-8d07-7822ac2267d0,DOGE-USD,crypto,18.664333,0.879702,2025-04-29 23:15:06,2025-11-01 23:52:55
f7d59fc1-c112-43f8-af4e-455019c5bc10,8ee85615-4fec-4122-8d07-7822ac2267d0,RENT3.SA,stock,357.235854,55.218462,2025-05-03 23:15:06,2026-02-19 14:41:58
edd28d0d-1c67-47e2-9667-d8c9366cf2f7,8ee85615-4fec-4122-8d07-7822ac2267d0,TSLA,stock,668.437841,1145.762635,2025-05-10 23:15:06,2026-02-22 16:07:14
c6eb7915-a89a-45a0-b1a0-9bb4575e6b06,8ee85615-4fec-4122-8d07-7822ac2267d0,GOOGL,stock,532.513625,841.161774,2025-04-28 23:15:06,2026-02-19 22:56:11
c2b61ffa-73d2-46f4-859d-5dfde84d4314,8ee85615-4fec-4122-8d07-7822ac2267d0,USD-BRL,fx,30543.454611,4.956224,2025-05-21 23:15:06,2026-01-30 19:49:09
403f87e9-de30-4145-ad74-1044c25cf057,8ee85615-4fec-4122-8d07-7822ac2267d0,B3SA3.SA,stock,162.221141,11.220143,2025-05-20 23:15:06,2026-01-15 06:54:22
73742252-d968-44b8-b1e0-d465bb0b1a15,8ee85615-4fec-4122-8d07-7822ac2267d0,GBP-BRL,fx,34359.772778,6.257168,2025-05-05 23:15:06,2026-02-10 13:34:37
fe316e31-2695-462f-9717-42cf8592ab5f,8ee85615-4fec-4122-8d07-7822ac2267d0,AAPL,stock,886.404243,848.092745,2025-05-06 23:15:06,2026-02-19 22:10:54
7932198c-85af-42af-8ca5-eea6b00ec660,728b4e13-1d9b-4337-86d0-13b43d39a9a7,PETR4.SA,stock,360.565777,37.466006,2025-05-17 23:15:06,2026-02-05 15:55:38
4efd5d4e-d91d-411b-8478-026cd183ebfa,728b4e13-1d9b-4337-86d0-13b43d39a9a7,VALE3.SA,stock,1240.108961,66.445375,2025-05-10 23:15:06,2026-01-02 18:56:23
d3b85949-d581-45db-8664-8312fa3ad06b,728b4e13-1d9b-4337-86d0-13b43d39a9a7,XRP-USD,crypto,1.638999,1.732521,2025-05-26 23:15:06,2026-02-13 16:06:46
2c7cd1ca-35a1-4e53-aa60-710fc1e0bf67,728b4e13-1d9b-4337-86d0-13b43d39a9a7,ABEV3.SA,stock,810.82537,12.30442,2025-04-29 23:15:06,2026-02-10 19:31:53
5461b9fd-201c-4a20-898f-15d06953ce5b,728b4e13-1d9b-4337-86d0-13b43d39a9a7,ETH-USD,crypto,5.709844,17035.140475,2025-05-05 23:15:06,2026-02-13 01:01:17
dbd6337b-68ba-48dd-ba87-c62693e0fa12,728b4e13-1d9b-4337-86d0-13b43d39a9a7,LREN3.SA,stock,799.039297,18.222043,2025-05-11 23:15:06,2026-01-29 03:45:07
1b1fb742-b573-4720-b909-63d411f027a6,728b4e13-1d9b-4337-86d0-13b43d39a9a7,AVAX-USD,crypto,8.351118,492.334643,2025-05-26 23:15:06,2026-02-28 16:29:50
5bd820cc-4a3e-4bd9-80b5-bee86c2906a0,728b4e13-1d9b-4337-86d0-13b43d39a9a7,ITUB4.SA,stock,596.632627,34.485921,2025-05-10 23:15:06,2026-02-03 14:51:25
d62ca5ed-c437-4b5e-9137-e57563792624,728b4e13-1d9b-4337-86d0-13b43d39a9a7,BNB-USD,crypto,4.042599,1523.334855,2025-05-03 23:15:06,2026-01-16 06:14:25
b0b65ffd-1f20-4632-8de6-8e1c4682f14a,728b4e13-1d9b-4337-86d0-13b43d39a9a7,WEGE3.SA,stock,234.207208,52.084188,2025-05-14 23:15:06,2026-02-27 12:25:59
b6977f8e-fc7c-45ec-aebb-dc6feaa3d0df,0b20e8e7-c41b-49de-8905-35863f5d475e,DOGE-USD,crypto,6.85056,0.963373,2025-04-29 23:15:06,2025-12-09 17:44:55
3d6aa5c5-338d-448b-b9aa-49ad716c5800,0b20e8e7-c41b-49de-8905-35863f5d475e,JPM,stock,349.526878,1016.515325,2025-05-13 23:15:06,2025-10-10 01:22:40
b7d870d6-de1e-4b5f-ae67-baf0b871198c,0b20e8e7-c41b-49de-8905-35863f5d475e,BTC-USD,crypto,4.966266,275400.857953,2025-05-17 23:15:06,2025-12-18 14:02:57
374a8303-9947-4b56-8ff6-609aeb4ed6bf,0b20e8e7-c41b-49de-8905-35863f5d475e,ADA-USD,crypto,8.441538,2.411962,2025-05-07 23:15:06,2026-01-08 20:24:16
b96241ab-691b-4999-8908-eb3fdef18636,0b20e8e7-c41b-49de-8905-35863f5d475e,ABEV3.SA,stock,792.774953,13.030651,2025-05-19 23:15:06,2025-12-30 14:02:39
511dd68a-a435-40f6-a5a9-5b5f552e90aa,0b20e8e7-c41b-49de-8905-35863f5d475e,MGLU3.SA,stock,50.501216,7.246252,2025-05-10 23:15:06,2026-01-27 13:54:06
c4331a64-a142-4ae3-8c4f-ec24d8b6acbc,0b20e8e7-c41b-49de-8905-35863f5d475e,LREN3.SA,stock,642.772367,21.51307,2025-05-24 23:15:06,2026-01-05 09:36:23
ff6576a8-1301-40a3-9d4b-33979df526ab,0b20e8e7-c41b-49de-8905-35863f5d475e,WMT,stock,523.568824,853.59415,2025-04-28 23:15:06,2026-02-27 13:56:41
1498472f-6eea-4f9d-a020-8bf0d84e7300,0b20e8e7-c41b-49de-8905-35863f5d475e,ETH-USD,crypto,24.584663,16126.320518,2025-04-25 23:15:06,2026-02-23 10:48:39
db835111-ae24-4a12-8bdb-955a2cc5f342,51874d8f-b70e-4abd-9dcf-554d57eeeed0,AMZN,stock,255.174041,984.087374,2025-11-23 03:53:18,2026-02-26 02:43:45
e8b56aa3-729b-4ae0-bffb-49ba888945d8,51874d8f-b70e-4abd-9dcf-554d57eeeed0,WMT,stock,474.176778,825.323268,2025-11-03 03:53:18,2026-02-07 08:20:07
c1ed3291-359a-4b27-9437-9bbcd79190fa,51874d8f-b70e-4abd-9dcf-554d57eeeed0,V,stock,295.397245,1379.948167,2025-11-26 03:53:18,2026-02-17 19:50:52
2f6f3214-65fc-44d0-9150-34f5d8e858f8,51874d8f-b70e-4abd-9dcf-554d57eeeed0,RENT3.SA,stock,694.707589,58.110271,2025-11-10 03:53:18,2026-02-24 10:32:10
173de740-8d22-4fa8-81df-4ce96e5e5f9c,01de2873-4080-455f-b4e9-ff879360c700,TSLA,stock,618.895749,994.303664,2025-11-04 03:53:18,2026-02-16 18:18:29
19a614f8-c6fc-4030-8fd9-3e104f080861,01de2873-4080-455f-b4e9-ff879360c700,GBP-BRL,fx,21104.573145,6.32169,2025-11-24 03:53:18,2026-01-29 13:13:42
ad8fd88c-981c-4030-b4ec-db012033f944,01de2873-4080-455f-b4e9-ff879360c700,MGLU3.SA,stock,650.286604,7.432724,2025-11-10 03:53:18,2026-02-27 16:11:58
32772ff7-01e9-49ed-8d31-f0f5f6aa5ac6,01de2873-4080-455f-b4e9-ff879360c700,AMZN,stock,142.488235,928.530581,2025-11-16 03:53:18,2026-02-19 07:50:29
b60faf40-10ef-4ddb-a629-68647c37e38a,01de2873-4080-455f-b4e9-ff879360c700,AVAX-USD,crypto,40.286593,420.838675,2025-11-21 03:53:18,2026-02-27 00:00:50
916c2167-9e54-4e6e-bd76-8f5165a1d170,f49ee2c0-40da-4b4a-997e-5bb2e749869a,LREN3.SA,stock,285.4286,21.181626,2025-11-06 03:53:18,2026-02-28 17:46:07
570f01d4-6fae-435b-8bda-444cbeddaf3a,f49ee2c0-40da-4b4a-997e-5bb2e749869a,GOOGL,stock,707.436753,984.636105,2025-11-16 03:53:18,2026-02-19 13:06:26
5543ff7f-8f65-4d88-bc19-f99074b15c44,f49ee2c0-40da-4b4a-997e-5bb2e749869a,ADA-USD,crypto,5.919819,2.488293,2025-11-15 03:53:18,2026-02-15 12:28:20
555daa91-5f11-42de-b8a0-842819be0587,f49ee2c0-40da-4b4a-997e-5bb2e749869a,TSLA,stock,326.726402,1098.36789,2025-11-09 03:53:18,2026-02-26 23:38:24
e87c6e72-d23d-495e-bd7a-39fb6e698f2f,a6567fa0-ec9f-4122-b660-8a36a92cb647,SOL-USD,crypto,7.073462,661.969811,2025-04-18 11:06:46,2026-02-20 03:48:53
a34c923b-dfa6-4499-9b77-f341fd892bd2,a6567fa0-ec9f-4122-b660-8a36a92cb647,RENT3.SA,stock,245.871818,50.40394,2025-04-07 11:06:46,2026-02-22 01:33:01
75c04e95-be79-4abe-9c8d-50fd490df9af,a6567fa0-ec9f-4122-b660-8a36a92cb647,JPY-BRL,fx,16504.637358,0.032296,2025-04-06 11:06:46,2026-02-12 21:39:10
b4292001-1e4d-46f3-8763-e359b4c632e1,a6567fa0-ec9f-4122-b660-8a36a92cb647,DOGE-USD,crypto,10.916722,0.924091,2025-04-12 11:06:46,2026-02-22 03:27:30
06b80974-5d0d-4093-b3db-52f9e01d6020,a6567fa0-ec9f-4122-b660-8a36a92cb647,TSLA,stock,276.351131,1129.180342,2025-04-24 11:06:46,2026-02-25 16:30:53
ea28f776-d5d8-4386-a64b-93007de45931,a6567fa0-ec9f-4122-b660-8a36a92cb647,MGLU3.SA,stock,528.368255,7.16935,2025-04-09 11:06:46,2025-12-14 06:15:49
4dbd86ea-55c2-4fe0-a2e6-c0b68ccd816a,a6567fa0-ec9f-4122-b660-8a36a92cb647,ABEV3.SA,stock,466.472331,12.801938,2025-04-13 11:06:46,2026-02-19 21:59:31
abc6744c-5271-4c85-86b8-b2f9298d5fbd,a6567fa0-ec9f-4122-b660-8a36a92cb647,LREN3.SA,stock,546.228046,18.545781,2025-04-08 11:06:46,2025-12-26 15:25:02
0150791a-19a7-462f-960c-bf8e525db111,a6567fa0-ec9f-4122-b660-8a36a92cb647,WMT,stock,548.313914,831.283598,2025-04-02 11:06:46,2026-01-09 13:06:51
d5635613-59f2-4fdf-bddc-71dc70599a41,a6567fa0-ec9f-4122-b660-8a36a92cb647,AAPL,stock,328.227688,892.173736,2025-04-11 11:06:46,2026-01-15 22:04:40
2f61ce36-aeef-4300-93ad-3cab67fef079,f4c24325-46d0-491c-98db-e910b18c62f1,B3SA3.SA,stock,461.032057,12.224248,2025-04-02 11:06:46,2026-02-16 21:12:25
2e96de28-38e5-47d6-9f85-614a4debbac6,f4c24325-46d0-491c-98db-e910b18c62f1,XRP-USD,crypto,19.834972,3.246027,2025-04-01 11:06:46,2025-12-03 06:57:22
7ba58f53-ba45-4c5c-83e2-98cd3d7a3e7c,f4c24325-46d0-491c-98db-e910b18c62f1,CHF-BRL,fx,21859.107068,6.002753,2025-04-17 11:06:46,2026-02-23 19:59:27
28cb9d6d-f616-4640-956d-0ac6440f78a4,f4c24325-46d0-491c-98db-e910b18c62f1,ADA-USD,crypto,5.802912,2.46816,2025-03-27 11:06:46,2025-10-21 02:16:13
28b4e38b-a74f-4811-973b-764d885db6b9,f4c24325-46d0-491c-98db-e910b18c62f1,NVDA,stock,630.168663,4611.633151,2025-03-31 11:06:46,2025-12-28 18:12:44
8be64333-ebaa-491b-946a-b33bcaf14a88,f4c24325-46d0-491c-98db-e910b18c62f1,SOL-USD,crypto,7.81459,711.704829,2025-04-20 11:06:46,2026-01-23 04:09:33
8dbb6fc5-13a1-4661-8736-cd8fa0f0ec2d,f4c24325-46d0-491c-98db-e910b18c62f1,GOOGL,stock,178.258341,1097.379774,2025-04-10 11:06:46,2026-02-03 01:14:36
c986f082-6518-4abc-a311-ff0da33fb39e,f4c24325-46d0-491c-98db-e910b18c62f1,AAPL,stock,154.783059,982.752585,2025-04-21 11:06:46,2026-02-10 05:33:43
9049ef4c-28c5-41a0-9088-9d0d6382b2e6,f4c24325-46d0-491c-98db-e910b18c62f1,DOGE-USD,crypto,6.007363,0.861408,2025-04-20 11:06:46,2025-12-12 04:45:33
f1cbb9e1-852c-47e2-8fbf-720a47f7ee0f,3dfc49f6-fbf1-461c-8640-e6de158b6442,AVAX-USD,crypto,9.238929,450.655812,2025-04-11 11:06:46,2026-02-10 09:49:22
8a05b3da-afdd-46fd-88ce-299c04002621,3dfc49f6-fbf1-461c-8640-e6de158b6442,ADA-USD,crypto,9.2542,2.296241,2025-04-07 11:06:46,2026-02-24 19:18:11
21c33790-78be-413a-956a-240bdcf9bd66,3dfc49f6-fbf1-461c-8640-e6de158b6442,B3SA3.SA,stock,991.05101,11.070143,2025-04-18 11:06:46,2026-02-06 13:47:50
62603ccc-bb7f-4abe-9bf1-477a08c7eb54,3dfc49f6-fbf1-461c-8640-e6de158b6442,GOOGL,stock,1099.391753,918.519934,2025-04-20 11:06:46,2026-02-26 06:12:09
27a4893d-9dbf-4c61-95df-a935e832669a,3dfc49f6-fbf1-461c-8640-e6de158b6442,XRP-USD,crypto,20.449621,2.916562,2025-04-09 11:06:46,2026-02-16 07:26:23
a48b2c1a-23a5-4457-bbef-1e952c4fd5b5,3dfc49f6-fbf1-461c-8640-e6de158b6442,NVDA,stock,256.172929,4507.328814,2025-04-21 11:06:46,2026-02-26 17:42:18
e7f9a31b-0cbe-4d1f-95f3-a71eef977e0b,3dfc49f6-fbf1-461c-8640-e6de158b6442,EUR-BRL,fx,18734.779121,5.494975,2025-04-24 11:06:46,2026-01-03 05:44:27
765d75bd-482f-46c8-9370-0086a698f15c,3dfc49f6-fbf1-461c-8640-e6de158b6442,LREN3.SA,stock,357.546969,18.154874,2025-04-21 11:06:46,2026-02-08 01:15:54
6b5798c3-00d4-400c-bcd5-570729c293c1,1733bbb5-c5a8-4264-9150-639c450dd947,SOL-USD,crypto,26.435391,669.255817,2025-12-12 12:35:01,2026-02-26 00:55:49
ed01d9aa-8a5d-4022-b0c3-6242e445e543,1733bbb5-c5a8-4264-9150-639c450dd947,JPM,stock,227.008791,995.851242,2025-12-28 12:35:01,2026-02-28 12:08:46
d2bb114f-907e-43d1-9878-d46a2d3ef6e0,1733bbb5-c5a8-4264-9150-639c450dd947,ITUB4.SA,stock,299.176497,34.890601,2025-12-12 12:35:01,2026-02-27 22:48:00
4fc5dc63-bd85-4faf-af89-06b09c24bd2d,1733bbb5-c5a8-4264-9150-639c450dd947,PETR4.SA,stock,458.652177,36.298697,2025-12-13 12:35:01,2026-02-20 14:56:50
12b0b74c-b020-4f1b-931d-eee131ed0b25,1733bbb5-c5a8-4264-9150-639c450dd947,AMZN,stock,937.051303,1017.179611,2025-12-06 12:35:01,2026-02-28 10:42:28
331a1af0-2dd0-4744-b23d-56422b7fd7c5,1733bbb5-c5a8-4264-9150-639c450dd947,DOGE-USD,crypto,11.658231,0.960446,2025-12-15 12:35:01,2026-02-26 05:31:49
1242a338-2c71-42f4-ab92-baf6cd20876a,1733bbb5-c5a8-4264-9150-639c450dd947,BNB-USD,crypto,19.998989,1545.185076,2025-12-06 12:35:01,2026-02-27 21:30:32
302512ba-3001-494c-becc-1973bfcb6e60,1733bbb5-c5a8-4264-9150-639c450dd947,RENT3.SA,stock,275.176123,53.657604,2025-12-21 12:35:01,2026-02-23 02:21:56
fdb9b7ab-161a-4741-a4be-3ca17edec079,1c80bdc7-4e82-45a2-8216-1e3cf47be513,BNB-USD,crypto,2.58381,1447.723928,2025-12-30 12:35:01,2026-02-26 08:53:40
e42dcfe3-1d81-4ec5-aa17-ad756dd51481,1c80bdc7-4e82-45a2-8216-1e3cf47be513,GOOGL,stock,561.770472,880.32736,2025-12-27 12:35:01,2026-02-26 08:02:54
43a1fc44-8e26-4372-b773-0267e8d8efa7,1c80bdc7-4e82-45a2-8216-1e3cf47be513,BBDC4.SA,stock,288.593897,13.915024,2025-12-26 12:35:01,2026-02-17 15:44:46
8695875e-5d82-4f24-8071-aec893d98bcd,1c80bdc7-4e82-45a2-8216-1e3cf47be513,NVDA,stock,886.590409,3846.594075,2025-12-18 12:35:01,2026-02-22 21:24:37
d2fd7422-8e76-4519-980c-a2a77df8354e,1c80bdc7-4e82-45a2-8216-1e3cf47be513,LREN3.SA,stock,456.561593,18.55955,2025-12-25 12:35:01,2026-02-26 20:58:16
ae3acaad-7981-42d1-8519-887a7839dd5e,1c80bdc7-4e82-45a2-8216-1e3cf47be513,MSFT,stock,170.527903,1759.035444,2025-12-11 12:35:01,2026-02-11 18:23:42
79f63c2f-3289-4e57-a14d-a0142dbbf3a4,1c80bdc7-4e82-45a2-8216-1e3cf47be513,ITUB4.SA,stock,1429.852038,34.538365,2025-12-16 12:35:01,2026-02-17 12:18:13
3101ed74-1b3e-4ded-8a6f-9a05c65621b4,1c80bdc7-4e82-45a2-8216-1e3cf47be513,DOGE-USD,crypto,20.261599,0.892031,2026-01-01 12:35:01,2026-02-27 01:26:52
f5a38634-40aa-4abd-90f0-964c1930b388,6c53e16b-d76e-440b-91c5-6b63ebf0f3e6,PETR4.SA,stock,518.038772,38.348783,2025-07-24 01:23:33,2026-02-10 09:30:07
2e20146f-b542-4a53-83ec-0a84cd992e1f,6c53e16b-d76e-440b-91c5-6b63ebf0f3e6,BTC-USD,crypto,19.130261,299073.659254,2025-07-17 01:23:33,2026-01-21 06:09:00
c491dac6-d7e2-40b7-a7de-fb9f1699bb59,6c53e16b-d76e-440b-91c5-6b63ebf0f3e6,WMT,stock,531.984413,904.210509,2025-07-30 01:23:33,2026-01-28 19:32:30
3b7e5013-131d-4747-8204-cc459d7fa2b3,6c53e16b-d76e-440b-91c5-6b63ebf0f3e6,MSFT,stock,165.411074,1614.036155,2025-08-06 01:23:33,2026-01-15 17:10:13
cefef259-dc02-438a-ba16-745e94a2ec9b,6c53e16b-d76e-440b-91c5-6b63ebf0f3e6,V,stock,495.839575,1291.290056,2025-07-27 01:23:33,2026-01-19 18:07:14
f82704ff-9324-479b-830b-62a53aefb8ae,6c53e16b-d76e-440b-91c5-6b63ebf0f3e6,DOGE-USD,crypto,20.222033,0.860081,2025-08-09 01:23:33,2026-02-07 07:53:08
3e7c2f40-5abd-4532-87d4-67d33c614c65,6c53e16b-d76e-440b-91c5-6b63ebf0f3e6,JPM,stock,263.026575,1014.805681,2025-08-06 01:23:33,2026-02-10 07:04:01
861a506f-8f0b-40f8-83bc-19c55c6c518d,6c53e16b-d76e-440b-91c5-6b63ebf0f3e6,VALE3.SA,stock,688.28575,58.69276,2025-07-19 01:23:33,2026-02-18 08:47:37
041b4fa1-5115-46a6-94c5-77a6ffaff0a6,6c53e16b-d76e-440b-91c5-6b63ebf0f3e6,SOL-USD,crypto,9.141096,689.693889,2025-08-12 01:23:33,2026-01-26 21:34:16
84e7aa58-79ea-48d0-afd2-a196e812fee2,6c53e16b-d76e-440b-91c5-6b63ebf0f3e6,GBP-BRL,fx,12832.6796,6.599253,2025-07-14 01:23:33,2026-01-08 08:20:03
5c59a5e0-f617-4160-9206-c44fbaddf60b,e7612ffe-bc62-4a1b-9284-6e820ca7a178,ABEV3.SA,stock,388.940713,12.082791,2025-07-23 01:23:33,2026-02-05 15:26:37
5780cbdc-d766-411d-82ba-da230c4f43db,e7612ffe-bc62-4a1b-9284-6e820ca7a178,ADA-USD,crypto,7.560587,2.602923,2025-08-09 01:23:33,2026-01-29 03:35:44
a161e92d-357f-4b99-b720-977282298699,e7612ffe-bc62-4a1b-9284-6e820ca7a178,B3SA3.SA,stock,543.422219,12.372333,2025-07-14 01:23:33,2026-02-06 05:56:24
d92c2ea9-14e8-4392-b37c-f212963e8b53,e7612ffe-bc62-4a1b-9284-6e820ca7a178,WMT,stock,339.927393,896.227423,2025-08-07 01:23:33,2026-02-26 10:44:10
b8184499-4de0-42e8-a416-ab23938483b0,e7612ffe-bc62-4a1b-9284-6e820ca7a178,BTC-USD,crypto,11.920283,278835.554646,2025-08-03 01:23:33,2026-01-28 02:10:49
dce4a680-06df-4161-bc98-48c773277428,e7612ffe-bc62-4a1b-9284-6e820ca7a178,WEGE3.SA,stock,163.682948,52.445194,2025-07-27 01:23:33,2025-12-07 04:09:35
9eb060fc-c890-440e-8e16-c181d950349f,e7612ffe-bc62-4a1b-9284-6e820ca7a178,VALE3.SA,stock,417.63983,60.464067,2025-07-31 01:23:33,2026-01-10 21:25:38
459d1ecd-6e4c-4a80-a978-123c3b7badb1,e9e81ec6-d0a2-4535-b1b4-84e0562219d5,WMT,stock,435.790782,935.42351,2025-07-21 01:23:33,2026-02-19 04:31:10
c7973d1d-18b7-46c8-a67a-8a2b101c2d2b,e9e81ec6-d0a2-4535-b1b4-84e0562219d5,JPM,stock,189.150435,998.597803,2025-07-28 01:23:33,2026-02-26 03:41:29
f287e7be-d126-4bb5-86b3-188cb1c102ee,e9e81ec6-d0a2-4535-b1b4-84e0562219d5,ITUB4.SA,stock,820.888333,35.625512,2025-07-12 01:23:33,2026-02-24 19:18:09
91b7a19f-1a78-45ec-ab59-62736fb56d8f,17755a60-51ca-4614-a24b-2c2eb0df763c,ADA-USD,crypto,16.163311,2.361848,2025-05-13 16:52:44,2026-02-28 12:16:47
d2d341f0-24c3-4e70-b68d-b1a48a3a99de,17755a60-51ca-4614-a24b-2c2eb0df763c,SOL-USD,crypto,4.859321,673.865045,2025-05-30 16:52:44,2026-01-12 05:02:27
89ce03fa-fdd5-4f09-ab51-459944176864,17755a60-51ca-4614-a24b-2c2eb0df763c,ITUB4.SA,stock,464.553824,32.568482,2025-05-04 16:52:44,2026-02-02 05:22:28
62864cab-1b15-4b8e-9e9d-2d724a90692e,17755a60-51ca-4614-a24b-2c2eb0df763c,GOOGL,stock,748.489672,812.980424,2025-05-26 16:52:44,2026-01-24 08:04:31
1bb1042d-7181-4b76-9428-5e34e5442e5a,17755a60-51ca-4614-a24b-2c2eb0df763c,LREN3.SA,stock,502.137382,19.62738,2025-05-04 16:52:44,2025-12-21 05:59:39
4262aa96-f956-4628-9212-8e8eb59aa0fa,17755a60-51ca-4614-a24b-2c2eb0df763c,XRP-USD,crypto,22.017389,3.379177,2025-05-06 16:52:44,2026-02-24 02:35:36
536df5bb-71a2-4bc3-b502-e092c9437dcd,17755a60-51ca-4614-a24b-2c2eb0df763c,AAPL,stock,216.791792,943.293551,2025-05-18 16:52:44,2026-02-16 16:17:17
2bbfb3a3-f4ad-4422-b5e7-aea985f07d54,17755a60-51ca-4614-a24b-2c2eb0df763c,BTC-USD,crypto,10.738505,235123.603945,2025-05-18 16:52:44,2025-11-22 17:35:46
85ae81db-c8df-426e-a968-3deed2aaccef,644f83cb-438a-44d3-83a3-3e92c1621932,WEGE3.SA,stock,577.118115,54.642504,2025-05-31 16:52:44,2025-12-10 02:51:32
0e1fe3d9-1288-4125-a988-6667a61edfe4,644f83cb-438a-44d3-83a3-3e92c1621932,V,stock,269.2415,1318.447361,2025-05-10 16:52:44,2025-11-09 15:50:12
db9d87de-7bb9-4428-a70c-a87379f86858,644f83cb-438a-44d3-83a3-3e92c1621932,ITUB4.SA,stock,799.159709,32.997959,2025-05-25 16:52:44,2026-02-11 12:58:04
a277ccc4-98af-4c02-bc61-b4e642da8647,644f83cb-438a-44d3-83a3-3e92c1621932,TSLA,stock,260.41778,962.472072,2025-05-29 16:52:44,2026-02-28 15:09:55
dc50743c-582d-4f29-a317-969cab565ffe,644f83cb-438a-44d3-83a3-3e92c1621932,AVAX-USD,crypto,20.767239,447.908308,2025-05-22 16:52:44,2026-02-01 22:08:47
7e079622-8cda-499d-aca0-9d2d6fde5752,644f83cb-438a-44d3-83a3-3e92c1621932,ABEV3.SA,stock,280.869277,13.846723,2025-05-16 16:52:44,2026-02-12 01:13:10
d609c362-7f49-4d2b-91f8-287e148587bb,644f83cb-438a-44d3-83a3-3e92c1621932,DOGE-USD,crypto,27.617263,0.886587,2025-05-29 16:52:44,2026-02-03 10:31:54
49f7065e-794c-4bfb-af4f-402f883d70fc,644f83cb-438a-44d3-83a3-3e92c1621932,GOOGL,stock,126.863848,965.947641,2025-05-27 16:52:44,2026-01-02 10:25:22
334b8593-80a3-43df-8b91-ffc3c364197d,644f83cb-438a-44d3-83a3-3e92c1621932,SOL-USD,crypto,21.598014,746.89624,2025-05-13 16:52:44,2025-12-14 16:12:52
5ac020bb-570c-4a99-8915-817cb660c31f,644f83cb-438a-44d3-83a3-3e92c1621932,WMT,stock,291.647504,888.319141,2025-05-31 16:52:44,2026-02-12 16:20:42
6d152e40-1fe6-48d0-901b-858ccbec0ff2,93233ed7-25d7-4569-97e5-3ba05b278756,TSLA,stock,354.669856,1071.988085,2026-02-07 07:39:04,2026-02-26 12:48:16
32160c99-6135-43bd-851b-cdbe10f01669,93233ed7-25d7-4569-97e5-3ba05b278756,JPM,stock,440.896846,1006.392921,2026-01-31 07:39:04,2026-02-24 06:44:14
e1fe9945-a979-40c5-9d58-6f166a7aadf9,93233ed7-25d7-4569-97e5-3ba05b278756,BNB-USD,crypto,6.254365,1438.987039,2026-02-05 07:39:04,2026-02-23 17:33:16
947b6901-97b9-4e54-ad08-678d69c62179,93233ed7-25d7-4569-97e5-3ba05b278756,LREN3.SA,stock,20.489633,14.82811,2026-01-22 07:39:04,2026-02-19 04:20:45
3a8b5ec3-4eb7-493b-92de-358e77f3bacc,93233ed7-25d7-4569-97e5-3ba05b278756,RENT3.SA,stock,194.412521,54.450265,2026-01-18 07:39:04,2026-02-27 07:53:41
356eee4a-bf76-4890-8a52-a75fc21a96c4,93233ed7-25d7-4569-97e5-3ba05b278756,B3SA3.SA,stock,519.422179,11.68731,2026-02-02 07:39:04,2026-02-22 10:03:28
5b92ed61-7d39-44dc-87b9-3809ede4de2c,93233ed7-25d7-4569-97e5-3ba05b278756,USD-BRL,fx,31359.82566,4.737545,2026-02-14 07:39:04,2026-02-28 18:48:38
a04ef67b-29e6-4e6c-a2bd-359139605381,93233ed7-25d7-4569-97e5-3ba05b278756,CHF-BRL,fx,29831.654488,6.229392,2026-02-13 07:39:04,2026-02-28 02:16:01
378e431b-16e2-4eb4-a6d1-c95f2784bf96,93233ed7-25d7-4569-97e5-3ba05b278756,V,stock,409.560939,1434.829606,2026-02-03 07:39:04,2026-02-19 02:43:18
8e478e70-0620-4fb0-820a-ce387ce54467,93233ed7-25d7-4569-97e5-3ba05b278756,AVAX-USD,crypto,4.613737,449.542939,2026-01-19 07:39:04,2026-02-20 10:10:03
068fa77a-7472-4fc5-9c52-b70c7a2a41ec,a0b4f040-1e92-4f2b-bf20-bc4c9cfcd61b,PETR4.SA,stock,393.650524,42.719121,2026-02-12 07:39:04,2026-02-28 17:53:43
b7d7f97d-74ec-4600-bbad-8cfad92f5153,a0b4f040-1e92-4f2b-bf20-bc4c9cfcd61b,NVDA,stock,483.612329,4608.274589,2026-01-24 07:39:04,2026-02-27 07:22:46
a166fc80-77e6-4c8a-a0e7-a2f6936c46ac,a0b4f040-1e92-4f2b-bf20-bc4c9cfcd61b,AVAX-USD,crypto,27.261572,500.465791,2026-02-12 07:39:04,2026-02-28 13:57:10
d5efe2b0-2228-4fb3-abb7-627a1052b1aa,aa44c843-4f1d-4262-9c16-747265876fc9,AVAX-USD,crypto,20.92889,431.678085,2025-02-14 06:57:25,2026-02-15 07:00:29
03a2b4cd-ddb7-4a29-87fd-9571ab86c9cd,aa44c843-4f1d-4262-9c16-747265876fc9,VALE3.SA,stock,175.553682,63.331976,2025-02-04 06:57:25,2025-05-27 03:56:09
bccffefd-6c5b-48da-9a1d-428dcbb93a8a,aa44c843-4f1d-4262-9c16-747265876fc9,ETH-USD,crypto,6.881259,18649.115998,2025-02-09 06:57:25,2026-02-23 16:20:51
55449233-f7a5-48a4-a4f1-d774d29acfd0,aa44c843-4f1d-4262-9c16-747265876fc9,JPM,stock,264.555369,988.457739,2025-02-02 06:57:25,2026-02-21 13:11:27
ea5b3720-f5df-44d1-b59a-4cd76ab03056,aa44c843-4f1d-4262-9c16-747265876fc9,ADA-USD,crypto,18.633176,2.879541,2025-01-25 06:57:25,2026-02-25 00:23:42
dc0538ac-4201-43ab-9bb2-1071e3d14497,77968982-e8be-42d8-a23d-d85aafd44f12,ABEV3.SA,stock,792.271247,13.026045,2025-01-21 06:57:25,2025-12-27 15:19:58
68094fb9-6aaa-4031-a3cf-e22da8d98756,77968982-e8be-42d8-a23d-d85aafd44f12,CHF-BRL,fx,10129.830565,5.804828,2025-01-16 06:57:25,2025-12-30 02:30:46
d16dbece-ddc3-4e59-ad20-e2077188a1a7,77968982-e8be-42d8-a23d-d85aafd44f12,MGLU3.SA,stock,544.23538,7.720264,2025-01-22 06:57:25,2025-12-28 07:30:28
178c6706-e845-43ca-bdfe-4cdd3bf6367a,77968982-e8be-42d8-a23d-d85aafd44f12,AMZN,stock,1039.454173,883.812919,2025-02-03 06:57:25,2025-12-28 10:27:41
71b17e6e-778e-4111-80bf-f10ded70a603,e5942c9d-c152-4276-be73-226f5fad106c,VALE3.SA,stock,247.394107,62.95498,2025-07-30 16:01:19,2025-11-12 18:18:04
dc8267af-4c35-4d42-91cb-327c090eda76,e5942c9d-c152-4276-be73-226f5fad106c,V,stock,326.560574,1384.491026,2025-08-11 16:01:19,2026-02-24 10:27:02
b7d59ba7-4121-4b08-b411-44bc6b55e6fc,e5942c9d-c152-4276-be73-226f5fad106c,DOGE-USD,crypto,14.451111,0.973375,2025-07-26 16:01:19,2026-01-24 17:49:17
6b1d076b-dbc6-41d2-a87e-01134f3423c1,e5942c9d-c152-4276-be73-226f5fad106c,MSFT,stock,68.708744,1788.109781,2025-08-02 16:01:19,2026-01-10 06:37:11
447bcad6-058a-47a8-9750-2a0a3bd918ec,e5942c9d-c152-4276-be73-226f5fad106c,PETR4.SA,stock,285.194603,36.207175,2025-08-17 16:01:19,2026-01-21 19:09:53
c6b30c2a-94a3-479e-af13-4c032df56885,e5942c9d-c152-4276-be73-226f5fad106c,ABEV3.SA,stock,731.833799,14.299894,2025-08-22 16:01:19,2026-01-01 15:21:21
332b8883-de5f-433e-8f85-577606d9859f,e5942c9d-c152-4276-be73-226f5fad106c,BTC-USD,crypto,3.272847,270568.304343,2025-08-09 16:01:19,2026-02-12 14:20:18
b31652f3-8d29-4411-bda2-05e91e1c3517,e5942c9d-c152-4276-be73-226f5fad106c,AAPL,stock,279.560574,950.788284,2025-08-11 16:01:19,2026-02-03 10:35:46
158625b3-4e06-456b-b2f9-14fcbdd60688,5ed2ab79-45ca-45f1-8b8b-c0354ed60d64,XRP-USD,crypto,10.416278,3.471347,2025-09-22 18:29:09,2026-02-13 17:47:10
f3f5dcca-fedd-4fc8-ab83-b23107d6c267,5ed2ab79-45ca-45f1-8b8b-c0354ed60d64,ETH-USD,crypto,6.960982,17380.908249,2025-10-04 18:29:09,2026-02-27 15:09:09
cb1f278a-17ca-405f-9722-a5d6c6a97f2b,5ed2ab79-45ca-45f1-8b8b-c0354ed60d64,AAPL,stock,714.35237,967.462362,2025-10-01 18:29:09,2026-01-24 21:32:46
5db7b9c3-486c-4262-a049-4dc0b28c61aa,5ed2ab79-45ca-45f1-8b8b-c0354ed60d64,DOGE-USD,crypto,6.270793,0.870127,2025-10-13 18:29:09,2026-02-25 17:42:05
dc4b7d27-f087-42d4-88e3-5be753da6672,5ed2ab79-45ca-45f1-8b8b-c0354ed60d64,META,stock,309.801789,2296.866257,2025-09-18 18:29:09,2026-02-03 11:47:15
65e69fb8-b775-4a67-8d8c-eccc0890b8e9,5ed2ab79-45ca-45f1-8b8b-c0354ed60d64,EUR-BRL,fx,13990.23031,5.647437,2025-09-19 18:29:09,2026-01-29 18:14:37
d7bb7606-c8d3-4b81-9ad6-e10da9d5ef11,5ed2ab79-45ca-45f1-8b8b-c0354ed60d64,AMZN,stock,982.688663,944.117886,2025-09-15 18:29:09,2026-02-05 14:21:31
7c6d2279-3aa8-48d2-90ab-deb762c858cc,4a5d75fc-fb06-4979-aad2-9ba1c6f68746,MGLU3.SA,stock,542.269713,5.831374,2025-09-15 18:29:09,2026-02-12 18:34:34
d209b79a-d966-4f1c-a842-ff88aa5a19cc,4a5d75fc-fb06-4979-aad2-9ba1c6f68746,SOL-USD,crypto,9.365027,747.664724,2025-09-23 18:29:09,2026-02-16 23:12:45
a73557db-8d51-49ac-bfb8-570f7548b99b,4a5d75fc-fb06-4979-aad2-9ba1c6f68746,V,stock,662.957513,1327.682315,2025-09-26 18:29:09,2026-02-25 01:31:00
f0ab87b0-a931-431a-9577-12b259fbe005,4a5d75fc-fb06-4979-aad2-9ba1c6f68746,LREN3.SA,stock,339.297333,18.643094,2025-10-01 18:29:09,2026-01-22 18:12:19
8963cbad-ce5c-49fc-a74e-9653f40ad3f1,4a5d75fc-fb06-4979-aad2-9ba1c6f68746,RENT3.SA,stock,599.765101,55.123216,2025-09-21 18:29:09,2026-02-15 12:28:00
e6f996a0-341d-49b1-bbc4-5d090f0928dc,3a310711-f95a-4b37-914f-f8e6946294fd,USD-BRL,fx,53265.365458,4.655069,2025-10-02 18:29:09,2026-02-07 09:50:09
c17ebf1b-3f44-4070-ad44-472add3b12a6,3a310711-f95a-4b37-914f-f8e6946294fd,V,stock,787.793206,1448.979177,2025-10-18 18:29:09,2026-02-23 17:11:09
8278f206-463c-402d-950a-1e603fcf2979,3a310711-f95a-4b37-914f-f8e6946294fd,AAPL,stock,424.420705,937.812945,2025-09-19 18:29:09,2026-01-31 09:59:26
a36613fe-6172-48ab-b095-83247f919cf7,3a310711-f95a-4b37-914f-f8e6946294fd,ADA-USD,crypto,20.280171,2.525062,2025-10-08 18:29:09,2026-02-22 03:11:38
b15e8ff7-6be9-4da2-a9f5-45c2a619ea29,3a310711-f95a-4b37-914f-f8e6946294fd,WMT,stock,188.146236,824.883616,2025-10-18 18:29:09,2026-02-28 08:47:50
88757c8f-b58f-4c5f-a860-2b771d36def2,3a310711-f95a-4b37-914f-f8e6946294fd,NVDA,stock,188.362487,4530.913575,2025-10-15 18:29:09,2026-02-14 05:46:34
d5f28302-f930-4a5a-8dcd-b7c685eb47e9,3a310711-f95a-4b37-914f-f8e6946294fd,BTC-USD,crypto,25.563718,268084.76708,2025-10-06 18:29:09,2026-02-15 19:09:46
770a8a14-c9d9-4bb9-b2f0-f9a87afaf567,5404d1a1-6964-4975-9aa8-260d3269cabe,ABEV3.SA,stock,325.29781,13.312451,2026-01-20 06:17:40,2026-02-14 11:47:16
f04db873-edb4-4ac5-b58c-921e6bb42b6b,5404d1a1-6964-4975-9aa8-260d3269cabe,AAPL,stock,153.310902,934.050368,2026-02-03 06:17:40,2026-02-20 22:33:08
0cf273e6-5453-4ed0-b1dc-371f0673bf10,5404d1a1-6964-4975-9aa8-260d3269cabe,NVDA,stock,320.020685,4457.865975,2026-01-18 06:17:40,2026-02-22 08:09:17
74aacb1b-fbc9-415b-ba9e-1854af5a1095,a23bd493-0065-4b42-9eb6-e016f2c777e4,EUR-BRL,fx,3093.485626,5.749158,2026-01-16 06:17:40,2026-02-18 19:31:37
d7b1c2ac-da4f-4560-99c0-08a885ef081b,a23bd493-0065-4b42-9eb6-e016f2c777e4,AVAX-USD,crypto,25.670055,471.290895,2026-01-16 06:17:40,2026-02-28 04:57:14
cdd465c3-d589-46fe-a681-bbcc383729c5,a23bd493-0065-4b42-9eb6-e016f2c777e4,LREN3.SA,stock,393.064303,18.28239,2026-01-20 06:17:40,2026-02-26 04:55:41
a71b56fd-9a54-49a2-a16e-2ff1c7ff7fe4,d51e91e2-e2e6-4265-a42b-1725fa6f9f58,MGLU3.SA,stock,120.528809,6.853978,2026-01-28 06:17:40,2026-02-26 08:16:09
41f949c0-f009-4096-a6df-8f4449eb7721,d51e91e2-e2e6-4265-a42b-1725fa6f9f58,JPY-BRL,fx,20361.692086,0.036759,2026-01-22 06:17:40,2026-02-28 07:17:01
03d34bf3-37b9-4c33-a441-e01cf4611261,d51e91e2-e2e6-4265-a42b-1725fa6f9f58,PETR4.SA,stock,471.990134,38.725479,2026-01-23 06:17:40,2026-02-28 20:31:33
58446bf7-39c4-4a4c-85c4-8caa380a2298,7b01524c-2f08-45eb-a9f9-a702e93184be,GOOGL,stock,567.00735,877.38259,2025-11-19 11:24:10,2026-02-16 07:33:53
53617629-aa19-4223-b2ae-99578dfc4e28,7b01524c-2f08-45eb-a9f9-a702e93184be,MSFT,stock,82.259637,1829.90843,2025-11-26 11:24:10,2026-02-20 13:58:56
67bda581-99f7-40fb-b9a6-1f34ae1e7831,7b01524c-2f08-45eb-a9f9-a702e93184be,SOL-USD,crypto,14.853163,593.945208,2025-11-16 11:24:10,2026-02-28 23:06:33
353881d0-f1f4-44ad-8f50-38e405629e97,fb427e80-c8d1-498d-91ab-b5981c337a39,GOOGL,stock,727.21765,877.248508,2025-11-12 11:24:10,2026-02-25 10:50:14
4831a861-dcd2-41ad-b1f2-950677887cc4,fb427e80-c8d1-498d-91ab-b5981c337a39,VALE3.SA,stock,206.574012,63.802962,2025-11-20 11:24:10,2026-01-25 15:13:30
cbd4f22d-6139-43d2-970e-703ae89af847,fb427e80-c8d1-498d-91ab-b5981c337a39,SOL-USD,crypto,18.826429,733.871566,2025-12-02 11:24:10,2026-02-28 13:59:12
20b5eb04-c050-4001-9c0a-34460e4e7b96,fb427e80-c8d1-498d-91ab-b5981c337a39,XRP-USD,crypto,2.321743,3.205898,2025-11-26 11:24:10,2026-02-14 21:05:11
a9863bb4-cef9-4935-874a-6688f806c8dd,fb427e80-c8d1-498d-91ab-b5981c337a39,RENT3.SA,stock,506.615296,54.927098,2025-11-14 11:24:10,2026-02-13 00:01:39
91dd9325-097b-4dd1-9b7f-448a17ef34f7,fb427e80-c8d1-498d-91ab-b5981c337a39,AAPL,stock,624.049269,937.84553,2025-11-13 11:24:10,2026-02-13 20:08:08
5ec40b5b-4f03-4fb3-b964-f616a0f94610,fb427e80-c8d1-498d-91ab-b5981c337a39,AMZN,stock,402.021855,936.547833,2025-11-10 11:24:10,2026-02-20 19:39:30
f65ee441-25d4-4308-9e4b-04fe41a1e73d,bb225d95-ab6e-4226-8cdb-d90d271df7df,VALE3.SA,stock,106.336691,63.167699,2025-07-08 14:45:22,2026-01-30 19:49:45
14ce8c6f-61bd-4a60-9600-f9c7fb9247e9,bb225d95-ab6e-4226-8cdb-d90d271df7df,BTC-USD,crypto,13.800956,311533.350847,2025-07-20 14:45:22,2026-02-24 14:53:08
0afebf99-522f-426d-94c2-10af89c4e49b,bb225d95-ab6e-4226-8cdb-d90d271df7df,ETH-USD,crypto,14.039196,18098.803057,2025-07-24 14:45:22,2026-02-09 22:05:21
395121a5-6285-40b2-ae68-56e19a6484e1,bb225d95-ab6e-4226-8cdb-d90d271df7df,MSFT,stock,424.976649,1851.053263,2025-08-01 14:45:22,2026-02-25 08:02:44
f824e7f3-960a-4fd2-8895-efdb1f8c6751,bb225d95-ab6e-4226-8cdb-d90d271df7df,ITUB4.SA,stock,501.766893,29.401183,2025-07-30 14:45:22,2026-02-28 16:55:23
c87f9718-fddc-48bc-b1ba-243da69ef5a0,bb225d95-ab6e-4226-8cdb-d90d271df7df,WEGE3.SA,stock,750.59705,51.989029,2025-07-03 14:45:22,2026-02-04 22:18:52
1705bdf8-52de-4d56-9373-4d868576fb41,189d22ae-a02a-488d-8709-392f905c9851,TSLA,stock,263.05859,1075.321304,2025-07-25 14:45:22,2026-01-17 02:43:36
101ff68b-d503-435e-94d5-832636a09ef9,189d22ae-a02a-488d-8709-392f905c9851,META,stock,166.948104,2327.382529,2025-08-02 14:45:22,2026-01-15 08:34:19
9fa5c61e-3bf5-4f8c-b101-6edd73955661,189d22ae-a02a-488d-8709-392f905c9851,DOGE-USD,crypto,15.396799,0.92384,2025-07-12 14:45:22,2026-01-27 06:59:49
1aa4347b-1f8e-4684-8d58-5ea8eab54d2b,189d22ae-a02a-488d-8709-392f905c9851,BTC-USD,crypto,16.775112,260905.0474,2025-08-03 14:45:22,2026-02-25 12:33:02
ec5101c9-6c3a-4a81-9e1a-a4795fb99953,189d22ae-a02a-488d-8709-392f905c9851,WEGE3.SA,stock,112.37055,45.46082,2025-07-12 14:45:22,2026-02-16 03:37:53
8fe1e07f-6685-4b7a-8dd4-77c59041b6af,189d22ae-a02a-488d-8709-392f905c9851,ADA-USD,crypto,5.501778,2.579463,2025-07-12 14:45:22,2026-01-05 17:33:22
775b16ac-0935-4e34-b2b7-7f1b8772af74,189d22ae-a02a-488d-8709-392f905c9851,AVAX-USD,crypto,16.749697,451.029037,2025-07-17 14:45:22,2026-02-24 09:57:37
f769084c-5842-4bb4-923e-c83c1277994c,f34b7894-d8d3-4573-99a8-e9df5b6a711e,USD-BRL,fx,18921.711007,5.320569,2025-08-01 14:45:22,2026-02-18 20:22:29
85a23adb-3d2b-445c-8e40-da27a6869cb0,f34b7894-d8d3-4573-99a8-e9df5b6a711e,MSFT,stock,693.598462,1959.727796,2025-07-13 14:45:22,2026-02-02 10:56:30
fb538df4-6f27-4c84-8041-df1dbf7bdf78,f34b7894-d8d3-4573-99a8-e9df5b6a711e,SOL-USD,crypto,20.630369,847.312644,2025-07-09 14:45:22,2026-02-26 22:33:06
985c31fa-ebc0-42e0-8061-22d1b229e088,f34b7894-d8d3-4573-99a8-e9df5b6a711e,ADA-USD,crypto,27.031422,2.285513,2025-07-21 14:45:22,2025-12-30 01:31:02
235d0d9a-919a-46ec-89b2-15fdf4814c1a,8c417c39-5331-4374-9509-a76f0610e170,AVAX-USD,crypto,7.481507,454.953497,2025-04-05 14:59:49,2025-08-04 06:59:18
23e5e958-7807-427f-97e4-7a7da353c9ad,8c417c39-5331-4374-9509-a76f0610e170,DOGE-USD,crypto,1.396847,0.925766,2025-04-15 14:59:49,2026-02-10 21:48:36
e7f437fd-376b-486e-a8b7-82e8b8cb9c8e,8c417c39-5331-4374-9509-a76f0610e170,BNB-USD,crypto,10.158642,1601.660563,2025-04-08 14:59:49,2026-02-24 18:07:05
32898f12-a29d-47d8-b834-092e8e0d9a3c,8c417c39-5331-4374-9509-a76f0610e170,TSLA,stock,1358.130515,1028.920852,2025-04-21 14:59:49,2026-02-05 08:02:24
e409557a-e323-4551-8002-0355d46c1ed4,8c417c39-5331-4374-9509-a76f0610e170,MSFT,stock,611.12747,1780.185175,2025-04-28 14:59:49,2026-02-11 14:12:37
f074d078-ff33-4677-b82f-40536d337c1d,8c417c39-5331-4374-9509-a76f0610e170,VALE3.SA,stock,578.260814,60.54783,2025-04-10 14:59:49,2026-02-17 22:00:14
75f2da4e-44c6-4a8e-9dd5-fa76f4cebb13,8c417c39-5331-4374-9509-a76f0610e170,WEGE3.SA,stock,162.080797,50.696701,2025-05-04 14:59:49,2026-01-25 07:13:39
6671c058-8a2f-41f0-acaf-9473c77b83de,8c417c39-5331-4374-9509-a76f0610e170,META,stock,603.614742,2350.834478,2025-04-28 14:59:49,2026-02-27 21:31:25
772ae475-b19d-43e5-a696-13b5b1e95ce4,e7ffe716-0990-4dce-bd9b-82470fc77822,LREN3.SA,stock,522.095319,20.29815,2026-01-25 08:31:57,2026-02-22 02:47:42
62b5bb4d-5d58-45e5-9e85-74777d30964d,e7ffe716-0990-4dce-bd9b-82470fc77822,AMZN,stock,562.514415,916.323247,2026-01-15 08:31:57,2026-02-26 10:37:28
dd70f42e-5b59-4c16-b3a8-b2746213b41f,e7ffe716-0990-4dce-bd9b-82470fc77822,JPY-BRL,fx,15076.195947,0.034504,2026-01-13 08:31:57,2026-02-25 23:35:30
c18e87ce-0019-4947-88b7-c7368f4b663d,e7ffe716-0990-4dce-bd9b-82470fc77822,MSFT,stock,305.093701,1769.964126,2026-01-03 08:31:57,2026-02-28 05:43:43
1820d82f-40d1-4029-a398-a7de568f569b,e7ffe716-0990-4dce-bd9b-82470fc77822,WMT,stock,272.853694,917.813768,2026-01-14 08:31:57,2026-02-21 14:07:24
a670105f-d9cc-49aa-a491-380a579b16bf,e7ffe716-0990-4dce-bd9b-82470fc77822,RENT3.SA,stock,143.038144,51.145975,2026-01-16 08:31:57,2026-02-27 20:16:15
99675620-3248-43ad-8883-3e6678f7c075,e7ffe716-0990-4dce-bd9b-82470fc77822,NVDA,stock,703.09095,4099.326625,2026-01-20 08:31:57,2026-02-28 06:21:36
658a7b44-178e-41fb-9e23-c7ae88c4af57,e7ffe716-0990-4dce-bd9b-82470fc77822,ETH-USD,crypto,3.435219,16735.211062,2026-01-22 08:31:57,2026-02-17 17:31:25
7504e799-dc66-41b1-8295-24eab25e0c3c,e7ffe716-0990-4dce-bd9b-82470fc77822,DOGE-USD,crypto,19.233691,0.852109,2026-01-20 08:31:57,2026-02-27 16:01:13
fc131829-2273-4b3a-98e4-0fb6302c2ce4,4bd5b7b9-f7cf-4f6e-b598-b69b54c147e8,ETH-USD,crypto,5.672881,17013.933709,2026-01-05 08:31:57,2026-02-01 02:10:27
2bfbbee3-4a75-4408-900b-b3b69f7dbda2,4bd5b7b9-f7cf-4f6e-b598-b69b54c147e8,DOGE-USD,crypto,22.922519,0.800047,2026-01-01 08:31:57,2026-02-19 18:03:48
f955e447-9245-4fbc-8db0-0cdd6ffb5182,4bd5b7b9-f7cf-4f6e-b598-b69b54c147e8,JPM,stock,1075.357204,1079.876715,2026-01-09 08:31:57,2026-02-28 20:44:35
9e27f8ee-8553-4740-b4b6-c02b90803042,4bd5b7b9-f7cf-4f6e-b598-b69b54c147e8,LREN3.SA,stock,338.861596,15.185602,2026-01-03 08:31:57,2026-02-20 00:26:41
1eb7ac18-ce7e-4fc5-a5e1-2816e93c82df,8666b145-8303-4b89-acdb-f0c62f19217e,ADA-USD,crypto,16.106947,2.519756,2025-02-01 09:52:32,2026-02-17 17:18:36
087b9387-5782-49d4-ba57-6845d7e561ff,8666b145-8303-4b89-acdb-f0c62f19217e,MSFT,stock,262.648512,1901.356972,2025-02-19 09:52:32,2026-02-17 01:23:23
5bc689a2-f579-4874-81f9-263d8d94fcfa,8666b145-8303-4b89-acdb-f0c62f19217e,WEGE3.SA,stock,506.351018,48.992349,2025-02-14 09:52:32,2026-02-25 20:54:12
1f67b1e4-d976-4a56-a22d-a372c04a0bb4,e1ad5a9d-8f03-4b79-a1f5-99f93f18a1ec,SOL-USD,crypto,4.666655,715.424403,2025-02-17 09:52:32,2025-11-24 16:35:35
e26455f6-2421-4e79-9c0f-d30f83509278,e1ad5a9d-8f03-4b79-a1f5-99f93f18a1ec,ITUB4.SA,stock,819.281835,32.880898,2025-02-23 09:52:32,2026-02-28 15:26:06
24041953-e90e-46bf-b335-73311b42f1a1,e1ad5a9d-8f03-4b79-a1f5-99f93f18a1ec,BBDC4.SA,stock,256.734661,13.894628,2025-02-08 09:52:32,2025-12-19 04:30:54
e708fdd0-0266-450f-accf-6d9bc0baee9e,e1ad5a9d-8f03-4b79-a1f5-99f93f18a1ec,ADA-USD,crypto,21.413565,2.25209,2025-01-29 09:52:32,2026-02-26 00:34:12
6fb2aa66-64fd-41f8-9e69-c2e6c502ab2c,e1ad5a9d-8f03-4b79-a1f5-99f93f18a1ec,B3SA3.SA,stock,424.15116,10.144019,2025-02-18 09:52:32,2025-11-24 21:08:43
5bb043b6-c234-4b1f-810d-389a2db2718d,e1ad5a9d-8f03-4b79-a1f5-99f93f18a1ec,LREN3.SA,stock,899.251022,20.677968,2025-02-23 09:52:32,2025-11-19 05:11:13
9f9a2ae3-3907-4b21-8b6a-e52870b55941,e1ad5a9d-8f03-4b79-a1f5-99f93f18a1ec,JPM,stock,1047.240382,989.735112,2025-02-11 09:52:32,2026-01-16 11:32:25
4a324b8a-3bd1-4387-aba5-59f46818057f,a35df4d7-da14-485b-b688-f3947b9d0b62,ETH-USD,crypto,11.334434,18392.718163,2025-02-25 09:52:32,2026-02-23 06:23:19
1cad9e7f-7e44-4eea-8976-eab7ca939766,a35df4d7-da14-485b-b688-f3947b9d0b62,CHF-BRL,fx,3683.657985,6.378296,2025-03-01 09:52:32,2026-02-08 10:05:51
7b7f6c6f-5ce9-4bf5-9525-776953cb2ca9,a35df4d7-da14-485b-b688-f3947b9d0b62,LREN3.SA,stock,584.260426,21.269318,2025-03-01 09:52:32,2026-01-31 23:27:10
d273ece5-a443-45a2-b07a-f89fcf4e4a90,a35df4d7-da14-485b-b688-f3947b9d0b62,TSLA,stock,1001.535943,1126.664468,2025-02-01 09:52:32,2026-02-28 21:36:22
585b6c66-6c23-46cf-8a8f-97a8e44ea815,a35df4d7-da14-485b-b688-f3947b9d0b62,WEGE3.SA,stock,328.279807,43.882952,2025-02-10 09:52:32,2026-02-05 06:24:37
cc020a28-39c0-4e08-8df6-e816116dd4a9,a35df4d7-da14-485b-b688-f3947b9d0b62,SOL-USD,crypto,23.452611,701.710856,2025-02-27 09:52:32,2026-02-22 07:46:45
f2f78d98-bfca-4e72-a0d5-2e2a35a18cdf,a35df4d7-da14-485b-b688-f3947b9d0b62,AAPL,stock,781.144537,935.099445,2025-02-07 09:52:32,2026-01-15 23:14:30
5aa33373-35e6-497d-8fdc-69a48459067a,a35df4d7-da14-485b-b688-f3947b9d0b62,VALE3.SA,stock,378.853116,65.912574,2025-02-28 09:52:32,2026-02-17 22:23:54
1c91d34e-75f6-407d-bdf8-9882be736532,a35df4d7-da14-485b-b688-f3947b9d0b62,MSFT,stock,791.305272,1817.592763,2025-03-03 09:52:32,2026-02-26 04:32:02
1c4a79fa-13e0-4051-ab5e-dae0cdaab3a3,ef7ecacf-8b74-45ba-a31f-38b50bbf4104,SOL-USD,crypto,11.150508,714.14841,2025-12-06 05:51:39,2026-02-22 04:13:23
3d98a27b-0ae0-4637-a022-c7699eabf6a5,ef7ecacf-8b74-45ba-a31f-38b50bbf4104,ABEV3.SA,stock,516.620976,12.42595,2025-11-18 05:51:39,2026-02-14 20:05:44
9d605497-a13e-4316-b6a2-abdf93c15285,ef7ecacf-8b74-45ba-a31f-38b50bbf4104,RENT3.SA,stock,636.740357,51.900439,2025-11-26 05:51:39,2026-02-18 06:03:10
85e56b86-8625-4641-930c-7aa6b03dc423,ef7ecacf-8b74-45ba-a31f-38b50bbf4104,NVDA,stock,292.000079,4640.045898,2025-11-21 05:51:39,2026-02-13 03:04:57
026056d6-1418-4839-a48a-57608bce5414,ef7ecacf-8b74-45ba-a31f-38b50bbf4104,PETR4.SA,stock,179.833645,38.516643,2025-11-18 05:51:39,2026-02-21 19:55:54
c46054c1-5f92-40d3-bb95-312e19f91914,ef7ecacf-8b74-45ba-a31f-38b50bbf4104,AAPL,stock,273.687303,939.91085,2025-12-01 05:51:39,2026-01-25 23:01:06
aeb9962a-0402-4c35-93d9-8aad69f4e0e5,ef7ecacf-8b74-45ba-a31f-38b50bbf4104,VALE3.SA,stock,811.622302,55.132933,2025-11-22 05:51:39,2026-02-24 16:21:10
ce25b003-f44a-47d8-8215-4eea96a2c2bd,ef7ecacf-8b74-45ba-a31f-38b50bbf4104,META,stock,550.300135,2453.692984,2025-11-27 05:51:39,2026-02-15 06:14:22
e409148a-7f24-40fd-bfe7-55cbe52df048,1248f691-66a2-4542-a3fa-9b9b52af4957,V,stock,13.255316,1362.208684,2025-05-10 19:23:28,2026-02-06 21:59:14
7146257d-ac75-4328-a5e9-69a5391a5224,1248f691-66a2-4542-a3fa-9b9b52af4957,SOL-USD,crypto,5.746476,692.321395,2025-04-25 19:23:28,2026-02-15 10:18:51
17985c1a-1a69-4e96-bb76-f7aaab2ff902,1248f691-66a2-4542-a3fa-9b9b52af4957,ABEV3.SA,stock,655.943092,12.469155,2025-04-22 19:23:28,2025-12-20 15:06:40
6976734c-24f5-45ee-a06b-c7eb7f39b694,1248f691-66a2-4542-a3fa-9b9b52af4957,BTC-USD,crypto,6.407761,291327.391252,2025-04-18 19:23:28,2026-01-29 07:53:31
cdeb8737-a61a-40cb-b708-70d8da1d6e20,1248f691-66a2-4542-a3fa-9b9b52af4957,BNB-USD,crypto,7.751382,1438.833237,2025-04-14 19:23:28,2026-02-16 16:26:28
14c0d873-ee86-45fe-b580-7fde2627d15a,1248f691-66a2-4542-a3fa-9b9b52af4957,GBP-BRL,fx,31587.397497,6.010188,2025-04-14 19:23:28,2026-02-15 12:25:36
87bf47c7-f22f-468e-b813-d2862f9f9be3,1248f691-66a2-4542-a3fa-9b9b52af4957,USD-BRL,fx,20588.910253,4.862002,2025-04-20 19:23:28,2025-12-20 15:55:41
f3f24b54-72bf-4997-bc9e-adff761cabe1,1248f691-66a2-4542-a3fa-9b9b52af4957,RENT3.SA,stock,310.160602,54.798303,2025-05-07 19:23:28,2026-01-26 12:04:27
3540ffc3-d384-4cf4-affb-a7048403d8fc,1248f691-66a2-4542-a3fa-9b9b52af4957,DOGE-USD,crypto,3.147056,0.924409,2025-04-18 19:23:28,2026-02-20 19:35:16
f5b5b4f0-157d-4dd6-962f-6cc0262231a2,1248f691-66a2-4542-a3fa-9b9b52af4957,META,stock,699.663051,2281.728873,2025-05-10 19:23:28,2026-01-28 07:17:30
07160434-27fe-4ba8-9e2e-ac427dfa0070,a48c4cb3-22c1-43b1-b5b7-cfc49452ef99,ADA-USD,crypto,15.038271,2.542311,2025-01-24 04:51:30,2026-01-16 14:10:28
5f4dffbf-ee04-45e8-923f-6b782cc27f89,a48c4cb3-22c1-43b1-b5b7-cfc49452ef99,WMT,stock,521.10314,855.568913,2025-01-30 04:51:30,2026-02-18 21:21:28
cf546b8c-b8eb-4bbc-9a48-634fdd9f7340,a48c4cb3-22c1-43b1-b5b7-cfc49452ef99,CHF-BRL,fx,17810.56187,6.132234,2025-01-16 04:51:30,2025-08-18 23:53:55
32bb6ff0-4659-4c58-9b86-4a52ea339cd2,a48c4cb3-22c1-43b1-b5b7-cfc49452ef99,ETH-USD,crypto,8.490264,16047.188387,2025-01-17 04:51:30,2025-09-08 18:14:15
aab55b23-52ce-46f0-a109-b11b97651323,583a0284-95fc-47e6-9f77-3bfd0c34ca55,JPY-BRL,fx,22670.410209,0.034362,2025-07-13 19:21:59,2025-12-20 18:50:46
ccf2a548-de26-4227-a0dc-c54b30f96784,583a0284-95fc-47e6-9f77-3bfd0c34ca55,AAPL,stock,178.352345,962.682567,2025-07-22 19:21:59,2026-01-14 22:45:22
c64a379a-ef66-4d09-bb8a-94ebf0cecb19,583a0284-95fc-47e6-9f77-3bfd0c34ca55,BBDC4.SA,stock,251.676174,14.043652,2025-07-21 19:21:59,2026-02-27 13:09:04
39854ca8-4a99-4c2c-b177-d1d311eebd78,583a0284-95fc-47e6-9f77-3bfd0c34ca55,BTC-USD,crypto,15.712115,304031.326693,2025-07-24 19:21:59,2026-01-23 00:26:59
683d5f43-3bbb-4fff-a4cd-d24dd7b8f8d6,583a0284-95fc-47e6-9f77-3bfd0c34ca55,ITUB4.SA,stock,292.117819,29.771682,2025-07-23 19:21:59,2026-02-04 05:05:18
1a878a17-6778-443f-81ec-baa581be1c2c,583a0284-95fc-47e6-9f77-3bfd0c34ca55,SOL-USD,crypto,9.692083,735.627015,2025-07-27 19:21:59,2026-02-26 07:41:50
a7922ad5-c640-40db-9530-a66db989107a,583a0284-95fc-47e6-9f77-3bfd0c34ca55,WEGE3.SA,stock,370.305661,50.520154,2025-08-02 19:21:59,2026-02-11 23:55:31
8f88387d-1838-4072-8370-3c99ad6869c2,583a0284-95fc-47e6-9f77-3bfd0c34ca55,DOGE-USD,crypto,10.788583,0.865418,2025-07-20 19:21:59,2026-02-05 08:32:08
1854a18c-e3b6-4db0-ab46-f69048a11bbd,583a0284-95fc-47e6-9f77-3bfd0c34ca55,ETH-USD,crypto,28.195417,17179.432108,2025-07-14 19:21:59,2026-02-19 11:13:52
3fda1d22-2fb4-4a4d-9195-cc98e4cb088a,efa17e97-1f5e-414d-bc7a-e6f58a236b22,CHF-BRL,fx,49515.147209,6.000875,2025-07-26 19:21:59,2026-02-25 21:48:21
402cf8ec-1115-406e-bd56-5f6f63d550a8,efa17e97-1f5e-414d-bc7a-e6f58a236b22,ETH-USD,crypto,6.325843,18115.925666,2025-07-26 19:21:59,2026-02-12 20:51:51
a090b927-644d-4e96-9caa-0882be4223f2,efa17e97-1f5e-414d-bc7a-e6f58a236b22,V,stock,3.838527,1086.170068,2025-08-01 19:21:59,2026-01-07 18:52:06
413ae664-d58c-4e8b-aeec-bc2e6aaa0667,efa17e97-1f5e-414d-bc7a-e6f58a236b22,JPM,stock,127.229167,958.824564,2025-07-24 19:21:59,2026-01-31 02:38:00
bcce2465-1b77-4385-ada3-dd2caf291bf3,867aa289-4d8a-4f42-82ae-85da4fb33ddb,BNB-USD,crypto,25.868637,1325.005009,2025-07-25 19:21:59,2026-02-18 05:11:07
2999a616-26a4-44a7-9bb1-5856db3e5edd,867aa289-4d8a-4f42-82ae-85da4fb33ddb,DOGE-USD,crypto,5.828453,0.955519,2025-07-29 19:21:59,2026-02-20 02:59:18
7dcd5e84-4791-47a4-aed5-2b4b6bf89bd7,867aa289-4d8a-4f42-82ae-85da4fb33ddb,AMZN,stock,532.14538,971.693961,2025-07-20 19:21:59,2026-02-04 07:51:36
3fa12bbd-b4fa-4f9b-a44a-fc9867457c95,867aa289-4d8a-4f42-82ae-85da4fb33ddb,PETR4.SA,stock,222.015188,40.704449,2025-08-01 19:21:59,2026-02-22 01:36:53
7dd58da0-7231-441b-aa5e-3840e20dab1b,fa4f3cec-fcff-4ade-8d5a-d7c4bacaddcc,WMT,stock,401.340824,856.137312,2026-02-05 21:52:05,2026-02-28 05:00:29
00febfd1-ef18-41e0-b2b6-978fd049540e,fa4f3cec-fcff-4ade-8d5a-d7c4bacaddcc,DOGE-USD,crypto,4.811753,0.955617,2026-02-07 21:52:05,2026-02-27 18:14:31
3cbbce6e-6aa7-48d1-b430-cb48a06ad974,fa4f3cec-fcff-4ade-8d5a-d7c4bacaddcc,USD-BRL,fx,12978.751321,5.087623,2026-01-15 21:52:05,2026-02-22 04:41:09
3f14591c-2634-42c9-beb5-aea82e16b7d4,fa4f3cec-fcff-4ade-8d5a-d7c4bacaddcc,NVDA,stock,758.910633,4902.482532,2026-01-17 21:52:05,2026-02-27 17:36:36
731f0eed-b8c6-486c-a138-7ad5d8fc91a2,fa4f3cec-fcff-4ade-8d5a-d7c4bacaddcc,BTC-USD,crypto,26.314441,254793.868697,2026-01-20 21:52:05,2026-02-27 16:00:06
99ba46d0-b0fb-4565-9761-d7ac3e1c9f06,fa4f3cec-fcff-4ade-8d5a-d7c4bacaddcc,AMZN,stock,191.311839,898.86566,2026-01-23 21:52:05,2026-02-27 05:57:02
29895b39-bb6e-4617-be5d-5b5b6b325102,fa4f3cec-fcff-4ade-8d5a-d7c4bacaddcc,MGLU3.SA,stock,593.777286,6.933761,2026-01-29 21:52:05,2026-02-27 15:16:23
ac453ea6-faf6-4f8a-8884-378ce6b2eb6c,fa4f3cec-fcff-4ade-8d5a-d7c4bacaddcc,RENT3.SA,stock,354.008061,52.703154,2026-01-21 21:52:05,2026-02-27 20:47:26
177323cd-4d5d-4314-86f8-ef57bcaa6070,fa4f3cec-fcff-4ade-8d5a-d7c4bacaddcc,ADA-USD,crypto,4.469775,2.537358,2026-01-20 21:52:05,2026-02-27 05:09:49
8132fae7-9194-4da0-b2c6-61e7f879dcac,fa4f3cec-fcff-4ade-8d5a-d7c4bacaddcc,AAPL,stock,891.513385,887.390188,2026-01-22 21:52:05,2026-02-28 01:01:19
4b88afac-5163-4347-8973-594a11c161fb,5788c2ef-40a0-49ac-b836-ce187b04b841,JPY-BRL,fx,32083.400892,0.0373,2026-01-28 21:52:05,2026-02-27 14:07:28
16eaefc6-3cd6-442f-8eff-421e8fdcdba0,5788c2ef-40a0-49ac-b836-ce187b04b841,VALE3.SA,stock,513.692338,61.722631,2026-01-15 21:52:05,2026-02-27 20:48:57
d1a2fb2c-6bfa-4dd5-a6e0-1d6d8107671e,5788c2ef-40a0-49ac-b836-ce187b04b841,BBDC4.SA,stock,39.264233,12.895835,2026-02-12 21:52:05,2026-02-26 00:04:11
20e04321-d683-49a8-9f87-8a26af5872f4,5788c2ef-40a0-49ac-b836-ce187b04b841,AAPL,stock,447.575818,993.340653,2026-02-03 21:52:05,2026-02-26 18:13:58
6c218dfb-89cf-45a5-a4a3-f06678f06e87,5788c2ef-40a0-49ac-b836-ce187b04b841,AMZN,stock,804.886896,1077.804498,2026-02-11 21:52:05,2026-02-26 19:35:49
ed63decb-1dd7-424b-ac08-45dba84ff54d,5788c2ef-40a0-49ac-b836-ce187b04b841,GBP-BRL,fx,37983.427945,7.015785,2026-01-27 21:52:05,2026-02-28 05:34:22
6a1a0a5b-b5fb-46d9-8d76-f84a3c2d3f55,5788c2ef-40a0-49ac-b836-ce187b04b841,BTC-USD,crypto,18.600323,273630.520117,2026-01-25 21:52:05,2026-02-22 18:14:28
1d756138-c5de-4c88-b065-33dcb32b2d69,5788c2ef-40a0-49ac-b836-ce187b04b841,GOOGL,stock,206.968988,789.042873,2026-01-17 21:52:05,2026-02-23 09:53:15
c08e5f32-fd83-4b68-a5b2-34951401cf9a,5788c2ef-40a0-49ac-b836-ce187b04b841,MGLU3.SA,stock,595.950233,7.516004,2026-02-09 21:52:05,2026-02-28 03:18:03
d54b04dd-2798-42d1-85c4-dcc5c44455a2,5788c2ef-40a0-49ac-b836-ce187b04b841,META,stock,787.749643,2604.861741,2026-01-15 21:52:05,2026-02-27 21:29:27
e385f780-f166-4edd-b3e0-7ab89d5be849,73ac69c2-bb60-448b-b3da-0ce33fc742b3,B3SA3.SA,stock,638.965327,12.147226,2026-02-08 21:52:05,2026-02-28 12:43:10
724cf756-1b60-4528-a939-49c9aae920f0,73ac69c2-bb60-448b-b3da-0ce33fc742b3,GOOGL,stock,244.185753,902.645118,2026-01-28 21:52:05,2026-02-16 18:56:00
495ace21-1306-45c4-9a9c-a40f30199788,73ac69c2-bb60-448b-b3da-0ce33fc742b3,ABEV3.SA,stock,1198.7238,13.902723,2026-01-10 21:52:05,2026-02-20 02:40:07
7ff9e6c3-1110-4841-8331-c24fac2f129a,73ac69c2-bb60-448b-b3da-0ce33fc742b3,ITUB4.SA,stock,599.578558,33.457888,2026-01-11 21:52:05,2026-02-22 21:04:11
4bf60f9a-7571-4623-8b3c-4ba7f19414a1,73ac69c2-bb60-448b-b3da-0ce33fc742b3,SOL-USD,crypto,9.925154,782.473946,2026-01-13 21:52:05,2026-02-28 05:05:42
e204fc9e-0d2b-40eb-b87c-53239687db39,73ac69c2-bb60-448b-b3da-0ce33fc742b3,BBDC4.SA,stock,1105.530358,13.658598,2026-02-02 21:52:05,2026-02-26 21:12:00
f83e9320-b3a6-4491-b089-78c422ce7a7e,73ac69c2-bb60-448b-b3da-0ce33fc742b3,BNB-USD,crypto,5.521241,1582.714491,2026-02-08 21:52:05,2026-02-26 22:06:41
42aeb938-72c7-4e95-a2d6-bcad39b8c874,73ac69c2-bb60-448b-b3da-0ce33fc742b3,XRP-USD,crypto,4.700674,3.305486,2026-01-23 21:52:05,2026-02-15 17:22:59
16319cc9-9801-41ab-84be-40d6221d1142,73ac69c2-bb60-448b-b3da-0ce33fc742b3,LREN3.SA,stock,244.8649,19.354668,2026-01-24 21:52:05,2026-02-21 22:49:29
165d7586-b54a-4791-a4d9-f40e3ccf4583,73ac69c2-bb60-448b-b3da-0ce33fc742b3,DOGE-USD,crypto,0.033743,0.895074,2026-01-31 21:52:05,2026-02-25 10:44:32
a502bf7c-6df9-405e-a7a9-6d7c5f0c5349,3927a831-66ba-47c9-bd3b-8569a6550be4,NVDA,stock,192.582098,4483.370504,2025-09-24 06:47:48,2026-02-08 09:39:52
26e20a48-df68-4490-9602-2e2a393e9dfc,3927a831-66ba-47c9-bd3b-8569a6550be4,V,stock,39.966737,952.088088,2025-09-15 06:47:48,2026-01-15 12:21:26
ff6e5af0-dad9-4ae3-a185-dc4eca03c499,3927a831-66ba-47c9-bd3b-8569a6550be4,AAPL,stock,180.495691,1034.2148,2025-09-10 06:47:48,2026-02-17 22:28:24
8598ad3c-0a32-4742-825e-f716437e6114,3927a831-66ba-47c9-bd3b-8569a6550be4,MSFT,stock,387.452563,1812.840436,2025-09-02 06:47:48,2026-02-27 05:33:15
61141d0c-b5f0-4d48-8cab-0444f7d222ec,3927a831-66ba-47c9-bd3b-8569a6550be4,BTC-USD,crypto,29.732114,251751.621685,2025-08-28 06:47:48,2026-02-14 11:28:07
2fd341d0-f190-4e65-80f5-8984b2ac92e5,80fd2e3d-5d19-46d1-85a3-0ecc8f05244f,WEGE3.SA,stock,363.909718,47.835527,2025-10-08 04:35:58,2026-02-20 14:27:36
678538ee-6421-4d8c-841b-e32eb369798b,80fd2e3d-5d19-46d1-85a3-0ecc8f05244f,BBDC4.SA,stock,358.571101,14.112525,2025-10-01 04:35:58,2026-02-20 03:18:31
bda4c5de-12b1-4d5e-b5c3-382ce7f34054,80fd2e3d-5d19-46d1-85a3-0ecc8f05244f,MGLU3.SA,stock,160.11158,7.081553,2025-10-13 04:35:58,2026-01-10 11:55:58
581e3b19-7e67-47ae-a5bd-2d145db6fec5,80fd2e3d-5d19-46d1-85a3-0ecc8f05244f,RENT3.SA,stock,210.609475,52.981131,2025-10-02 04:35:58,2026-02-21 07:35:11
bcccbed6-bda6-48fb-8b01-fc3198741fa7,7bad9fbd-1e5e-4ba3-91ab-5fcd01277f3b,ITUB4.SA,stock,422.650752,31.658331,2025-09-27 04:35:58,2026-02-20 16:43:14
ebcf5165-814c-4f82-ac58-e7a4240a62df,7bad9fbd-1e5e-4ba3-91ab-5fcd01277f3b,BTC-USD,crypto,7.672339,279051.052462,2025-10-01 04:35:58,2026-02-28 04:08:19
f4c93c00-b691-4e4f-b1b4-f51cb82aba90,7bad9fbd-1e5e-4ba3-91ab-5fcd01277f3b,PETR4.SA,stock,375.187008,42.157723,2025-10-04 04:35:58,2026-02-20 07:22:28
cc037717-1898-45ce-a5c5-be258e015784,7bad9fbd-1e5e-4ba3-91ab-5fcd01277f3b,DOGE-USD,crypto,7.04737,0.888268,2025-09-18 04:35:58,2026-02-04 00:39:54
54b5fd57-1df2-45ec-a30f-4313c6bdb7bb,7bad9fbd-1e5e-4ba3-91ab-5fcd01277f3b,BBDC4.SA,stock,885.320844,13.291592,2025-10-09 04:35:58,2026-02-17 23:23:58
702eaee5-cb07-4db0-b46e-72a319bdeb17,7bad9fbd-1e5e-4ba3-91ab-5fcd01277f3b,B3SA3.SA,stock,491.468507,12.415399,2025-09-15 04:35:58,2026-02-28 23:00:32
ea019684-167d-4c4a-9ccb-b442c2c5c754,7bad9fbd-1e5e-4ba3-91ab-5fcd01277f3b,CHF-BRL,fx,9255.37665,5.574703,2025-09-17 04:35:58,2026-01-05 23:24:57
7c1df4b8-c89d-4501-aeac-efb0891dbda0,ea398a96-4842-4cb8-8e2e-633f0d23fe01,MGLU3.SA,stock,126.997462,7.646961,2025-10-07 04:35:58,2026-02-23 21:51:31
6dde0f0d-9c55-4643-a845-95498328dd99,ea398a96-4842-4cb8-8e2e-633f0d23fe01,JPM,stock,575.561222,972.827724,2025-09-14 04:35:58,2026-02-27 10:12:40
3a105d4e-892f-4742-b139-4178f608a832,ea398a96-4842-4cb8-8e2e-633f0d23fe01,AVAX-USD,crypto,13.256674,463.033127,2025-09-25 04:35:58,2026-02-24 11:09:26
369d1bee-bb83-4479-9917-6d5b9050a248,ea398a96-4842-4cb8-8e2e-633f0d23fe01,BBDC4.SA,stock,276.591134,14.530499,2025-09-27 04:35:58,2026-02-15 13:58:48
9e84962a-1c6f-4d17-ba2f-46931513a448,ea398a96-4842-4cb8-8e2e-633f0d23fe01,ADA-USD,crypto,3.987264,2.499958,2025-10-04 04:35:58,2026-02-12 23:44:20
610e5fc1-98f3-4971-9e64-32a186b15102,ea398a96-4842-4cb8-8e2e-633f0d23fe01,B3SA3.SA,stock,1270.288779,12.409795,2025-09-27 04:35:58,2026-02-27 12:42:16
a22dbd31-7e63-44d0-9ab6-250bcb06b7a3,ea398a96-4842-4cb8-8e2e-633f0d23fe01,ETH-USD,crypto,8.620571,16194.082477,2025-09-21 04:35:58,2026-02-08 03:07:37
1b3f7bf4-fccb-4332-9e21-84dc55a977a9,ea398a96-4842-4cb8-8e2e-633f0d23fe01,ABEV3.SA,stock,205.003642,12.781404,2025-09-11 04:35:58,2026-01-05 17:41:51
f9ac47b4-a16f-4e04-9870-2762d92c2c9a,ea398a96-4842-4cb8-8e2e-633f0d23fe01,VALE3.SA,stock,207.585048,67.264475,2025-09-29 04:35:58,2026-01-28 15:42:50
e5fad104-33a0-48c2-9ff6-24205cc1b1ab,b8565d3d-ba36-43b9-af94-c9f00e736b8f,MSFT,stock,265.282396,1846.856106,2025-09-04 01:17:32,2025-11-09 15:05:12
1fbaeca6-c194-479b-9685-cbe884bb5279,b8565d3d-ba36-43b9-af94-c9f00e736b8f,DOGE-USD,crypto,19.853653,0.94335,2025-09-02 01:17:32,2026-01-07 02:02:19
1ae656b2-60a1-4da2-b204-d3ec3c45fffb,b8565d3d-ba36-43b9-af94-c9f00e736b8f,SOL-USD,crypto,26.185985,723.353797,2025-08-31 01:17:32,2026-01-16 15:24:06
9213d867-f138-4b2e-82c3-e9bbfe5a1cfa,b8565d3d-ba36-43b9-af94-c9f00e736b8f,AVAX-USD,crypto,9.559321,447.65674,2025-09-03 01:17:32,2026-02-09 00:34:54
79d86e7d-e50f-4f2a-940a-f2e755d2a03f,b8565d3d-ba36-43b9-af94-c9f00e736b8f,AMZN,stock,757.919464,927.354805,2025-09-06 01:17:32,2026-02-15 22:43:02
0aa1540e-00b1-44e3-b934-1ce985fb508b,b8565d3d-ba36-43b9-af94-c9f00e736b8f,TSLA,stock,188.942756,936.229279,2025-08-23 01:17:32,2026-02-26 09:40:28
f996df4a-324f-4302-83cb-c82d0848a7d2,605fee18-3c3d-4c02-9ec4-474c42e9cc60,XRP-USD,crypto,3.07718,3.176399,2025-09-11 01:17:32,2025-11-15 19:19:28
e110583b-eb8f-4e5e-ae93-dcc1ed073649,605fee18-3c3d-4c02-9ec4-474c42e9cc60,USD-BRL,fx,26322.089446,5.35693,2025-09-22 01:17:32,2026-02-05 16:37:21
4e70486d-1b25-47e8-acc2-a8615be099cf,605fee18-3c3d-4c02-9ec4-474c42e9cc60,MGLU3.SA,stock,654.834669,6.782203,2025-09-03 01:17:32,2026-02-04 21:35:10
6e12db66-7e87-42ca-8813-561e403f183e,605fee18-3c3d-4c02-9ec4-474c42e9cc60,NVDA,stock,405.761134,4213.815032,2025-09-22 01:17:32,2026-02-19 11:22:56
f62e558b-317e-435b-816e-7e107a76dca9,605fee18-3c3d-4c02-9ec4-474c42e9cc60,AMZN,stock,518.498909,926.244999,2025-09-20 01:17:32,2026-01-07 07:43:16
fcef7816-50b6-4442-ba2b-fe6dc55f5f39,605fee18-3c3d-4c02-9ec4-474c42e9cc60,META,stock,316.245212,2299.936164,2025-08-30 01:17:32,2026-02-18 09:31:42
aa90595d-67ee-45c0-84f0-ccc0dfa62122,605fee18-3c3d-4c02-9ec4-474c42e9cc60,EUR-BRL,fx,9901.935098,6.011448,2025-09-05 01:17:32,2025-12-01 10:55:32
c753537a-6656-4764-a8a3-5d6b59ccb77c,605fee18-3c3d-4c02-9ec4-474c42e9cc60,GOOGL,stock,472.378173,938.331431,2025-09-06 01:17:32,2026-02-17 01:26:10
5cb47008-1955-437e-8ef8-f0e6da6ed8bc,605fee18-3c3d-4c02-9ec4-474c42e9cc60,AVAX-USD,crypto,13.142829,465.130663,2025-09-25 01:17:32,2026-02-20 19:01:10
6d69b8d9-f4db-41fe-9935-2f5c30402561,605fee18-3c3d-4c02-9ec4-474c42e9cc60,BNB-USD,crypto,24.392265,1434.63801,2025-09-23 01:17:32,2026-02-19 19:22:28
6b9b7401-b1f6-4bc5-8d40-458117613245,cbd6b345-a28f-411b-9c08-65ff6ecda9b1,MGLU3.SA,stock,587.129034,7.022659,2025-08-25 01:17:32,2026-02-23 22:31:09
6a38017a-04b9-4114-b436-13db3ae11e24,cbd6b345-a28f-411b-9c08-65ff6ecda9b1,EUR-BRL,fx,16409.63792,5.249055,2025-09-08 01:17:32,2026-02-13 15:32:47
d0c10572-80af-497b-8620-1357144717a8,cbd6b345-a28f-411b-9c08-65ff6ecda9b1,PETR4.SA,stock,47.19638,26.364619,2025-08-21 01:17:32,2026-02-19 10:55:29
f38a4a5b-9298-421d-8483-82a77a18d515,cbd6b345-a28f-411b-9c08-65ff6ecda9b1,WEGE3.SA,stock,459.554598,53.791506,2025-08-31 01:17:32,2026-01-04 07:25:09
f19d18c4-0105-45af-b4d4-33bff3b435aa,cbd6b345-a28f-411b-9c08-65ff6ecda9b1,MSFT,stock,505.123899,2047.993572,2025-09-20 01:17:32,2026-02-05 09:44:55
34e1cf10-e26c-40be-b719-3370f0709a32,cbd6b345-a28f-411b-9c08-65ff6ecda9b1,AAPL,stock,419.105343,983.678552,2025-09-11 01:17:32,2026-01-17 20:07:41
8ac8dd47-3255-4c27-9ba7-324cb1b7b6b3,cbd6b345-a28f-411b-9c08-65ff6ecda9b1,BNB-USD,crypto,14.745547,1525.526724,2025-08-23 01:17:32,2026-02-17 01:03:06
ea3e8d33-bdeb-4c67-968f-27709ceac477,4530a2c1-5cac-424c-9eb8-51ba9e2e1281,GOOGL,stock,240.700522,806.690102,2025-12-17 10:02:38,2026-02-28 16:28:35
76b6e02e-3c00-4786-ba87-9ed6064998ab,4530a2c1-5cac-424c-9eb8-51ba9e2e1281,EUR-BRL,fx,31238.502591,5.493121,2025-11-29 10:02:38,2026-02-21 16:56:39
0caf1c94-7ee7-43a2-bc8b-2b0423f53bf4,4530a2c1-5cac-424c-9eb8-51ba9e2e1281,JPM,stock,824.179929,970.186079,2025-12-17 10:02:38,2026-02-26 16:49:28
a02d21db-211b-49b2-bb51-6006e756ceda,4530a2c1-5cac-424c-9eb8-51ba9e2e1281,AVAX-USD,crypto,32.440451,400.049054,2025-12-18 10:02:38,2026-02-24 06:17:40
3c06907e-da79-431f-bea8-60a06508da94,4530a2c1-5cac-424c-9eb8-51ba9e2e1281,BBDC4.SA,stock,530.951852,13.610356,2025-12-14 10:02:38,2026-02-23 11:57:28
f597506a-0a10-4397-8445-3b6df4b45724,0684fd15-87f8-45b9-a754-89c49e2cc257,SOL-USD,crypto,16.049056,772.305468,2025-12-18 10:02:38,2026-02-28 03:52:16
38a59ccd-95ad-4dda-8390-25414e6c5f9a,0684fd15-87f8-45b9-a754-89c49e2cc257,JPM,stock,145.662326,1000.464208,2025-12-16 10:02:38,2026-02-24 08:09:33
c82b826c-4024-4c04-91e8-e3cc426ac03e,0684fd15-87f8-45b9-a754-89c49e2cc257,BNB-USD,crypto,9.328851,1498.130746,2025-12-12 10:02:38,2026-02-20 06:07:19
f6c71f41-0031-41e3-a9c7-33a5b79baf4e,0684fd15-87f8-45b9-a754-89c49e2cc257,BBDC4.SA,stock,780.154105,13.845157,2025-12-14 10:02:38,2026-02-23 08:48:37
10718052-c12f-4382-8e0a-85c5de091219,0684fd15-87f8-45b9-a754-89c49e2cc257,MGLU3.SA,stock,178.875608,9.049009,2025-12-12 10:02:38,2026-02-16 23:59:23
25c2d9fa-2bb6-49ca-868e-6f9f0caeead4,0684fd15-87f8-45b9-a754-89c49e2cc257,PETR4.SA,stock,940.499027,40.459214,2025-12-13 10:02:38,2026-02-27 11:14:31
d59f3f8f-c959-4097-bd76-a97cedc42743,0684fd15-87f8-45b9-a754-89c49e2cc257,ADA-USD,crypto,28.316495,2.720509,2025-12-19 10:02:38,2026-02-28 10:20:38
095d20d3-e52f-42fa-8867-1dc5f1ac3264,be89d221-fffa-49a6-af80-b7d0efa24697,B3SA3.SA,stock,490.099761,12.433213,2025-12-18 10:02:38,2026-02-25 06:44:11
17ef673c-738d-4960-9ff5-54e81e1342ea,be89d221-fffa-49a6-af80-b7d0efa24697,LREN3.SA,stock,731.656346,16.44268,2025-12-04 10:02:38,2026-02-25 17:41:38
6c62a608-3c54-4c51-a771-190a4266b17a,be89d221-fffa-49a6-af80-b7d0efa24697,AMZN,stock,329.498726,932.623877,2025-12-10 10:02:38,2026-02-13 08:41:52
c8403997-91e6-40f8-8777-b3e0e980ffe0,be89d221-fffa-49a6-af80-b7d0efa24697,BNB-USD,crypto,27.509105,1288.459025,2025-12-08 10:02:38,2026-02-17 06:21:04
0a134a00-51dc-46fd-a044-7f69fc0567ff,be89d221-fffa-49a6-af80-b7d0efa24697,GOOGL,stock,228.485379,775.932004,2025-11-25 10:02:38,2026-02-27 20:35:51
84a719dc-1ddb-4466-8a39-b3edabd006b8,be89d221-fffa-49a6-af80-b7d0efa24697,AAPL,stock,511.339373,924.796056,2025-12-14 10:02:38,2026-02-11 13:45:42
ff81de3e-a2b6-430f-8b85-975831aeeafa,be89d221-fffa-49a6-af80-b7d0efa24697,NVDA,stock,335.740015,4873.092658,2025-11-24 10:02:38,2025-12-20 04:24:57
af252f23-d486-41f5-be99-0f68ae4e334d,1ec317cc-a3c0-4277-af16-a96d1552af34,DOGE-USD,crypto,12.142045,1.010241,2026-02-12 08:59:39,2026-02-28 10:02:38
11c07135-c677-4839-bafa-b27d5d1876bb,1ec317cc-a3c0-4277-af16-a96d1552af34,AVAX-USD,crypto,6.000938,444.604159,2026-01-19 08:59:39,2026-02-26 12:02:50
da301d2a-e6d9-4134-9bf2-17213fc5cf94,1ec317cc-a3c0-4277-af16-a96d1552af34,XRP-USD,crypto,13.166329,3.075156,2026-02-12 08:59:39,2026-02-28 21:40:37
f8e745f0-d5f0-4c5b-b913-0488ce47554d,1ec317cc-a3c0-4277-af16-a96d1552af34,WEGE3.SA,stock,510.821777,52.864376,2026-02-06 08:59:39,2026-02-23 22:44:55
184164b8-1372-45f5-8c03-a65c8cb90129,1ec317cc-a3c0-4277-af16-a96d1552af34,PETR4.SA,stock,641.395797,40.99131,2026-02-06 08:59:39,2026-02-25 23:36:55
89160006-111a-4d85-90cf-d1e69a8ea953,1ec317cc-a3c0-4277-af16-a96d1552af34,BTC-USD,crypto,14.668438,257324.342338,2026-01-31 08:59:39,2026-02-22 01:37:12
457fe42d-178d-4e2a-b45d-6a066e008641,1ec317cc-a3c0-4277-af16-a96d1552af34,SOL-USD,crypto,22.05973,746.399214,2026-01-23 08:59:39,2026-02-28 22:03:20
c5028a79-8e83-4a35-b83c-579b63342fa1,1ec317cc-a3c0-4277-af16-a96d1552af34,ADA-USD,crypto,6.555916,2.363737,2026-02-01 08:59:39,2026-02-27 12:39:23
a7e415b9-ac6b-448a-b5b4-f172daf9f95d,1ec317cc-a3c0-4277-af16-a96d1552af34,NVDA,stock,786.484267,4511.010239,2026-02-10 08:59:39,2026-02-28 22:19:16
7f6e89a0-96a2-48b4-9370-03be90d744c4,b2652a5b-ed96-430c-890f-683a3e8c8c1d,PETR4.SA,stock,990.497051,39.12858,2026-02-02 08:59:39,2026-02-26 13:58:48
98abfc64-3937-4677-adf2-ae071a59b663,b2652a5b-ed96-430c-890f-683a3e8c8c1d,XRP-USD,crypto,7.483485,3.132086,2026-01-24 08:59:39,2026-02-21 03:50:30
739ac1e9-8d61-4507-aaa6-829d16558f60,b2652a5b-ed96-430c-890f-683a3e8c8c1d,NVDA,stock,165.552051,4514.784902,2026-02-05 08:59:39,2026-02-26 16:32:37
66ef1a6a-412b-4c6e-a006-0ef68a8afd3a,b2652a5b-ed96-430c-890f-683a3e8c8c1d,DOGE-USD,crypto,3.314534,0.824923,2026-02-01 08:59:39,2026-02-17 00:25:34
00fb36dc-f0c7-486e-b18b-d8ba7c92139a,b2652a5b-ed96-430c-890f-683a3e8c8c1d,AAPL,stock,440.95423,949.320705,2026-02-01 08:59:39,2026-02-28 15:14:23
7b0aeabd-2168-4104-ac77-891910f3c5a8,b2652a5b-ed96-430c-890f-683a3e8c8c1d,META,stock,436.620954,2220.172106,2026-02-02 08:59:39,2026-02-23 00:53:10
752bbf88-654a-4eaa-92d0-214f8b694022,e25d7567-b667-4e58-a933-7fa51ebbb38f,MSFT,stock,764.407816,2047.602943,2025-10-14 01:02:47,2026-02-26 00:35:05
003aec15-0587-43ed-829d-e18226e1decc,e25d7567-b667-4e58-a933-7fa51ebbb38f,ADA-USD,crypto,15.161123,2.309775,2025-09-23 01:02:47,2026-02-26 02:39:48
df190023-c148-4bfa-a93b-3fbcae37ccbb,e25d7567-b667-4e58-a933-7fa51ebbb38f,ABEV3.SA,stock,962.51027,13.336439,2025-09-29 01:02:47,2026-02-18 01:16:12
57a71899-f71a-4f0b-b514-0d26512015cb,bead20c9-0d07-48f3-ad62-d4317d09b0a8,AAPL,stock,531.391484,996.85912,2025-09-28 01:02:47,2026-02-24 23:57:53
85e929e3-2d9a-4687-a239-f3b428852757,bead20c9-0d07-48f3-ad62-d4317d09b0a8,TSLA,stock,239.901163,1108.627457,2025-10-04 01:02:47,2026-02-28 07:06:41
e016a765-8dcb-492d-8dab-0153ef794ed2,bead20c9-0d07-48f3-ad62-d4317d09b0a8,B3SA3.SA,stock,519.143105,11.371598,2025-09-14 01:02:47,2026-02-26 22:41:56
4d200ae7-e268-4919-bad1-db3a2477d357,bead20c9-0d07-48f3-ad62-d4317d09b0a8,GBP-BRL,fx,39136.37183,6.90822,2025-09-30 01:02:47,2026-02-25 04:25:15
12bd7f67-f3ce-403c-8bd8-c0211561f541,bead20c9-0d07-48f3-ad62-d4317d09b0a8,AVAX-USD,crypto,10.826167,440.302043,2025-10-12 01:02:47,2026-02-23 09:04:55
b2796ef4-cecb-44aa-a938-914de7a05e19,bead20c9-0d07-48f3-ad62-d4317d09b0a8,ABEV3.SA,stock,638.833511,11.222023,2025-09-26 01:02:47,2026-02-20 03:26:58
e86d15d4-d499-4e59-9798-19ba440890dc,bead20c9-0d07-48f3-ad62-d4317d09b0a8,JPY-BRL,fx,15221.919347,0.039122,2025-09-30 01:02:47,2026-02-28 17:29:56
4032a678-ea6c-4d65-a649-bf5d7d459daf,bead20c9-0d07-48f3-ad62-d4317d09b0a8,VALE3.SA,stock,889.336668,60.593461,2025-10-13 01:02:47,2026-02-18 20:18:47
b630fa51-251f-4ff9-947a-a5d59eaa412a,bead20c9-0d07-48f3-ad62-d4317d09b0a8,WEGE3.SA,stock,19.85042,53.762032,2025-09-28 01:02:47,2026-02-21 21:04:27
00c0b553-e618-458b-8616-d08f087cf6e6,1c0711f7-7c13-4bd3-a7c2-d88a9e540bb9,V,stock,349.306183,1534.287074,2025-07-03 05:44:19,2026-02-20 03:40:27
a098a089-f99a-4176-b7ba-9f62e6f7e900,1c0711f7-7c13-4bd3-a7c2-d88a9e540bb9,DOGE-USD,crypto,7.476385,0.912747,2025-06-20 05:44:19,2026-01-25 11:51:06
23f3af59-b794-41c6-87c7-9e108dc9a45c,1c0711f7-7c13-4bd3-a7c2-d88a9e540bb9,SOL-USD,crypto,8.051619,715.455276,2025-07-17 05:44:19,2026-02-03 21:28:25
b761d4bf-b254-42bd-86d6-b2e9d24d2263,1c0711f7-7c13-4bd3-a7c2-d88a9e540bb9,AVAX-USD,crypto,4.039177,455.842067,2025-06-26 05:44:19,2025-11-09 10:53:00
09df6cf7-d27d-4d23-b4f3-57d532c58a44,1c0711f7-7c13-4bd3-a7c2-d88a9e540bb9,ETH-USD,crypto,3.308231,16876.940309,2025-07-15 05:44:19,2026-01-18 01:19:27
96b4111c-bacd-4fa3-aaa7-7e3f5a998f40,1c0711f7-7c13-4bd3-a7c2-d88a9e540bb9,TSLA,stock,445.31039,978.721979,2025-07-08 05:44:19,2026-02-10 13:28:48
9e21c14a-ca1a-43c5-8b71-670acedc1cac,1c0711f7-7c13-4bd3-a7c2-d88a9e540bb9,NVDA,stock,379.10673,5066.281755,2025-07-11 05:44:19,2026-02-28 18:41:29
5e1b8b58-e621-4303-ac5a-dc8f787bd84b,1c0711f7-7c13-4bd3-a7c2-d88a9e540bb9,PETR4.SA,stock,74.87867,37.718728,2025-07-03 05:44:19,2026-01-16 02:27:40
c61cb93e-e5a8-4a32-8811-01f2ab1ed90d,1c0711f7-7c13-4bd3-a7c2-d88a9e540bb9,B3SA3.SA,stock,300.602349,10.648413,2025-06-26 05:44:19,2026-02-25 22:57:23
0a151e41-a5fa-4cb8-8a9c-aa987ba8b789,6cad57ba-2851-481a-9f06-ddbb8b138f92,SOL-USD,crypto,14.581275,747.871587,2025-07-03 05:44:19,2026-02-01 18:40:20
5812f443-7e10-42be-a861-c0ec0ba7aca8,6cad57ba-2851-481a-9f06-ddbb8b138f92,WEGE3.SA,stock,511.751479,54.086126,2025-07-15 05:44:19,2026-02-21 04:03:15
ba80614d-228a-4827-80af-6bc4098ecbd4,6cad57ba-2851-481a-9f06-ddbb8b138f92,WMT,stock,134.066315,867.655277,2025-07-12 05:44:19,2026-01-22 00:15:16
7bfd7801-2ad3-442b-86d9-0fe35af08462,6cad57ba-2851-481a-9f06-ddbb8b138f92,AMZN,stock,366.864463,954.116936,2025-07-09 05:44:19,2026-02-28 04:16:39
4d9a746e-5197-4743-afc9-34101047e102,6cad57ba-2851-481a-9f06-ddbb8b138f92,RENT3.SA,stock,21.188557,55.920077,2025-07-07 05:44:19,2026-02-24 22:27:48
b0c89a39-5279-4ba6-a996-1254b42e5c86,6cad57ba-2851-481a-9f06-ddbb8b138f92,ADA-USD,crypto,12.216627,2.552676,2025-06-27 05:44:19,2026-01-21 09:28:34
5e901fa7-30d9-4ada-ae76-12a55bd2ecf3,4997694e-447e-466c-93e7-4afda28a68d7,BTC-USD,crypto,5.271151,266470.768964,2025-12-13 07:14:06,2026-02-16 09:14:53
4e6c2390-3344-41f7-9968-4bf77003f964,4997694e-447e-466c-93e7-4afda28a68d7,NVDA,stock,244.683389,4510.772805,2026-01-05 07:14:06,2026-02-12 04:06:07
09069cc6-eef2-4976-9e8c-fbc67f14882d,4997694e-447e-466c-93e7-4afda28a68d7,AAPL,stock,120.716275,1017.724658,2025-12-18 07:14:06,2026-02-25 04:18:16
a7ddab3f-b928-44be-bf0a-2298e007dbe7,4997694e-447e-466c-93e7-4afda28a68d7,ABEV3.SA,stock,317.007728,13.408208,2025-12-22 07:14:06,2026-02-19 10:02:18
f9ebec51-5eb7-463d-881c-3dc8785df310,4997694e-447e-466c-93e7-4afda28a68d7,XRP-USD,crypto,11.622945,2.903468,2025-12-26 07:14:06,2026-02-10 22:27:29
681a642e-c81a-42c8-884c-6ca5f64bd607,4997694e-447e-466c-93e7-4afda28a68d7,JPM,stock,121.782944,999.897939,2025-12-10 07:14:06,2026-02-27 14:09:50
033ee6fc-faf4-4d51-8c51-40542c543c0f,4997694e-447e-466c-93e7-4afda28a68d7,SOL-USD,crypto,3.824602,733.306363,2025-12-23 07:14:06,2026-02-21 00:04:16
e553ddee-3237-456a-a17a-44029afcfd16,4997694e-447e-466c-93e7-4afda28a68d7,VALE3.SA,stock,207.967714,67.388287,2025-12-11 07:14:06,2026-02-24 20:06:00
70eca53d-8bc5-4d83-8f09-b6fc30174065,4997694e-447e-466c-93e7-4afda28a68d7,ETH-USD,crypto,20.242015,20597.625058,2026-01-03 07:14:06,2026-02-27 03:29:23
798cefb1-51a7-4f0f-81e4-04a63805be9a,4997694e-447e-466c-93e7-4afda28a68d7,ADA-USD,crypto,6.522958,2.496017,2026-01-05 07:14:06,2026-02-28 18:58:59
f0bc2820-f33b-4ecf-a6bb-bfea9d375467,d9a680be-3011-4741-8652-b807618cdd1b,LREN3.SA,stock,366.348745,18.926419,2026-01-07 07:14:06,2026-02-23 09:10:40
496bd058-c286-4e17-a0fa-558518661d36,d9a680be-3011-4741-8652-b807618cdd1b,ETH-USD,crypto,1.386943,9814.816687,2025-12-20 07:14:06,2026-02-25 08:31:55
791d5dcb-c620-4ceb-9f71-91a01e20968f,d9a680be-3011-4741-8652-b807618cdd1b,RENT3.SA,stock,253.794734,57.627775,2025-12-13 07:14:06,2026-02-12 23:23:07
b4b8602d-057a-4f4f-8739-14fee879e4b1,d9a680be-3011-4741-8652-b807618cdd1b,WMT,stock,667.095255,873.15491,2025-12-13 07:14:06,2026-02-26 14:45:13
32122fd7-188a-4ba8-b357-2d71af1a9a07,d9a680be-3011-4741-8652-b807618cdd1b,JPM,stock,532.662379,1045.048471,2025-12-30 07:14:06,2026-02-25 05:23:33
6297cdfe-4a1d-4d9f-8d59-3e0c3e123b3b,d9a680be-3011-4741-8652-b807618cdd1b,XRP-USD,crypto,15.960002,2.829298,2025-12-23 07:14:06,2026-02-25 18:49:32
15eda872-283d-4ca6-840d-c4e0b19371bc,d9a680be-3011-4741-8652-b807618cdd1b,DOGE-USD,crypto,24.434332,0.877877,2025-12-18 07:14:06,2026-02-19 07:11:42
c6439c36-d90d-4be3-902a-2bebcd127f60,81ca55c5-bfde-44f7-84e6-a53ac0b94641,BNB-USD,crypto,1.078135,1792.04177,2025-10-26 22:47:26,2026-01-15 20:59:41
79d4dab4-a5ac-4aa1-a0c0-bb55765d2e4f,81ca55c5-bfde-44f7-84e6-a53ac0b94641,TSLA,stock,186.01679,1077.412819,2025-10-14 22:47:26,2026-02-05 04:53:40
21f89384-900a-4f0d-aa73-88c4341e3c64,81ca55c5-bfde-44f7-84e6-a53ac0b94641,META,stock,630.53771,2417.643505,2025-10-01 22:47:26,2026-02-20 23:07:28
79903602-2f45-4790-ae74-1924921f399a,81ca55c5-bfde-44f7-84e6-a53ac0b94641,XRP-USD,crypto,7.820695,3.049054,2025-10-26 22:47:26,2026-02-24 09:12:39
0cf25820-9d3d-4c70-97c8-f437ef570cb1,81ca55c5-bfde-44f7-84e6-a53ac0b94641,ETH-USD,crypto,5.074182,17139.99281,2025-10-13 22:47:26,2026-02-27 07:42:35
9a6b2ca1-0333-47c2-a2d4-c6f60cf3301f,81ca55c5-bfde-44f7-84e6-a53ac0b94641,WEGE3.SA,stock,389.598516,51.924644,2025-10-11 22:47:26,2026-02-14 07:49:58
3ee23646-33b1-4358-9e40-03775703bd44,81ca55c5-bfde-44f7-84e6-a53ac0b94641,MSFT,stock,537.226774,1874.982185,2025-10-29 22:47:26,2026-02-15 21:11:30
b51815f9-06c3-4675-843a-3c0ff2a5d7e9,81ca55c5-bfde-44f7-84e6-a53ac0b94641,ITUB4.SA,stock,789.575031,34.771388,2025-10-12 22:47:26,2026-01-31 19:19:01
74894ff7-ff8d-4ac0-90a9-141809433462,b8424901-256e-449b-851b-3266c06a6c9f,BNB-USD,crypto,9.562718,1334.403916,2025-10-07 22:47:26,2026-02-18 12:23:37
d6ea3af5-2a14-4e18-8f83-6c7d372c67fd,b8424901-256e-449b-851b-3266c06a6c9f,META,stock,92.134508,2253.04349,2025-09-24 22:47:26,2026-02-05 17:26:40
a20a024d-f400-46dd-a1fb-94a6739304a0,b8424901-256e-449b-851b-3266c06a6c9f,WMT,stock,386.320257,935.741334,2025-09-27 22:47:26,2026-02-11 15:48:34
5495e8bd-906f-4c74-8e1c-b39c50d9c192,e0939c52-923f-4962-b98f-b6746c608e71,META,stock,1071.004136,2441.671053,2025-06-28 02:22:03,2026-02-21 08:07:15
a4759621-fda0-4ca2-a380-97922cb4bedb,e0939c52-923f-4962-b98f-b6746c608e71,B3SA3.SA,stock,312.888697,12.424897,2025-06-19 02:22:03,2026-02-06 15:31:51
e4067e81-eb5b-48b2-81ee-c12bf77c7ed4,e0939c52-923f-4962-b98f-b6746c608e71,RENT3.SA,stock,157.975635,55.575171,2025-06-18 02:22:03,2025-09-25 14:13:47
52b2846f-289a-4a75-b192-807d26c8701d,e0939c52-923f-4962-b98f-b6746c608e71,GBP-BRL,fx,27080.064348,6.792774,2025-07-08 02:22:03,2025-10-18 15:16:30
cf1cb3f7-d1c0-4425-9827-8603d44dc465,e0939c52-923f-4962-b98f-b6746c608e71,ABEV3.SA,stock,171.156195,13.276155,2025-06-25 02:22:03,2026-02-24 00:24:22
31b8b5d1-6012-4a91-a5c3-b7c5ba3a24b7,e0939c52-923f-4962-b98f-b6746c608e71,AMZN,stock,658.381743,982.180944,2025-07-02 02:22:03,2025-11-08 02:26:57
98cc3595-0b9a-4b19-ba3b-34ad488a01ba,e0939c52-923f-4962-b98f-b6746c608e71,XRP-USD,crypto,5.014067,3.361785,2025-07-17 02:22:03,2026-02-26 20:04:59
234e09fa-1203-4f10-8884-a911b98634a5,e0939c52-923f-4962-b98f-b6746c608e71,PETR4.SA,stock,109.87007,57.551054,2025-07-13 02:22:03,2026-01-28 19:38:27
9e557b63-595b-4671-b460-0baad438ff8e,db71959a-2d82-4795-a289-64525c9469d6,ITUB4.SA,stock,305.659273,31.547175,2025-07-18 02:22:03,2026-01-17 09:09:52
15c80a0d-fbac-47f4-9764-4fb3f8b42324,db71959a-2d82-4795-a289-64525c9469d6,AAPL,stock,483.51292,938.536387,2025-06-29 02:22:03,2026-02-28 16:50:35
bca0d57a-7300-4261-bf68-462cfbb9032b,db71959a-2d82-4795-a289-64525c9469d6,USD-BRL,fx,23183.431897,5.436329,2025-07-03 02:22:03,2026-02-23 11:19:38
2113f8d8-5d1a-4040-971b-1acef721f5bf,db71959a-2d82-4795-a289-64525c9469d6,JPY-BRL,fx,11070.590908,0.033773,2025-06-22 02:22:03,2026-02-01 16:14:26
3c87f96d-a2ad-4a5e-96cb-bc788bcbe25c,db71959a-2d82-4795-a289-64525c9469d6,ETH-USD,crypto,21.786935,17539.50657,2025-07-14 02:22:03,2026-02-06 12:04:44
2a10991a-19f1-4cae-935c-b169471d2b8f,db71959a-2d82-4795-a289-64525c9469d6,BBDC4.SA,stock,669.943716,15.334589,2025-07-08 02:22:03,2026-01-18 21:33:17
e2e3857e-5f8f-445b-8d4e-74b465f8a88c,db71959a-2d82-4795-a289-64525c9469d6,B3SA3.SA,stock,292.411886,12.414556,2025-06-25 02:22:03,2026-01-20 02:24:19
5febd903-90e7-4573-ad3c-5e07c13e0292,db71959a-2d82-4795-a289-64525c9469d6,LREN3.SA,stock,613.784589,18.404351,2025-07-13 02:22:03,2026-01-29 21:19:46
111fc646-27ba-4bf2-8d50-e6763cb302d2,43fc6baf-d4fd-4557-92ae-1e59325e6356,ITUB4.SA,stock,283.764293,32.761102,2025-07-02 02:22:03,2025-12-28 22:10:28
1bfc8acb-9914-49ad-baf8-a4e734c34fa2,43fc6baf-d4fd-4557-92ae-1e59325e6356,BNB-USD,crypto,12.934411,1465.793717,2025-07-02 02:22:03,2026-01-27 08:27:08
74b97c90-4019-466c-bd81-2cd50e3fd1f8,43fc6baf-d4fd-4557-92ae-1e59325e6356,PETR4.SA,stock,437.011878,38.463908,2025-06-25 02:22:03,2025-11-09 21:37:49
e1657627-7e0b-4b06-a147-f00a263e78c2,43fc6baf-d4fd-4557-92ae-1e59325e6356,JPM,stock,660.663765,975.507956,2025-06-29 02:22:03,2026-02-01 12:08:25
27ffbe87-06fb-4258-98f1-681e64ff4f6c,43fc6baf-d4fd-4557-92ae-1e59325e6356,BTC-USD,crypto,10.147983,271285.90763,2025-07-16 02:22:03,2026-02-25 19:54:03
1cfed86d-0adf-4412-9d11-0fb32f39cae8,43fc6baf-d4fd-4557-92ae-1e59325e6356,JPY-BRL,fx,26805.662272,0.032064,2025-07-20 02:22:03,2026-02-19 14:50:34
f1397fec-ace1-49d7-bc7d-354d521f10a3,43fc6baf-d4fd-4557-92ae-1e59325e6356,EUR-BRL,fx,50561.143053,5.145408,2025-07-14 02:22:03,2026-02-09 06:55:04
66f329f6-af38-45b3-a2ad-0d3fa01b4811,43fc6baf-d4fd-4557-92ae-1e59325e6356,LREN3.SA,stock,338.437877,19.72346,2025-07-04 02:22:03,2026-02-13 14:47:32
350f3bb6-be33-48d1-8fe5-10abd2383abb,43fc6baf-d4fd-4557-92ae-1e59325e6356,WEGE3.SA,stock,512.915666,46.763257,2025-07-14 02:22:03,2026-02-25 15:22:23
b5413759-b85b-4f67-9c61-d4a66a570830,42295042-9aaa-4a5a-98e1-665a8ef378dc,LREN3.SA,stock,320.881875,19.584757,2025-03-02 20:41:58,2026-02-10 13:30:53
b83fa7f6-3d2a-4948-bb0a-5a2796715b22,42295042-9aaa-4a5a-98e1-665a8ef378dc,BTC-USD,crypto,10.817853,276147.088898,2025-02-16 20:41:58,2026-02-19 14:47:21
dcf074d9-5f2b-40c5-93e5-bf5467753080,42295042-9aaa-4a5a-98e1-665a8ef378dc,XRP-USD,crypto,9.975921,3.185372,2025-03-15 20:41:58,2025-10-14 22:29:09
8fcf4a53-691c-443c-bd78-c06df339a57e,42295042-9aaa-4a5a-98e1-665a8ef378dc,GBP-BRL,fx,38401.78427,7.024367,2025-03-09 20:41:58,2026-02-23 07:12:15
2288fc52-9b8e-43d8-8791-a726c2550bbb,42295042-9aaa-4a5a-98e1-665a8ef378dc,ETH-USD,crypto,31.780544,22810.674766,2025-02-27 20:41:58,2026-01-16 20:41:46
b37902da-2d5c-4344-bf55-c797d95526b2,42295042-9aaa-4a5a-98e1-665a8ef378dc,BBDC4.SA,stock,570.963639,12.877277,2025-03-13 20:41:58,2026-01-30 15:24:43
8bf346cc-0539-4692-afda-8ffc8eeae481,42295042-9aaa-4a5a-98e1-665a8ef378dc,MSFT,stock,313.270115,1759.708069,2025-03-05 20:41:58,2025-11-04 05:52:12
5407f85b-c1d1-4842-924b-15319800ab6d,7311f711-54de-4983-93f7-6393777b1fd0,MSFT,stock,116.773581,1589.15937,2025-02-13 20:41:58,2025-12-10 14:44:32
69c115d4-d14d-47f1-8e5c-7a7ee8e7f879,7311f711-54de-4983-93f7-6393777b1fd0,BNB-USD,crypto,12.884459,1456.899195,2025-03-05 20:41:58,2026-02-08 22:46:47
55c971f1-910b-4b42-9228-69657b74668a,7311f711-54de-4983-93f7-6393777b1fd0,AMZN,stock,288.045324,992.176269,2025-03-05 20:41:58,2026-01-02 17:55:04
cb329c98-e10b-4fb5-8a0f-fad389ae8186,11418086-521c-42de-8327-e6d803ea9036,AVAX-USD,crypto,16.145605,410.491356,2025-03-12 20:41:58,2025-12-27 12:54:51
2ec7dd77-2cfd-4b17-9f7f-35ac66f2dc38,11418086-521c-42de-8327-e6d803ea9036,ETH-USD,crypto,11.381016,17810.301529,2025-03-11 20:41:58,2026-02-17 02:02:25
851a1f49-ca44-4fc6-8084-a4efa4100181,11418086-521c-42de-8327-e6d803ea9036,JPY-BRL,fx,40298.387433,0.036021,2025-03-05 20:41:58,2026-02-09 03:39:38
53e62bd6-5d40-4839-a129-04e3ea1c50cc,11418086-521c-42de-8327-e6d803ea9036,META,stock,873.81643,2357.260532,2025-02-25 20:41:58,2026-02-15 23:20:50
8f3711be-8596-4a8d-87a2-bb264bca356f,11418086-521c-42de-8327-e6d803ea9036,B3SA3.SA,stock,1178.083273,12.082472,2025-03-02 20:41:58,2026-02-03 20:35:43
aca91182-e4d9-4e1a-8b1b-693462a8432f,e6c70162-e7d9-4ea0-86df-589a02f85034,TSLA,stock,866.441727,1209.59011,2025-11-22 16:56:40,2026-02-25 09:22:11
f213ac1a-5e78-4212-9d47-9cd395c48ec7,e6c70162-e7d9-4ea0-86df-589a02f85034,AVAX-USD,crypto,20.242683,443.988085,2025-12-16 16:56:40,2026-02-28 12:04:16
9c565df5-0beb-41f9-a342-4fdda69dea1d,e6c70162-e7d9-4ea0-86df-589a02f85034,PETR4.SA,stock,208.710576,38.606975,2025-11-27 16:56:40,2026-01-23 04:48:14
048ea3cf-a4c5-4a04-96a7-d5bd32ab2320,e6c70162-e7d9-4ea0-86df-589a02f85034,XRP-USD,crypto,13.005851,3.218604,2025-12-21 16:56:40,2026-02-24 07:53:50
f236b168-d9e5-4572-8e9f-0d1e57bc30c3,e6c70162-e7d9-4ea0-86df-589a02f85034,EUR-BRL,fx,7364.083103,5.541156,2025-12-02 16:56:40,2026-02-19 02:30:13
598d766f-847f-4ec0-8e07-2e5ee676b37a,e6c70162-e7d9-4ea0-86df-589a02f85034,VALE3.SA,stock,756.835375,62.03724,2025-12-04 16:56:40,2026-02-25 01:47:45
73f4cdac-151d-40cc-ac9d-88a87ac4e096,e6c70162-e7d9-4ea0-86df-589a02f85034,ETH-USD,crypto,2.04035,19704.434372,2025-11-21 16:56:40,2026-02-17 17:49:36
45326a8b-1c75-45af-8bf8-3c0d3b22f863,e6c70162-e7d9-4ea0-86df-589a02f85034,RENT3.SA,stock,680.739746,51.632347,2025-12-07 16:56:40,2026-02-23 05:55:59
b8f44a04-057f-467a-999e-69d81cde1a36,e6c70162-e7d9-4ea0-86df-589a02f85034,BTC-USD,crypto,8.669939,290743.317655,2025-11-24 16:56:40,2026-02-11 02:26:42
b7afe6c4-346b-4657-bf8e-f52131a658ac,e6c70162-e7d9-4ea0-86df-589a02f85034,BBDC4.SA,stock,395.928124,13.570464,2025-12-11 16:56:40,2026-02-11 00:51:28
16718be5-a28d-49d6-bb34-832bfaf6e3fb,0350bfed-973c-464d-9e24-9af49bc2f0e4,MSFT,stock,1040.18961,1781.285545,2025-12-09 16:56:40,2026-02-23 15:47:26
f675688b-5c57-4dc2-bd31-d66c2fe283c4,0350bfed-973c-464d-9e24-9af49bc2f0e4,USD-BRL,fx,17839.389742,5.132817,2025-11-25 16:56:40,2026-02-06 23:44:42
d66c31b4-a9d4-4668-a7e1-7a235e1ca0b7,0350bfed-973c-464d-9e24-9af49bc2f0e4,AAPL,stock,411.570603,893.031422,2025-12-06 16:56:40,2026-02-28 16:06:19
3c368234-602b-4170-8cf4-8ce7561991ed,0350bfed-973c-464d-9e24-9af49bc2f0e4,DOGE-USD,crypto,5.453341,0.924209,2025-12-13 16:56:40,2026-01-31 08:40:44
270f98d4-44f0-4279-bea2-bad34f96dc02,0350bfed-973c-464d-9e24-9af49bc2f0e4,JPM,stock,347.210809,1164.046606,2025-12-15 16:56:40,2026-02-25 05:59:41
86cdaab8-0f3a-4372-9df7-d7904bdfa9dd,0350bfed-973c-464d-9e24-9af49bc2f0e4,TSLA,stock,920.25596,1078.134763,2025-11-27 16:56:40,2026-02-28 15:13:41
095c966b-930a-4053-b48f-993b520994e5,0350bfed-973c-464d-9e24-9af49bc2f0e4,AMZN,stock,82.941212,944.020026,2025-11-23 16:56:40,2026-01-29 20:36:48
26c1bcf0-421c-49f0-8ca8-1bc42b3f8bba,0350bfed-973c-464d-9e24-9af49bc2f0e4,WMT,stock,322.322004,790.746616,2025-12-10 16:56:40,2026-02-08 22:10:57
95c55f28-7a55-4982-ac5a-469f7b6c0c57,0350bfed-973c-464d-9e24-9af49bc2f0e4,RENT3.SA,stock,498.34885,58.041913,2025-11-23 16:56:40,2026-02-19 15:32:29
9cc63efc-ce7d-4564-932e-1a455ac69146,18a794d0-83c6-43a2-b03b-706ef8f04614,META,stock,169.645582,2423.539611,2025-12-16 16:56:40,2026-02-24 15:51:19
043021f7-9d96-4938-b646-22544de9449a,18a794d0-83c6-43a2-b03b-706ef8f04614,ITUB4.SA,stock,126.542694,32.998697,2025-12-19 16:56:40,2026-01-29 09:59:20
cfb3c7e8-e151-4a8f-9b19-8cda1ad464c4,18a794d0-83c6-43a2-b03b-706ef8f04614,DOGE-USD,crypto,7.921338,0.918488,2025-12-18 16:56:40,2026-02-20 10:24:48
a89259c6-93b0-4e32-8525-696284bc1d7c,ec4ecd15-89d7-47be-83f1-f16d1d4ac5aa,V,stock,411.12962,1354.165167,2025-09-12 13:21:15,2026-01-10 11:48:09
836e2e24-ca1c-4172-bfe8-7464529f820f,ec4ecd15-89d7-47be-83f1-f16d1d4ac5aa,NVDA,stock,192.318483,3736.051582,2025-09-29 13:21:15,2026-02-25 22:55:27
02402084-16c9-456f-8170-fa9af537e433,ec4ecd15-89d7-47be-83f1-f16d1d4ac5aa,VALE3.SA,stock,311.995999,64.466067,2025-09-06 13:21:15,2026-02-26 18:25:20
24517a21-6b1d-4b22-8bb4-540fa971d437,ec4ecd15-89d7-47be-83f1-f16d1d4ac5aa,MGLU3.SA,stock,322.289035,7.144899,2025-09-23 13:21:15,2026-02-25 11:30:50
8a26d973-d451-4687-97bb-8dc00c902d3c,ec4ecd15-89d7-47be-83f1-f16d1d4ac5aa,META,stock,505.364069,2373.666764,2025-09-11 13:21:15,2026-02-13 01:30:47
c8fd2cce-1c14-4f1d-bec4-8e4011d9e1e1,ec4ecd15-89d7-47be-83f1-f16d1d4ac5aa,ETH-USD,crypto,9.580674,16483.821463,2025-10-06 13:21:15,2026-02-19 01:45:07
2349a163-93ff-46cf-82ec-d7875817ca71,ec4ecd15-89d7-47be-83f1-f16d1d4ac5aa,ADA-USD,crypto,6.301061,2.595795,2025-09-16 13:21:15,2026-02-20 00:52:17
aaa12843-17e6-4b77-bc50-e61f38993846,ec4ecd15-89d7-47be-83f1-f16d1d4ac5aa,BTC-USD,crypto,2.338268,280841.192883,2025-09-30 13:21:15,2026-02-25 07:33:25
edeb8c10-beb6-4519-84b0-f0acf59c4774,ec4ecd15-89d7-47be-83f1-f16d1d4ac5aa,BBDC4.SA,stock,492.927874,13.094436,2025-09-23 13:21:15,2026-01-09 15:38:01
25774ab6-692b-4c13-ad70-d5d7efe631fc,ec4ecd15-89d7-47be-83f1-f16d1d4ac5aa,GOOGL,stock,626.197836,838.94377,2025-09-09 13:21:15,2026-02-21 03:04:12
44018da3-982d-4500-85a8-88f6ab3e071e,a0daaea0-3bb9-41c3-ae12-3e6cf48d7585,MSFT,stock,246.395902,1715.138944,2025-09-06 13:21:15,2026-01-26 18:17:35
dc329cea-e2de-43cf-864b-84c5021b210f,a0daaea0-3bb9-41c3-ae12-3e6cf48d7585,GBP-BRL,fx,4672.319752,6.806983,2025-09-09 13:21:15,2026-02-23 00:38:09
8279cbda-4179-42cb-9c34-5209212500ed,a0daaea0-3bb9-41c3-ae12-3e6cf48d7585,V,stock,31.712966,1595.9648,2025-09-19 13:21:15,2026-01-09 23:22:55
bee750cc-4d3d-42ff-b087-9fa0641d2c95,a0daaea0-3bb9-41c3-ae12-3e6cf48d7585,B3SA3.SA,stock,918.112924,10.876729,2025-09-19 13:21:15,2026-02-13 04:31:04
7163db76-5f70-4c72-af54-86908d4b80cc,a0daaea0-3bb9-41c3-ae12-3e6cf48d7585,WMT,stock,1031.238725,883.005408,2025-09-29 13:21:15,2026-02-28 11:40:57
b416a6f1-5dc4-4667-ab0c-8f0d6ba01dbb,a0daaea0-3bb9-41c3-ae12-3e6cf48d7585,VALE3.SA,stock,740.415719,68.378927,2025-09-29 13:21:15,2026-01-13 08:31:54
83625d75-56ff-470a-971c-8a49cb1f1fb9,a0daaea0-3bb9-41c3-ae12-3e6cf48d7585,LREN3.SA,stock,1027.336336,20.208371,2025-09-14 13:21:15,2026-02-28 06:20:13
37dfbd3c-c4c6-4ad3-8acd-f63ad81ce9a1,a0daaea0-3bb9-41c3-ae12-3e6cf48d7585,JPM,stock,637.934939,856.417824,2025-09-30 13:21:15,2026-02-22 13:12:13
5ad1e33d-ba79-45bb-a712-c543c226c748,baa0c9dd-ff85-46fb-9427-20aaab114064,LREN3.SA,stock,589.860862,18.130227,2025-09-24 13:21:15,2026-01-30 16:48:19
b10b234b-da96-495f-9ac4-2405aa667e7f,baa0c9dd-ff85-46fb-9427-20aaab114064,WMT,stock,1092.233614,830.54436,2025-09-17 13:21:15,2026-01-24 21:38:25
b350656f-c8ca-4376-bdad-b1c3c7c3ec33,baa0c9dd-ff85-46fb-9427-20aaab114064,XRP-USD,crypto,2.237033,2.788909,2025-09-15 13:21:15,2026-02-26 15:50:49
b3e8000e-7b87-4241-b108-4413c9145df1,baa0c9dd-ff85-46fb-9427-20aaab114064,DOGE-USD,crypto,4.120709,0.863939,2025-09-22 13:21:15,2025-12-27 09:48:26
dc0142c4-5da6-43c3-ae0e-7b5aafd98571,baa0c9dd-ff85-46fb-9427-20aaab114064,JPM,stock,442.440132,1041.244889,2025-09-23 13:21:15,2026-02-18 17:28:42
17740455-86fc-412a-afcc-2c4db5f38ebd,baa0c9dd-ff85-46fb-9427-20aaab114064,GBP-BRL,fx,70050.255195,6.346657,2025-09-07 13:21:15,2026-01-16 08:43:46
1359b0c1-6198-41c7-834f-fe468cc5e90f,baa0c9dd-ff85-46fb-9427-20aaab114064,EUR-BRL,fx,16308.007761,5.205606,2025-09-17 13:21:15,2026-02-11 10:20:13
d3828045-d695-40ef-bf59-2e2c3f759ae5,baa0c9dd-ff85-46fb-9427-20aaab114064,B3SA3.SA,stock,709.303714,12.354921,2025-09-29 13:21:15,2026-02-04 06:33:40
a3a3069b-9c6a-4515-adf1-6725bde02413,baa0c9dd-ff85-46fb-9427-20aaab114064,ITUB4.SA,stock,804.885244,31.902229,2025-09-16 13:21:15,2026-02-24 00:08:42
23eb209d-8169-4d9c-9631-1c5b40c581e8,baa0c9dd-ff85-46fb-9427-20aaab114064,RENT3.SA,stock,595.244751,55.276729,2025-10-02 13:21:15,2026-02-21 22:53:40
edbd26ae-5110-47c1-8a9e-4d153042e41f,2f69e7fe-e574-494c-a250-755681877eeb,BNB-USD,crypto,0.492385,1505.085219,2025-09-03 19:41:08,2026-02-03 11:16:01
878db007-0e40-42e9-981f-bae70677a3b3,2f69e7fe-e574-494c-a250-755681877eeb,JPM,stock,625.923923,1127.96992,2025-09-16 19:41:08,2026-02-17 22:04:13
52a3ea98-1d61-473c-a233-e11f2acafcd5,2f69e7fe-e574-494c-a250-755681877eeb,WEGE3.SA,stock,250.011552,50.748434,2025-09-21 19:41:08,2026-02-23 11:49:04
2c45e091-7cd1-4496-8923-fedc8ea1e69e,2f69e7fe-e574-494c-a250-755681877eeb,GOOGL,stock,106.083686,926.036829,2025-09-06 19:41:08,2026-02-20 17:13:59
0eb1edbe-bc91-45c1-abe8-5825c3f4f11c,2f69e7fe-e574-494c-a250-755681877eeb,BBDC4.SA,stock,541.613656,13.916476,2025-09-12 19:41:08,2026-02-18 09:12:43
c3f7a15f-0238-40b3-beea-d944620df4d4,2f69e7fe-e574-494c-a250-755681877eeb,ETH-USD,crypto,23.651979,16841.088556,2025-08-23 19:41:08,2026-02-22 19:07:55
73637810-7d49-4e9d-800d-d6443ef17012,2f69e7fe-e574-494c-a250-755681877eeb,XRP-USD,crypto,10.242531,3.158586,2025-09-12 19:41:08,2026-02-28 02:33:25
939e7d0c-f99b-4327-824a-1e8c0dc1f076,2f69e7fe-e574-494c-a250-755681877eeb,SOL-USD,crypto,2.402889,687.9448,2025-09-02 19:41:08,2026-02-17 15:10:28
f0ffcd54-a424-4285-a2f9-2a2e05d252b3,2f69e7fe-e574-494c-a250-755681877eeb,META,stock,430.748539,2304.631748,2025-09-07 19:41:08,2026-02-19 18:50:20
246b9741-bbdc-4b2b-a7fd-4a269b7e7a19,2f69e7fe-e574-494c-a250-755681877eeb,AVAX-USD,crypto,19.26887,440.325985,2025-09-10 19:41:08,2026-02-26 20:46:40
ba7bfcdd-be9e-476c-9908-3397c0ecb684,e0cd2c2c-963d-45d3-b520-4680684df86a,SOL-USD,crypto,23.706485,807.828585,2025-08-31 19:41:08,2026-01-05 22:31:55
fcc150c6-823f-45e3-8d20-6d1d4991fe1c,e0cd2c2c-963d-45d3-b520-4680684df86a,BTC-USD,crypto,10.644034,300889.451796,2025-09-02 19:41:08,2026-02-28 05:31:39
8ed91111-3af8-4632-8e8a-06c5e3625d8c,e0cd2c2c-963d-45d3-b520-4680684df86a,XRP-USD,crypto,22.981216,2.82127,2025-09-07 19:41:08,2026-02-21 10:27:27
3c5f6450-592d-4573-9a4c-1ba4c2e07e87,e0cd2c2c-963d-45d3-b520-4680684df86a,DOGE-USD,crypto,4.356532,0.898079,2025-08-28 19:41:08,2026-02-24 12:16:01
b23e0149-4635-423b-a7eb-ca5e1defebb7,c38f9ce8-a56c-446e-a7db-fe6abdb5d80b,VALE3.SA,stock,390.551907,61.891969,2025-09-05 19:41:08,2026-02-18 08:03:37
5c0507b5-830a-4b22-8de5-057f49f70fb2,c38f9ce8-a56c-446e-a7db-fe6abdb5d80b,MSFT,stock,391.57012,1853.184114,2025-09-11 19:41:08,2026-02-18 19:17:24
8fc6abf8-2646-4ff5-9eab-333fed2e14eb,c38f9ce8-a56c-446e-a7db-fe6abdb5d80b,JPM,stock,531.090835,953.069627,2025-09-05 19:41:08,2026-02-24 05:20:27
4d3a6600-323a-4dfa-9e70-7b50a58343b3,c38f9ce8-a56c-446e-a7db-fe6abdb5d80b,V,stock,306.133716,1355.12879,2025-09-10 19:41:08,2026-02-24 23:19:48
ae99d346-7d33-43ea-8d79-de24db959ac1,c38f9ce8-a56c-446e-a7db-fe6abdb5d80b,RENT3.SA,stock,966.244068,55.373011,2025-08-29 19:41:08,2026-02-17 02:13:33
1d1da45c-31aa-4f19-ab0b-08c298396fca,c38f9ce8-a56c-446e-a7db-fe6abdb5d80b,ETH-USD,crypto,7.938661,15730.794874,2025-09-09 19:41:08,2026-02-23 06:09:33
9c55589d-27fa-4d50-b8a2-e6e81d1902b3,e8421969-77cc-4244-a84a-d0db3db3d7db,ETH-USD,crypto,5.447788,17777.388815,2025-10-14 02:09:16,2026-02-17 18:50:06
0ac8ba5c-926f-47cd-98c6-f4642565f9c6,e8421969-77cc-4244-a84a-d0db3db3d7db,WMT,stock,73.211269,851.21299,2025-10-30 02:09:16,2026-02-21 17:08:13
155026f9-f854-4b00-b3ae-c0945a959918,e8421969-77cc-4244-a84a-d0db3db3d7db,GOOGL,stock,341.407279,1008.578276,2025-10-16 02:09:16,2026-02-08 06:46:09
b1e9fc74-755e-43f1-9a8d-ba465d854343,e8421969-77cc-4244-a84a-d0db3db3d7db,BBDC4.SA,stock,441.432665,14.189486,2025-11-06 02:09:16,2025-12-21 18:14:22
3f5fc5dd-dbeb-414b-b728-6d7b8f9f55cc,e8421969-77cc-4244-a84a-d0db3db3d7db,JPY-BRL,fx,5369.585145,0.03773,2025-10-25 02:09:16,2026-02-24 19:52:02
cb36505c-7430-4a53-9741-4562c9c5e5aa,e8421969-77cc-4244-a84a-d0db3db3d7db,VALE3.SA,stock,180.702403,65.815743,2025-10-27 02:09:16,2026-02-19 05:36:25
a55f0592-eed3-41bd-b35a-34f618bcb19a,e8421969-77cc-4244-a84a-d0db3db3d7db,TSLA,stock,295.462479,1120.224471,2025-11-05 02:09:16,2026-02-14 23:57:22
3303b5da-33cf-4505-b899-6bc1e24f420c,e8421969-77cc-4244-a84a-d0db3db3d7db,ADA-USD,crypto,27.191093,2.475309,2025-10-19 02:09:16,2026-02-25 16:35:18
0c563fb9-9bfd-4f1e-b344-326e12f23eef,e8421969-77cc-4244-a84a-d0db3db3d7db,NVDA,stock,503.885363,4557.428819,2025-10-23 02:09:16,2026-02-27 23:40:05
d201a32c-046e-4e8d-96a4-44eac5b64e42,e35d8f0a-0a0f-4c10-adb3-7ee58461e2d1,DOGE-USD,crypto,0.951338,0.913053,2025-11-05 02:09:16,2026-02-14 04:53:35
38e3af7e-7bbc-4e2c-8aa2-3b4ba509bd4a,e35d8f0a-0a0f-4c10-adb3-7ee58461e2d1,XRP-USD,crypto,10.85413,3.016758,2025-10-23 02:09:16,2026-02-06 12:05:30
e69915b3-b069-49db-a024-ea90338b64b5,e35d8f0a-0a0f-4c10-adb3-7ee58461e2d1,NVDA,stock,758.871627,4147.012315,2025-10-22 02:09:16,2026-02-14 20:34:53
64e70832-d16b-4845-b352-8dd1fab6cb7b,eb501e0e-7905-4f22-a268-cec4c1ed08d0,BBDC4.SA,stock,766.386921,12.640079,2025-10-26 02:09:16,2026-02-17 11:36:05
d98e3e81-d039-46ce-86bc-10551545b1d5,eb501e0e-7905-4f22-a268-cec4c1ed08d0,AVAX-USD,crypto,22.341953,463.661905,2025-10-30 02:09:16,2026-02-18 05:17:07
fd6c8a57-757a-4070-aeac-0686cf3daa67,eb501e0e-7905-4f22-a268-cec4c1ed08d0,V,stock,177.940184,1323.007553,2025-11-10 02:09:16,2026-01-28 22:20:06
2e704864-6858-4d1c-9b1d-a71397afbd21,eb501e0e-7905-4f22-a268-cec4c1ed08d0,META,stock,1089.480496,2205.139933,2025-11-08 02:09:16,2026-02-23 07:26:47
f9c9a2c9-7164-4f74-82c0-c4f6a0b50bf0,eb501e0e-7905-4f22-a268-cec4c1ed08d0,NVDA,stock,229.382949,4283.080141,2025-10-30 02:09:16,2026-02-15 21:38:45
90b55735-3023-45d8-8ae1-2ae3e00cfd0f,f97d840d-7280-4fd0-89cf-83fe1d86ef62,ABEV3.SA,stock,218.788549,12.1592,2025-11-20 02:59:20,2026-02-07 06:18:51
8d944d2e-1fc8-47f2-8591-2df932d98eff,f97d840d-7280-4fd0-89cf-83fe1d86ef62,LREN3.SA,stock,872.787351,21.50229,2025-12-09 02:59:20,2026-02-28 10:10:08
2656d35c-5bf1-4e24-9d9f-049ffaf28959,f97d840d-7280-4fd0-89cf-83fe1d86ef62,AAPL,stock,322.402794,918.763384,2025-12-10 02:59:20,2026-02-27 06:08:09
66d20dc3-6e1b-41dd-b66f-4e227e2de0b2,f97d840d-7280-4fd0-89cf-83fe1d86ef62,WMT,stock,325.81516,828.08421,2025-11-22 02:59:20,2026-01-19 16:45:41
f389266f-2367-4984-adfc-f0ba70de7d49,f97d840d-7280-4fd0-89cf-83fe1d86ef62,META,stock,756.812928,2359.952385,2025-12-11 02:59:20,2026-02-23 13:30:38
4918f24f-12b6-466f-84fc-f1c23d590cd4,f97d840d-7280-4fd0-89cf-83fe1d86ef62,MSFT,stock,516.504327,1777.207754,2025-12-03 02:59:20,2026-02-25 06:22:47
c987b358-7744-4437-a39a-4d07774e94bf,f97d840d-7280-4fd0-89cf-83fe1d86ef62,DOGE-USD,crypto,15.057622,0.91292,2025-11-28 02:59:20,2026-02-18 00:18:06
d9a2aaed-c361-4214-9136-dd72654f58b7,f97d840d-7280-4fd0-89cf-83fe1d86ef62,SOL-USD,crypto,7.326889,674.608347,2025-12-13 02:59:20,2026-02-25 22:28:27
ac0f957e-3782-4e4b-bde9-4f80e7fd6165,3c3b1c1b-eb4e-4583-a1f6-c943d4e33a9c,XRP-USD,crypto,11.117107,3.465508,2026-01-10 04:53:51,2026-02-28 08:31:32
38ece411-c526-4672-8a8e-9bd46795fa97,3c3b1c1b-eb4e-4583-a1f6-c943d4e33a9c,ADA-USD,crypto,7.285093,2.602155,2026-01-11 04:53:51,2026-02-23 05:14:49
1d011562-f238-40c0-8ca8-ac50c2d7447e,3c3b1c1b-eb4e-4583-a1f6-c943d4e33a9c,DOGE-USD,crypto,21.043074,0.894543,2025-12-18 04:53:51,2026-02-22 22:49:00
125e743c-28bd-473c-af3e-2c01abaf96ed,d57e5bc0-ee6f-4812-8bc1-7f259f31f11b,MGLU3.SA,stock,1091.368526,7.308726,2025-10-14 16:50:56,2026-02-23 07:45:51
6829f9bb-ee37-4bb4-8325-ec4d1cfd7322,d57e5bc0-ee6f-4812-8bc1-7f259f31f11b,EUR-BRL,fx,13658.239345,5.257698,2025-10-01 16:50:56,2026-02-17 01:17:51
0f37cb5c-ca2b-44eb-bcd9-76275a9ab66d,d57e5bc0-ee6f-4812-8bc1-7f259f31f11b,JPY-BRL,fx,29866.284834,0.032848,2025-10-01 16:50:56,2026-02-18 02:00:12
0e4cf420-afbd-4f3a-a803-5a8a848c520e,d57e5bc0-ee6f-4812-8bc1-7f259f31f11b,JPM,stock,588.763151,986.411223,2025-10-08 16:50:56,2026-02-17 03:09:24
bd1f928e-a34c-423b-8e7d-db27e8c5d683,d57e5bc0-ee6f-4812-8bc1-7f259f31f11b,RENT3.SA,stock,260.468095,56.178503,2025-10-13 16:50:56,2026-01-30 19:31:15
61119db9-5feb-4f7c-bba6-26050d894f03,d57e5bc0-ee6f-4812-8bc1-7f259f31f11b,V,stock,603.053091,1266.266183,2025-10-13 16:50:56,2026-02-07 04:52:46
00845a5a-eec4-40eb-bac6-ed3fe1de4941,d5445971-aa82-4cd3-9ccf-238ec168295d,CHF-BRL,fx,9010.843249,5.275883,2025-04-23 20:24:55,2026-02-14 14:08:28
39ac52b0-1e29-4244-9285-8af52aa99c34,d5445971-aa82-4cd3-9ccf-238ec168295d,BTC-USD,crypto,3.052626,296675.817588,2025-04-25 20:24:55,2025-12-30 09:01:42
cb5140b4-3ace-45f3-9d41-5da4173a93e1,d5445971-aa82-4cd3-9ccf-238ec168295d,MGLU3.SA,stock,424.163656,7.213543,2025-04-15 20:24:55,2026-02-23 21:18:31
e1ea84cd-f3b0-4c58-85dd-cd7e4301d8a7,d5445971-aa82-4cd3-9ccf-238ec168295d,JPM,stock,856.932924,1134.790785,2025-03-29 20:24:55,2026-01-13 19:58:34
79c145a4-4b01-439e-ab40-119731d29204,d5445971-aa82-4cd3-9ccf-238ec168295d,ITUB4.SA,stock,464.57554,31.611438,2025-04-13 20:24:55,2026-01-26 04:12:28
55db29cf-c2c4-467c-b01a-eb778338e6e5,d5445971-aa82-4cd3-9ccf-238ec168295d,WEGE3.SA,stock,177.451426,56.192531,2025-03-28 20:24:55,2026-01-26 01:38:17
67596647-685a-43fe-8a92-c8b1a18f4e62,ce29774b-660b-42c4-90a9-041cc68035fd,BBDC4.SA,stock,403.998363,13.994012,2025-04-26 20:24:55,2026-02-20 11:40:53
3f1b9558-eb7c-4072-9594-f07f2ad3a872,ce29774b-660b-42c4-90a9-041cc68035fd,VALE3.SA,stock,483.826983,62.846322,2025-04-24 20:24:55,2026-02-23 03:08:21
835c73ab-4556-4ee6-9884-cb8debd10e76,ce29774b-660b-42c4-90a9-041cc68035fd,JPY-BRL,fx,26775.158613,0.035088,2025-04-15 20:24:55,2026-02-26 06:00:08
704c71b5-1a0a-4750-b40a-1cb3e358cd23,ce29774b-660b-42c4-90a9-041cc68035fd,ABEV3.SA,stock,717.365363,13.223723,2025-04-28 20:24:55,2026-02-22 07:38:02
0c4c098c-110a-4e1a-82b5-a13c65f7ba4f,58b7821b-dd6a-48de-a638-1dd77e8fbb9d,ADA-USD,crypto,13.913052,2.27539,2025-04-27 20:24:55,2026-01-28 18:37:36
f89df827-8801-42c2-99fa-586de039cd66,58b7821b-dd6a-48de-a638-1dd77e8fbb9d,V,stock,229.149282,1322.09529,2025-04-13 20:24:55,2026-02-13 08:25:45
d7529016-deed-4d34-be16-db6b7aff226c,58b7821b-dd6a-48de-a638-1dd77e8fbb9d,BTC-USD,crypto,19.172653,274937.4538,2025-04-20 20:24:55,2026-02-04 18:19:02
3e43659d-a2eb-4084-8dfe-72a6c46ab73c,58b7821b-dd6a-48de-a638-1dd77e8fbb9d,SOL-USD,crypto,8.236693,682.190757,2025-04-22 20:24:55,2026-02-28 16:40:07
29d9dcc0-f086-4de2-90f5-b300c122669a,58b7821b-dd6a-48de-a638-1dd77e8fbb9d,RENT3.SA,stock,72.602491,57.712932,2025-04-12 20:24:55,2026-02-28 00:30:43
c39ca0b4-d0a2-4a0d-b658-e6f7306f3f24,58b7821b-dd6a-48de-a638-1dd77e8fbb9d,NVDA,stock,61.417955,4376.356158,2025-04-07 20:24:55,2026-02-27 10:31:24
0b2def47-ac2f-482a-9116-f610b48e9483,58b7821b-dd6a-48de-a638-1dd77e8fbb9d,VALE3.SA,stock,362.967244,64.974265,2025-04-14 20:24:55,2026-02-09 22:03:08
b5d25ab8-501f-4e5b-b98b-8a7639d1957a,58b7821b-dd6a-48de-a638-1dd77e8fbb9d,WMT,stock,588.22167,892.840145,2025-03-31 20:24:55,2026-02-09 09:59:10
5e1452da-e291-4a8b-ad50-9fead34e4874,58b7821b-dd6a-48de-a638-1dd77e8fbb9d,EUR-BRL,fx,29273.676051,5.478281,2025-04-11 20:24:55,2026-01-27 04:25:12
263ded93-c284-453a-b592-779580112b0c,58b7821b-dd6a-48de-a638-1dd77e8fbb9d,AVAX-USD,crypto,8.229001,474.079564,2025-04-16 20:24:55,2026-01-22 22:29:58
02ba1e95-786f-4173-a0c2-531422437c13,22fb5ab8-0ff7-4243-aa8c-b676b0b4075c,GOOGL,stock,532.213793,918.383587,2026-01-16 16:12:01,2026-02-28 11:32:50
ca76c104-173e-4d62-8f19-1768c1955a29,22fb5ab8-0ff7-4243-aa8c-b676b0b4075c,ETH-USD,crypto,7.200372,16984.88484,2025-12-31 16:12:01,2026-02-24 12:39:51
96b47e43-b4fc-4ece-ac73-1a3c24e467de,22fb5ab8-0ff7-4243-aa8c-b676b0b4075c,RENT3.SA,stock,411.014074,54.283935,2026-01-03 16:12:01,2026-02-21 23:56:02
4cc6bc90-8298-4c0f-a5ec-331f2b91899e,22fb5ab8-0ff7-4243-aa8c-b676b0b4075c,JPM,stock,778.606079,992.631678,2026-01-20 16:12:01,2026-02-24 15:14:13
a0a3c061-0a88-4b75-82a0-d673147dee28,22fb5ab8-0ff7-4243-aa8c-b676b0b4075c,XRP-USD,crypto,7.525946,2.919361,2025-12-30 16:12:01,2026-02-28 09:43:08
349f61ec-54e7-4ef1-b82e-c9494c024f9e,22fb5ab8-0ff7-4243-aa8c-b676b0b4075c,AVAX-USD,crypto,13.580194,504.153328,2026-01-15 16:12:01,2026-02-24 15:02:08
9e5e4c46-03e6-4e77-bf38-717a358bc8c7,22fb5ab8-0ff7-4243-aa8c-b676b0b4075c,WMT,stock,251.864965,814.922927,2026-01-14 16:12:01,2026-02-25 10:42:01
a49eee9d-83dc-4029-9d4f-a4f4244a98a0,22fb5ab8-0ff7-4243-aa8c-b676b0b4075c,BNB-USD,crypto,17.489158,1566.344886,2026-01-18 16:12:01,2026-02-25 16:39:26
254a4e8b-ffe1-4181-b215-126dcaf14bf9,22fb5ab8-0ff7-4243-aa8c-b676b0b4075c,MSFT,stock,225.312255,1690.043356,2026-01-15 16:12:01,2026-02-18 20:16:28
cc162aa2-1da6-4cb1-8d0f-2704e76732e1,22fb5ab8-0ff7-4243-aa8c-b676b0b4075c,WEGE3.SA,stock,71.375203,52.604327,2026-01-17 16:12:01,2026-02-14 03:46:18
d3dee953-148b-4569-93b4-aea08e5485e8,c59cc938-a44f-42d1-8cbb-094df7c45b84,BTC-USD,crypto,14.123507,270304.475005,2025-02-28 15:07:27,2025-11-29 03:19:35
5f359289-b7c8-4155-8063-760e0b20f7e2,c59cc938-a44f-42d1-8cbb-094df7c45b84,META,stock,154.44079,2299.540205,2025-03-16 15:07:27,2025-12-25 21:43:57
29c04893-ea6e-438c-8b54-a8f1993d4d71,c59cc938-a44f-42d1-8cbb-094df7c45b84,MGLU3.SA,stock,92.980754,6.229947,2025-02-22 15:07:27,2025-09-22 10:03:51
ac727dd3-6c68-480f-b20c-b989954fa318,c59cc938-a44f-42d1-8cbb-094df7c45b84,MSFT,stock,324.983691,1799.506324,2025-03-19 15:07:27,2026-01-15 19:44:08
b29ef750-5a3c-4730-b88d-1591cf2c7843,9bd0f95f-7a11-44a9-b1c3-817caa24f9d2,GBP-BRL,fx,36416.966206,6.585327,2025-04-16 03:14:55,2026-01-28 20:52:16
57861161-c454-4db2-959b-5ba6141a33ee,9bd0f95f-7a11-44a9-b1c3-817caa24f9d2,BNB-USD,crypto,11.647158,1611.378726,2025-04-05 03:14:55,2026-02-01 16:28:59
cddb0244-6c2a-49f5-9a5b-d5e3e690a425,9bd0f95f-7a11-44a9-b1c3-817caa24f9d2,BTC-USD,crypto,20.463785,247479.368824,2025-03-31 03:14:55,2026-02-28 18:25:18
eaeeada3-d174-4c5e-87c6-5719f7d7d564,9bd0f95f-7a11-44a9-b1c3-817caa24f9d2,DOGE-USD,crypto,2.263907,1.178479,2025-03-27 03:14:55,2026-01-22 17:16:32
3b84b983-71d5-4627-be92-cf0a11f92254,9bd0f95f-7a11-44a9-b1c3-817caa24f9d2,META,stock,428.762976,2359.41601,2025-03-19 03:14:55,2026-01-27 22:51:23
e975014a-11d1-4e10-a201-60ed6d47d7ff,9bd0f95f-7a11-44a9-b1c3-817caa24f9d2,ABEV3.SA,stock,563.37359,12.787312,2025-04-03 03:14:55,2026-02-25 14:13:15
4366db79-5821-43ed-a8b7-58ea0d9577f6,9bd0f95f-7a11-44a9-b1c3-817caa24f9d2,WEGE3.SA,stock,49.827786,49.010549,2025-03-20 03:14:55,2025-12-12 16:22:13
f2ea71d7-5b82-4f15-91a9-d4ccf9168b04,c232aabe-3017-4ddd-820f-66f30795c16a,V,stock,344.791851,1372.949957,2025-03-22 03:14:55,2026-02-15 13:37:22
f93b4d5f-7b2e-476f-80cb-ae6cc124f670,c232aabe-3017-4ddd-820f-66f30795c16a,MGLU3.SA,stock,899.63175,7.131726,2025-04-03 03:14:55,2026-01-13 04:29:49
9efae461-44bf-444e-bc99-9e146803ef61,c232aabe-3017-4ddd-820f-66f30795c16a,META,stock,1019.343236,2257.588473,2025-04-10 03:14:55,2026-02-26 21:54:51
389fb524-35ca-4c80-adb0-d1f3b4cc43e8,c232aabe-3017-4ddd-820f-66f30795c16a,USD-BRL,fx,34273.589938,5.78382,2025-04-16 03:14:55,2026-02-28 06:15:55
69fad868-8c79-4c87-b7c1-3945bcd78929,c232aabe-3017-4ddd-820f-66f30795c16a,AAPL,stock,558.793386,997.629697,2025-03-30 03:14:55,2025-12-19 20:33:02
87fc58e9-8628-49b8-b8a1-fe8b8ecf0620,c232aabe-3017-4ddd-820f-66f30795c16a,NVDA,stock,156.708669,4130.795252,2025-03-28 03:14:55,2025-12-22 10:57:47
7c71d3d8-90b1-4709-8477-ef646d30d85e,c232aabe-3017-4ddd-820f-66f30795c16a,AVAX-USD,crypto,3.429047,430.846477,2025-03-26 03:14:55,2025-10-30 10:04:34
66b49cf8-9dcc-45d2-a3b6-5afcfb36db6c,347e7347-f4c9-4b8a-a48f-9f891f2d5219,AVAX-USD,crypto,4.104413,447.930639,2025-03-31 03:14:55,2026-02-12 19:16:31
04c28bb1-5905-4698-a438-e380d5e675bf,347e7347-f4c9-4b8a-a48f-9f891f2d5219,RENT3.SA,stock,299.993077,56.201101,2025-04-04 03:14:55,2026-02-24 15:24:17
3bf6b392-e5e5-490d-8bc4-dcc766d0ea61,347e7347-f4c9-4b8a-a48f-9f891f2d5219,JPM,stock,918.206346,1032.224036,2025-03-25 03:14:55,2026-01-19 10:21:07
bbd46234-4234-4bac-8c58-e6682399d9e7,6378762f-15fa-4e3d-9de2-6c8f1f1d581b,BTC-USD,crypto,3.652631,276723.399009,2025-10-07 17:41:35,2026-02-03 09:11:25
55a61b60-33e8-4142-ac20-d4b5746ffe52,6378762f-15fa-4e3d-9de2-6c8f1f1d581b,ADA-USD,crypto,10.439938,2.617327,2025-09-20 17:41:35,2026-02-20 04:22:43
b5b136a0-5ba0-48bb-bc64-8b106c6aa4aa,6378762f-15fa-4e3d-9de2-6c8f1f1d581b,USD-BRL,fx,34124.883482,4.651058,2025-09-14 17:41:35,2026-02-28 17:39:40
7cc9745a-8b17-4412-9bef-7e7eda7f99dc,6378762f-15fa-4e3d-9de2-6c8f1f1d581b,SOL-USD,crypto,8.356068,782.578964,2025-10-04 17:41:35,2026-02-10 06:16:20
bb3afd77-9004-49ab-b2f2-9a9c68d7b513,6378762f-15fa-4e3d-9de2-6c8f1f1d581b,JPM,stock,245.978487,1006.402873,2025-09-11 17:41:35,2026-02-15 09:04:39
81d62a19-16f7-446e-9901-58c4c5007986,6378762f-15fa-4e3d-9de2-6c8f1f1d581b,DOGE-USD,crypto,7.240987,0.907594,2025-09-23 17:41:35,2026-02-19 04:31:26
1a2d2bb1-e3f5-4e10-839e-69166ecdb834,6378762f-15fa-4e3d-9de2-6c8f1f1d581b,MSFT,stock,54.699423,1808.661809,2025-10-04 17:41:35,2026-01-15 22:01:06
2cf98aa0-8208-4deb-bc52-e5b47f0adb19,cf8b0e5d-11b5-4f02-83e6-745ac9b449f5,AAPL,stock,167.097136,990.832845,2025-10-07 17:41:35,2026-02-12 20:18:21
2a8e2e63-1096-4acb-bd39-58de480785af,cf8b0e5d-11b5-4f02-83e6-745ac9b449f5,NVDA,stock,435.989715,4460.800062,2025-10-04 17:41:35,2026-02-28 17:48:44
5f043097-cf3c-4e67-a2ef-28a900afaacf,cf8b0e5d-11b5-4f02-83e6-745ac9b449f5,LREN3.SA,stock,184.303728,19.061207,2025-09-28 17:41:35,2026-02-27 02:41:07
72f3b41e-27ba-4290-b05e-436ceee75482,cf8b0e5d-11b5-4f02-83e6-745ac9b449f5,XRP-USD,crypto,2.561515,2.765629,2025-09-22 17:41:35,2026-01-17 04:35:07
8e633838-a7b5-43ae-97ce-4e6b2d3d7fb3,cf8b0e5d-11b5-4f02-83e6-745ac9b449f5,BNB-USD,crypto,6.202808,1581.431412,2025-09-14 17:41:35,2026-02-09 14:43:08
3c858cde-cb7e-4a3a-8e52-58eb0f5e1c38,cf8b0e5d-11b5-4f02-83e6-745ac9b449f5,JPM,stock,792.007473,992.197511,2025-09-26 17:41:35,2026-02-10 15:26:47
846837ab-41d5-4d74-adee-c40489e1e37c,b3f3f106-3b42-45c7-a6a8-d9660a8f94cd,MSFT,stock,426.984549,1757.369575,2025-09-16 17:41:35,2026-02-27 04:12:04
0c35b90f-bca0-4074-9e13-6b757f991847,b3f3f106-3b42-45c7-a6a8-d9660a8f94cd,JPY-BRL,fx,20350.483213,0.03699,2025-09-15 17:41:35,2026-02-27 20:50:41
c0a4a433-faf5-496a-82a5-b3690120ca0c,b3f3f106-3b42-45c7-a6a8-d9660a8f94cd,ITUB4.SA,stock,470.242707,33.243511,2025-09-17 17:41:35,2026-01-11 10:22:21
72656d90-68f1-41dc-88dc-7d1dc417e825,b3f3f106-3b42-45c7-a6a8-d9660a8f94cd,DOGE-USD,crypto,3.749806,0.908033,2025-09-21 17:41:35,2025-12-08 05:17:26
a0f000b4-c9b6-4759-88a8-8a4b957f1365,b3f3f106-3b42-45c7-a6a8-d9660a8f94cd,VALE3.SA,stock,245.002827,61.717127,2025-09-15 17:41:35,2026-02-18 08:46:32
255212ee-6086-465e-bbea-bd9860cd2c19,b3f3f106-3b42-45c7-a6a8-d9660a8f94cd,TSLA,stock,620.973034,1185.638365,2025-10-11 17:41:35,2026-02-12 14:46:48
570763ec-20e6-4075-9f46-f9a74a41526e,b3f3f106-3b42-45c7-a6a8-d9660a8f94cd,PETR4.SA,stock,637.517537,37.490415,2025-09-25 17:41:35,2026-02-23 21:22:13
e80129f7-1acd-4351-b3ef-58547e09251a,b3f3f106-3b42-45c7-a6a8-d9660a8f94cd,META,stock,228.556121,2302.432516,2025-09-28 17:41:35,2026-02-05 01:11:45
eda01df9-3aa7-4d3f-a18d-a92f39509163,b3f3f106-3b42-45c7-a6a8-d9660a8f94cd,V,stock,83.716492,1398.960454,2025-09-24 17:41:35,2026-02-25 06:26:59
aefddd25-2190-49fc-b8e7-de110be4fe09,92bcd880-831d-450e-922c-4c9862dad4c9,WEGE3.SA,stock,1192.169847,50.248902,2025-02-23 09:39:43,2026-02-02 03:55:07
a680e83f-be6c-4cb6-ac64-15213b250cad,92bcd880-831d-450e-922c-4c9862dad4c9,ETH-USD,crypto,30.811448,16533.123792,2025-02-16 09:39:43,2026-02-03 16:44:32
2d7f70b8-0370-417b-8b21-1c4650821cb2,92bcd880-831d-450e-922c-4c9862dad4c9,TSLA,stock,765.674719,1200.471988,2025-02-05 09:39:43,2026-02-02 11:10:56
dce01008-0dfd-4864-a2cf-743daf615527,92bcd880-831d-450e-922c-4c9862dad4c9,GOOGL,stock,482.794171,925.198451,2025-02-11 09:39:43,2026-01-18 00:54:31
89ff9422-e97f-4241-86f2-33a83e873811,92bcd880-831d-450e-922c-4c9862dad4c9,RENT3.SA,stock,502.986905,54.072848,2025-03-04 09:39:43,2026-02-19 11:17:04
51249259-d077-4d04-918e-f1cf93b12836,92bcd880-831d-450e-922c-4c9862dad4c9,LREN3.SA,stock,569.661322,18.45116,2025-03-04 09:39:43,2026-02-08 17:42:36
47848bfc-5770-4753-9c32-2c8a388f602f,92bcd880-831d-450e-922c-4c9862dad4c9,BNB-USD,crypto,18.295375,1490.428094,2025-02-04 09:39:43,2026-02-14 04:43:35
d93a46e2-85c7-4921-b678-67cefc53b17b,17209968-0de1-4871-8b51-aecbfe5feea1,GOOGL,stock,684.328704,971.695883,2025-02-02 09:39:43,2026-02-06 22:06:40
709d70ce-b783-4302-852f-7fd28c317111,17209968-0de1-4871-8b51-aecbfe5feea1,VALE3.SA,stock,355.619057,62.443027,2025-03-03 09:39:43,2026-02-12 23:05:34
526513c8-3211-4623-ade1-6cb48549a4c7,17209968-0de1-4871-8b51-aecbfe5feea1,V,stock,127.190651,1445.157094,2025-02-01 09:39:43,2025-12-22 08:33:35
7792623d-2e77-4316-8adb-a25e51a9b53e,17209968-0de1-4871-8b51-aecbfe5feea1,NVDA,stock,249.059385,4474.300572,2025-02-07 09:39:43,2026-02-21 11:35:14
73f43438-e809-4afc-ac71-494391a61d0a,17209968-0de1-4871-8b51-aecbfe5feea1,PETR4.SA,stock,254.305549,38.376362,2025-02-02 09:39:43,2025-09-22 05:44:45
9c0e42e7-4e5e-490f-8519-099d5f249cc7,17209968-0de1-4871-8b51-aecbfe5feea1,ETH-USD,crypto,5.785265,16156.502776,2025-02-19 09:39:43,2026-02-14 08:54:18
88d43cfe-916a-41e3-9131-76bff8a984cd,17209968-0de1-4871-8b51-aecbfe5feea1,SOL-USD,crypto,9.078243,709.783574,2025-02-26 09:39:43,2025-12-21 10:55:55
86834bda-b3e8-4e43-bb0f-5c15ddeb3234,17209968-0de1-4871-8b51-aecbfe5feea1,BTC-USD,crypto,8.516338,266313.995153,2025-02-13 09:39:43,2026-02-17 05:01:11
431dbf8c-79a4-414f-a395-e44be806805d,17209968-0de1-4871-8b51-aecbfe5feea1,RENT3.SA,stock,166.370474,57.310953,2025-03-02 09:39:43,2025-12-21 19:02:57
51169b98-c2e0-4fe7-abb1-5c56339d47ec,17209968-0de1-4871-8b51-aecbfe5feea1,EUR-BRL,fx,7814.951747,6.643342,2025-02-16 09:39:43,2026-02-03 23:50:29
8432d201-5e4e-4e36-83f4-e347d7800b0a,c22be3ef-2500-43ea-b99b-12ce8fad2b9d,BBDC4.SA,stock,476.518311,13.85335,2025-02-18 09:39:43,2025-12-25 08:13:25
e322d48b-0689-4cae-ad55-bc15a83031d9,c22be3ef-2500-43ea-b99b-12ce8fad2b9d,V,stock,808.22035,1546.493632,2025-02-08 09:39:43,2025-12-14 03:40:42
775808b4-644d-4c41-aba7-e6d2e61eef46,c22be3ef-2500-43ea-b99b-12ce8fad2b9d,BNB-USD,crypto,9.475371,1474.240856,2025-02-19 09:39:43,2026-01-13 05:37:35
6066e43f-6d79-4264-819e-6e5020c17eef,6886e1cb-bf1e-482a-a013-c39780155381,EUR-BRL,fx,18256.458433,5.580314,2025-12-06 12:00:49,2026-02-14 05:15:53
04a7d4ed-a07b-4a54-a299-6607b5e7aa57,6886e1cb-bf1e-482a-a013-c39780155381,SOL-USD,crypto,16.672602,702.791018,2025-11-30 12:00:49,2026-02-16 07:18:43
0c831612-6b36-478b-9197-0bb952726a43,6886e1cb-bf1e-482a-a013-c39780155381,ADA-USD,crypto,3.47949,2.224696,2025-12-01 12:00:49,2026-02-08 06:29:02
68e099dc-d6f1-4a4b-a455-ff528f96ee80,6886e1cb-bf1e-482a-a013-c39780155381,ITUB4.SA,stock,659.657798,34.007293,2025-12-11 12:00:49,2026-02-25 09:20:06
556cf1ef-d29d-4810-94fb-900066c2af28,85807cc5-90f4-4451-a223-9d16fa36fb0d,CHF-BRL,fx,37394.347515,6.043154,2025-11-20 12:00:49,2026-02-22 08:27:01
2e9dc87f-e3b3-4460-8b89-4126b7a77a2a,85807cc5-90f4-4451-a223-9d16fa36fb0d,AMZN,stock,691.895376,937.673218,2025-12-02 12:00:49,2026-02-27 00:10:24
68fcc42c-f6b4-45a8-a8d2-4ed04f35386e,85807cc5-90f4-4451-a223-9d16fa36fb0d,GOOGL,stock,201.150671,914.096676,2025-12-11 12:00:49,2026-02-21 00:32:21
e3d719bd-af89-4ee1-a659-9735c57d820c,85807cc5-90f4-4451-a223-9d16fa36fb0d,RENT3.SA,stock,404.68873,56.532082,2025-11-29 12:00:49,2026-02-27 11:49:08
e7f04065-d6b4-4739-8061-814a18fbf585,85807cc5-90f4-4451-a223-9d16fa36fb0d,XRP-USD,crypto,3.982628,2.987253,2025-11-21 12:00:49,2026-02-11 20:14:37
47478c70-70ae-4036-b123-9f6a414aeb03,85807cc5-90f4-4451-a223-9d16fa36fb0d,V,stock,142.429349,1313.594295,2025-12-07 12:00:49,2026-02-12 14:23:05
57cd2b8a-8e73-459e-9121-315e7fe559c9,85807cc5-90f4-4451-a223-9d16fa36fb0d,ADA-USD,crypto,0.674073,2.168122,2025-12-13 12:00:49,2026-02-23 11:07:22
57cd703e-5977-4813-9a0e-b5fb5bcf45ec,85807cc5-90f4-4451-a223-9d16fa36fb0d,WMT,stock,118.078665,806.062001,2025-11-23 12:00:49,2026-02-14 05:44:38
2c7fe38b-687a-4ce3-8467-7616066fe478,85807cc5-90f4-4451-a223-9d16fa36fb0d,LREN3.SA,stock,137.241276,18.414324,2025-12-05 12:00:49,2026-02-21 00:07:38
3d8997e3-8df3-43be-b75b-7c1953c0efba,e6ebd140-236b-413e-8dcd-ce86333d2366,WMT,stock,281.055754,819.143044,2025-12-06 12:00:49,2026-02-26 18:45:20
acf853a3-ae01-4e73-a6fe-b5906987bf69,e6ebd140-236b-413e-8dcd-ce86333d2366,VALE3.SA,stock,157.782582,63.08695,2025-12-18 12:00:49,2026-02-05 22:29:52
5e16b3a6-3991-49ed-a4d2-a6af5df3e5e5,e6ebd140-236b-413e-8dcd-ce86333d2366,ABEV3.SA,stock,170.438126,14.082616,2025-12-11 12:00:49,2026-02-20 17:43:18
1b0ed2e5-55b8-4199-92b6-68db11638c4e,e6ebd140-236b-413e-8dcd-ce86333d2366,MSFT,stock,288.248815,1809.024717,2025-11-22 12:00:49,2026-02-26 02:31:09
88923571-44c6-40ba-b7c4-b53d96066bad,e6ebd140-236b-413e-8dcd-ce86333d2366,ITUB4.SA,stock,499.099873,33.641927,2025-12-14 12:00:49,2026-02-18 23:48:09
edeb26fb-ad03-49f2-ad12-6ce995335bf2,e6ebd140-236b-413e-8dcd-ce86333d2366,RENT3.SA,stock,388.862188,64.20251,2025-11-25 12:00:49,2026-02-18 02:34:20
32aa7755-015c-4ef6-9a71-5cba44289652,a64b7aff-1184-48c6-86ac-28a692daaa03,SOL-USD,crypto,7.588395,729.854294,2025-05-16 19:09:43,2025-12-31 00:07:24
fd22e763-1ebd-4dd1-b315-748af83559a9,a64b7aff-1184-48c6-86ac-28a692daaa03,DOGE-USD,crypto,13.390203,0.866401,2025-05-27 19:09:43,2026-02-12 13:33:09
d5864903-a84b-40d3-a97a-759b237ffb59,a64b7aff-1184-48c6-86ac-28a692daaa03,VALE3.SA,stock,621.252481,64.085949,2025-05-14 19:09:43,2026-01-14 11:24:46
6272720d-9476-4b82-bf6f-5d148249d8ba,a64b7aff-1184-48c6-86ac-28a692daaa03,ADA-USD,crypto,26.611203,2.922892,2025-05-23 19:09:43,2026-02-14 16:02:43
cf3eba3a-6f5d-4654-a41f-efa697172394,a64b7aff-1184-48c6-86ac-28a692daaa03,PETR4.SA,stock,320.364246,35.550992,2025-05-21 19:09:43,2026-02-11 10:57:56
f6f5ffdc-02ba-4f3c-8504-507417786279,6cfdbb9d-3861-4078-aa89-31cb37af578a,AMZN,stock,700.314118,825.560961,2025-05-03 19:09:43,2026-01-12 09:42:00
b35e3ba5-9bee-4594-b955-3e2480b5d884,6cfdbb9d-3861-4078-aa89-31cb37af578a,SOL-USD,crypto,21.563822,631.304547,2025-05-28 19:09:43,2026-02-16 20:24:21
4a74f3c0-a153-43ca-a4b9-45600111cdb9,6cfdbb9d-3861-4078-aa89-31cb37af578a,MSFT,stock,99.484648,2338.057859,2025-05-14 19:09:43,2026-02-02 14:31:07
4599ffde-3d8c-4e0e-90b9-101f0d77349b,6cfdbb9d-3861-4078-aa89-31cb37af578a,AVAX-USD,crypto,3.949293,449.762678,2025-05-25 19:09:43,2025-12-27 12:22:29
a121303e-f4b9-4e74-b153-1af7b06b2228,6cfdbb9d-3861-4078-aa89-31cb37af578a,ADA-USD,crypto,9.036452,2.317955,2025-05-27 19:09:43,2026-01-25 07:23:49
2abd74ec-0927-44ad-86de-03685cdaceb2,6cfdbb9d-3861-4078-aa89-31cb37af578a,ETH-USD,crypto,2.588937,16950.071614,2025-05-19 19:09:43,2025-10-03 05:33:27
f1bae65a-d93e-4c54-94a2-51251799c537,0bde688e-d2a3-4eed-993e-1a1421c90a29,EUR-BRL,fx,29564.484387,5.7472,2025-11-03 13:48:40,2026-02-13 11:24:58
f37caf56-e62e-40ea-ba1a-25aef82a75f9,0bde688e-d2a3-4eed-993e-1a1421c90a29,BTC-USD,crypto,17.677384,272711.378191,2025-11-27 13:48:40,2026-02-18 01:49:20
a992c3f9-fd67-43b5-92ac-baa89e359139,0bde688e-d2a3-4eed-993e-1a1421c90a29,USD-BRL,fx,16004.24982,5.262352,2025-11-19 13:48:40,2026-01-26 16:13:53
e0768d33-3343-41ba-a8ea-fc4160d5f16c,0bde688e-d2a3-4eed-993e-1a1421c90a29,BNB-USD,crypto,8.656844,1342.336108,2025-11-12 13:48:40,2026-02-18 14:30:32
99abbcbe-47a3-4eca-9a86-a028920ab1f2,0bde688e-d2a3-4eed-993e-1a1421c90a29,SOL-USD,crypto,17.989598,710.061063,2025-11-05 13:48:40,2026-02-18 07:21:46
64b56ce1-c854-4d44-86c3-3ea3ca20ee8b,0bde688e-d2a3-4eed-993e-1a1421c90a29,META,stock,225.532285,2266.955801,2025-11-01 13:48:40,2026-01-13 19:55:47
3acb57b5-282e-4268-8335-d601ae69ce3a,96a5bb12-c1e7-41a9-a8dc-f920641376cc,LREN3.SA,stock,1007.563169,17.341458,2025-11-02 13:48:40,2026-02-26 09:26:34
da61d8da-e74f-4c4e-96e1-a300e1c9c339,96a5bb12-c1e7-41a9-a8dc-f920641376cc,GBP-BRL,fx,45853.810542,6.059865,2025-11-18 13:48:40,2026-02-18 03:44:07
cd093bfd-75ce-4398-a054-43f38443d5bf,96a5bb12-c1e7-41a9-a8dc-f920641376cc,TSLA,stock,207.681728,1159.583046,2025-10-26 13:48:40,2026-02-03 01:47:53
4b9e17c6-2f15-48f7-9e99-af3fb1ae6690,96a5bb12-c1e7-41a9-a8dc-f920641376cc,WMT,stock,117.85179,932.754214,2025-11-01 13:48:40,2026-02-20 13:54:57
0f89ce17-d570-492b-a6fb-77a32ee67191,96a5bb12-c1e7-41a9-a8dc-f920641376cc,MGLU3.SA,stock,879.216593,6.540537,2025-11-20 13:48:40,2026-02-24 07:52:27
01e0e2fc-db0b-4f54-87f5-957018612c72,99e8ba12-a0e3-48f1-8544-724d81bfcf36,SOL-USD,crypto,21.881638,691.397857,2025-11-24 13:48:40,2026-02-27 00:07:28
a4959ef9-f796-4ed4-af2e-8e05fdeeab60,99e8ba12-a0e3-48f1-8544-724d81bfcf36,AMZN,stock,316.966283,929.054207,2025-11-01 13:48:40,2026-01-22 00:15:25
f5ea20ff-093f-4d90-874a-f96f0d98a5ad,99e8ba12-a0e3-48f1-8544-724d81bfcf36,META,stock,1199.732493,2401.032741,2025-11-24 13:48:40,2026-02-20 08:21:02
e4cbc833-b2bf-40d6-a656-08f12bd5aedd,3f3fc2e4-24fc-4922-b0ab-7160764d8999,RENT3.SA,stock,849.135094,48.134009,2025-07-01 08:50:26,2026-02-24 13:23:33
1d7cf281-8ff5-40c2-ab02-7195865b0a31,3f3fc2e4-24fc-4922-b0ab-7160764d8999,META,stock,506.617115,2225.677718,2025-07-01 08:50:26,2025-12-09 13:38:57
61677917-6cdc-4ad0-9047-2f750e9a017f,3f3fc2e4-24fc-4922-b0ab-7160764d8999,TSLA,stock,666.962939,1108.63005,2025-06-23 08:50:26,2026-02-12 07:51:41
a89f2dfb-f587-4fec-84f5-1040309035ee,3f3fc2e4-24fc-4922-b0ab-7160764d8999,AAPL,stock,379.621373,872.527242,2025-07-15 08:50:26,2026-02-26 06:27:04
453b1f42-c51b-4b37-b1b9-fcb7102bd825,3f3fc2e4-24fc-4922-b0ab-7160764d8999,VALE3.SA,stock,338.792433,60.970446,2025-06-29 08:50:26,2026-02-13 09:50:22
e4bb6ae5-2d6e-418a-ab30-17247247f7d4,3f3fc2e4-24fc-4922-b0ab-7160764d8999,BBDC4.SA,stock,1513.045835,14.186931,2025-06-23 08:50:26,2026-01-27 15:38:05
d4b6ad37-17c3-4a8c-9862-4b07f95aae52,3f3fc2e4-24fc-4922-b0ab-7160764d8999,ITUB4.SA,stock,434.135952,34.628466,2025-07-12 08:50:26,2025-11-07 03:20:57
20b36521-0e02-4955-9bf8-84cee616976d,3f3fc2e4-24fc-4922-b0ab-7160764d8999,GOOGL,stock,969.060222,997.053477,2025-07-15 08:50:26,2026-02-28 22:06:42
2fda1eeb-1f70-4811-93cb-3efc1b3ed850,f59560eb-4be8-4866-8b3a-266c8b129c3e,GOOGL,stock,1089.510858,759.190082,2025-07-09 08:50:26,2026-02-11 21:15:01
d83a0d33-9be8-400b-9780-084f33651264,f59560eb-4be8-4866-8b3a-266c8b129c3e,ADA-USD,crypto,5.510927,2.466557,2025-07-03 08:50:26,2025-12-02 07:28:42
b7077a72-d52e-439c-90e7-64591c77e01f,f59560eb-4be8-4866-8b3a-266c8b129c3e,EUR-BRL,fx,32439.993247,5.488228,2025-07-21 08:50:26,2026-02-11 21:36:22
91598bfc-f172-40ea-8a3c-91cf1b122843,f59560eb-4be8-4866-8b3a-266c8b129c3e,AAPL,stock,709.414494,936.934232,2025-07-21 08:50:26,2026-02-19 17:01:00
090c0a10-cad8-40cf-a001-2e3353274868,f59560eb-4be8-4866-8b3a-266c8b129c3e,BNB-USD,crypto,21.764356,1592.826906,2025-07-13 08:50:26,2026-01-19 22:59:26
d8a72249-2e0a-4cb5-8902-02dd3c58568f,f59560eb-4be8-4866-8b3a-266c8b129c3e,V,stock,295.286131,1181.2356,2025-07-05 08:50:26,2026-02-06 00:22:13
0613f2a6-79c7-440d-9f3c-11d7a4503a8b,f59560eb-4be8-4866-8b3a-266c8b129c3e,JPM,stock,602.131985,1031.61923,2025-07-15 08:50:26,2026-02-26 00:03:35
f35629dc-83a4-4b9d-a5cc-058753b17f3e,f59560eb-4be8-4866-8b3a-266c8b129c3e,WEGE3.SA,stock,441.059688,53.064858,2025-07-11 08:50:26,2026-02-10 10:56:25
fcfd94dc-5f7a-449d-b47e-66b293a68680,76952c72-6892-4393-a5f9-51a58c16aec5,BBDC4.SA,stock,1680.443421,13.240938,2025-02-24 07:39:51,2026-02-25 16:17:42
93dd1653-5674-4eb6-9179-b60b1ec5da49,76952c72-6892-4393-a5f9-51a58c16aec5,MSFT,stock,748.775113,1729.945711,2025-02-15 07:39:51,2026-02-28 08:12:25
b0602824-8951-4e88-9c4b-60b6141c2878,76952c72-6892-4393-a5f9-51a58c16aec5,JPM,stock,218.36172,967.306418,2025-02-15 07:39:51,2025-12-31 19:59:53
24c3ddd5-e727-4186-8f5f-c2cacc62a157,76952c72-6892-4393-a5f9-51a58c16aec5,V,stock,282.397673,1342.322609,2025-02-11 07:39:51,2026-01-28 07:13:07
53adbdc7-e3bd-4a75-9efe-0f34202f0b1e,76952c72-6892-4393-a5f9-51a58c16aec5,BTC-USD,crypto,6.02661,307730.942785,2025-02-09 07:39:51,2025-12-24 18:34:33
0427b74f-e862-425b-a98d-6823312c89c9,76952c72-6892-4393-a5f9-51a58c16aec5,WEGE3.SA,stock,155.576715,48.794269,2025-02-26 07:39:51,2026-01-05 13:12:00
52d9f5e9-69cf-4fea-8c85-f74e53ecdbd3,76952c72-6892-4393-a5f9-51a58c16aec5,ITUB4.SA,stock,799.066667,31.55534,2025-02-13 07:39:51,2025-12-25 07:42:10
7f7348fd-8836-447e-b4a6-76a3f015933b,76952c72-6892-4393-a5f9-51a58c16aec5,AVAX-USD,crypto,10.280748,477.65057,2025-03-03 07:39:51,2026-01-22 08:45:53
94bf6a15-1b75-4b98-b1f9-2c3bc0c5ee01,76952c72-6892-4393-a5f9-51a58c16aec5,SOL-USD,crypto,6.448083,742.743891,2025-02-20 07:39:51,2026-01-18 23:47:41
2bcfae48-c65c-47eb-b6be-5d9154b2605f,76952c72-6892-4393-a5f9-51a58c16aec5,BNB-USD,crypto,20.439502,1504.140472,2025-03-08 07:39:51,2026-01-11 13:26:37
2c1ba18b-b4ef-44cf-8b9f-e88c8386d476,d42d10cc-188d-442c-9a88-e48be087c74b,JPM,stock,93.244896,1027.952442,2025-03-07 22:29:09,2025-11-25 19:35:59
14b30ef5-6381-47fa-a89a-b9dcd0052dbe,d42d10cc-188d-442c-9a88-e48be087c74b,PETR4.SA,stock,417.856792,38.151357,2025-02-22 22:29:09,2025-12-23 15:42:12
19de19fb-4db0-4790-9705-d61ca149d2e8,d42d10cc-188d-442c-9a88-e48be087c74b,BBDC4.SA,stock,262.661658,14.007622,2025-02-05 22:29:09,2026-02-23 05:09:33
5d69383c-8775-411b-8658-6c655717670e,d42d10cc-188d-442c-9a88-e48be087c74b,ETH-USD,crypto,14.541973,15766.728437,2025-02-12 22:29:09,2026-02-08 16:47:20
d2c19cb7-1de3-4ef2-a3dc-d254788d2eca,d42d10cc-188d-442c-9a88-e48be087c74b,ITUB4.SA,stock,185.984077,32.576805,2025-02-14 22:29:09,2026-01-20 05:19:34
5b676b04-6ca4-4295-ad5a-b152f47c11b6,7c0d669d-6bf2-452c-b250-a2b47a35d064,MSFT,stock,979.329405,1692.029764,2026-01-21 07:05:04,2026-02-27 21:51:32
8aa2a8db-d569-40b0-8c67-5ebc3329c5a5,7c0d669d-6bf2-452c-b250-a2b47a35d064,WEGE3.SA,stock,343.528768,50.573912,2026-01-15 07:05:04,2026-02-24 10:19:15
4a179fec-e66a-47b8-9d67-0f589bafa652,7c0d669d-6bf2-452c-b250-a2b47a35d064,B3SA3.SA,stock,516.019916,12.711522,2026-02-02 07:05:04,2026-02-25 01:54:35
67a67d41-7c1f-4049-a742-cc04314194a1,7c0d669d-6bf2-452c-b250-a2b47a35d064,BBDC4.SA,stock,531.356531,15.8008,2026-02-01 07:05:04,2026-02-28 00:48:08
246c72e9-86c0-44b9-936f-ad029ed75fdf,7c0d669d-6bf2-452c-b250-a2b47a35d064,AAPL,stock,444.469958,1019.529792,2026-01-17 07:05:04,2026-02-20 00:49:47
f203193a-a299-4a6a-a8f6-e0e231dcc46e,7c0d669d-6bf2-452c-b250-a2b47a35d064,GOOGL,stock,123.324745,905.43307,2026-01-15 07:05:04,2026-02-15 21:00:34
eae62d82-5139-43c2-a4b3-2efd5e51644c,bbdd7dc4-44ea-4853-88b7-c6fc07ec48a5,NVDA,stock,24.800544,4958.046965,2026-01-08 07:05:04,2026-02-28 18:25:18
23f5d195-7c56-4877-9f17-45f7fefca26e,bbdd7dc4-44ea-4853-88b7-c6fc07ec48a5,GOOGL,stock,349.882363,872.337396,2026-01-14 07:05:04,2026-02-24 19:07:15
ad4da2bc-8ea8-465a-95f7-c07ac7800dfa,bbdd7dc4-44ea-4853-88b7-c6fc07ec48a5,MSFT,stock,207.492158,2104.787704,2026-02-01 07:05:04,2026-02-26 04:11:16
84278fac-5ca6-4e52-9919-c78c288dfa83,bbdd7dc4-44ea-4853-88b7-c6fc07ec48a5,AVAX-USD,crypto,15.48545,475.159209,2026-01-08 07:05:04,2026-02-28 05:55:32
e5e4eabf-d28d-4268-9240-7356680d1f8a,bbdd7dc4-44ea-4853-88b7-c6fc07ec48a5,BTC-USD,crypto,11.324713,282365.008088,2026-01-16 07:05:04,2026-02-25 03:41:40
19affa8b-bde6-44d0-95f4-50b34a52c779,bbdd7dc4-44ea-4853-88b7-c6fc07ec48a5,SOL-USD,crypto,9.403633,715.2657,2026-01-24 07:05:04,2026-02-28 03:07:04
84fca98d-5095-4a5b-949e-65037b34d80a,bbdd7dc4-44ea-4853-88b7-c6fc07ec48a5,ETH-USD,crypto,0.436736,17299.458188,2026-01-11 07:05:04,2026-02-24 09:43:45
0223e78a-ee67-4879-a423-5a9680c6b010,bbdd7dc4-44ea-4853-88b7-c6fc07ec48a5,EUR-BRL,fx,23145.022954,5.744754,2026-01-22 07:05:04,2026-02-25 06:42:38
158e9c21-5ec6-4920-8d2e-a63a610d2a32,bbdd7dc4-44ea-4853-88b7-c6fc07ec48a5,LREN3.SA,stock,480.815298,19.259776,2026-01-10 07:05:04,2026-02-27 00:05:25
bd86d583-20a5-41ec-81f2-4777f21e6eb7,bbdd7dc4-44ea-4853-88b7-c6fc07ec48a5,ABEV3.SA,stock,705.03073,13.146896,2026-01-27 07:05:04,2026-02-22 11:03:16
6f865608-256e-448e-9c75-fa57709fcc9a,7974f0ec-0d40-4529-9995-2628b19a7e75,WMT,stock,446.992266,924.611206,2025-06-20 02:38:07,2026-02-22 15:57:41
71dc8825-7c4a-461e-8ee9-f0619cb5a35a,7974f0ec-0d40-4529-9995-2628b19a7e75,RENT3.SA,stock,197.681141,55.588895,2025-06-12 02:38:07,2026-02-04 19:56:16
e20cf850-4d1c-4786-b42e-e7a0e07f824f,7974f0ec-0d40-4529-9995-2628b19a7e75,EUR-BRL,fx,12579.820811,5.736709,2025-06-14 02:38:07,2026-02-14 03:41:15
36450068-9c28-4135-915a-d80fc6a9b8c2,7974f0ec-0d40-4529-9995-2628b19a7e75,JPY-BRL,fx,10602.46863,0.038843,2025-06-30 02:38:07,2026-02-14 05:10:53
c8612840-4d5c-49eb-ac0b-31baa36b9114,7974f0ec-0d40-4529-9995-2628b19a7e75,AVAX-USD,crypto,6.911728,463.07575,2025-07-04 02:38:07,2026-01-22 08:11:42
36db8e00-e651-4e2a-8ee1-1ba68b605e61,7974f0ec-0d40-4529-9995-2628b19a7e75,ADA-USD,crypto,12.399363,2.407583,2025-06-29 02:38:07,2026-02-17 15:44:23
3fe73849-5339-464c-b4d5-29082cafc1cc,3bba5116-fcb5-452a-8b42-d2aeee21ceee,WMT,stock,898.374249,849.260048,2025-04-07 03:32:44,2025-12-18 13:30:23
f3918be2-d2d1-4730-a21c-0ed599bfb471,3bba5116-fcb5-452a-8b42-d2aeee21ceee,ADA-USD,crypto,1.358193,2.623829,2025-04-04 03:32:44,2026-01-07 13:20:11
c06a6678-88b7-45dd-91ee-d52a5671c378,3bba5116-fcb5-452a-8b42-d2aeee21ceee,BBDC4.SA,stock,327.43976,14.6013,2025-03-28 03:32:44,2026-02-21 14:34:34
aa3dbece-7983-4110-8a61-da0f4120194b,3bba5116-fcb5-452a-8b42-d2aeee21ceee,AMZN,stock,383.504648,984.87373,2025-04-07 03:32:44,2026-02-14 16:20:17
d724bd93-ba19-4428-8477-14a6b49c7a8d,3bba5116-fcb5-452a-8b42-d2aeee21ceee,NVDA,stock,1014.492161,4406.008129,2025-04-02 03:32:44,2026-01-26 01:50:13
614d94aa-5d4f-484d-9671-ceda0b680f92,23f6d81c-303f-4ba1-b3ce-6a8980129c17,BTC-USD,crypto,6.442418,276564.362723,2025-04-12 03:32:44,2025-10-19 08:51:04
80e2a6f6-ea23-4752-a4ce-ebd2b65647c6,23f6d81c-303f-4ba1-b3ce-6a8980129c17,BNB-USD,crypto,29.519581,1510.733447,2025-03-24 03:32:44,2025-11-29 14:05:21
24a814a7-8acc-4f85-afa2-a571eb5310ae,23f6d81c-303f-4ba1-b3ce-6a8980129c17,RENT3.SA,stock,150.105028,53.553921,2025-04-09 03:32:44,2026-02-14 17:07:23
d0176990-ef83-4456-b656-9093e95c3e69,23f6d81c-303f-4ba1-b3ce-6a8980129c17,MGLU3.SA,stock,259.396969,7.230319,2025-03-23 03:32:44,2026-02-01 06:21:10
c657e0a0-682d-4b88-a455-e839b4825577,23f6d81c-303f-4ba1-b3ce-6a8980129c17,DOGE-USD,crypto,16.93408,0.904932,2025-04-01 03:32:44,2026-02-27 07:55:39
d5add675-8892-4acf-a75a-b684c7d70b7c,23f6d81c-303f-4ba1-b3ce-6a8980129c17,MSFT,stock,637.976456,1754.479913,2025-04-01 03:32:44,2026-02-27 20:20:22
11c925ec-afbc-4848-bcee-9f00c5a347fd,ceed626c-ec23-4be2-87f8-ff461d42c702,CHF-BRL,fx,13104.78574,5.413041,2025-03-10 03:32:44,2025-11-18 12:56:29
b9c0442b-0446-4605-a946-cbc11638c98e,ceed626c-ec23-4be2-87f8-ff461d42c702,ADA-USD,crypto,5.608913,2.320673,2025-03-29 03:32:44,2026-01-23 16:21:19
2812e3b0-6c24-4d1f-b652-24b0df83864e,ceed626c-ec23-4be2-87f8-ff461d42c702,JPY-BRL,fx,40978.890262,0.033614,2025-04-02 03:32:44,2026-02-15 11:00:03
347ab0db-310f-47b6-82b4-e07f473c7038,ceed626c-ec23-4be2-87f8-ff461d42c702,TSLA,stock,599.761903,1028.435715,2025-03-25 03:32:44,2026-01-28 12:55:47
02780b69-914d-4989-9de8-27a2a9d37b16,ceed626c-ec23-4be2-87f8-ff461d42c702,DOGE-USD,crypto,11.112853,0.927654,2025-03-21 03:32:44,2026-02-15 17:55:47
c4c51c58-99fb-4a16-8af8-b8f1f9e42abc,ceed626c-ec23-4be2-87f8-ff461d42c702,META,stock,785.44511,2212.805001,2025-03-29 03:32:44,2026-01-15 05:13:35
feab88d3-28c9-4c71-b6fa-f57c80ab6048,ceed626c-ec23-4be2-87f8-ff461d42c702,WMT,stock,348.979324,772.119881,2025-03-17 03:32:44,2026-02-10 18:59:00
9b344bf6-c018-41d4-9182-c7c95f53ed4e,ceed626c-ec23-4be2-87f8-ff461d42c702,RENT3.SA,stock,822.673574,52.422024,2025-03-27 03:32:44,2026-01-24 10:43:02
a0ec1905-3aab-46eb-b7cf-57558546e3ee,ceed626c-ec23-4be2-87f8-ff461d42c702,GOOGL,stock,293.205393,964.484919,2025-04-06 03:32:44,2026-02-21 11:45:09
12aa482e-564c-44ad-adab-987696d36d12,ceed626c-ec23-4be2-87f8-ff461d42c702,ITUB4.SA,stock,870.178705,31.024707,2025-03-16 03:32:44,2026-02-13 08:28:14
d8958d9d-d41d-463c-b575-f668dbae399f,63827cb6-ebb5-4f8b-bae2-7f01fd82ba96,AVAX-USD,crypto,29.686652,450.924056,2025-12-23 06:14:20,2026-02-10 15:32:18
e9e98773-0f99-47a5-aa19-d033ca738cab,63827cb6-ebb5-4f8b-bae2-7f01fd82ba96,RENT3.SA,stock,392.936784,54.602878,2025-12-21 06:14:20,2026-02-23 07:19:37
d68b4c60-259c-4030-a9da-eaae10057e6b,63827cb6-ebb5-4f8b-bae2-7f01fd82ba96,USD-BRL,fx,43246.22498,5.609759,2025-12-18 06:14:20,2026-02-27 07:30:58
dff0ee18-52b2-464c-a21b-eb012b3e7867,63827cb6-ebb5-4f8b-bae2-7f01fd82ba96,GBP-BRL,fx,26007.024211,6.443395,2025-12-16 06:14:20,2026-02-26 04:57:29
eddd8574-9c44-4631-ad65-67fc83d7bcc5,63827cb6-ebb5-4f8b-bae2-7f01fd82ba96,BNB-USD,crypto,9.262872,1382.023112,2025-12-16 06:14:20,2026-02-10 13:24:37
65245d0c-6a56-4ff7-9ccf-5be0d16e138c,dd800d68-323d-48bd-a173-3c498b67adeb,AAPL,stock,159.095307,923.165393,2025-11-26 06:14:20,2026-02-16 19:30:15
a83dee92-1a31-4124-982d-ea0e8dd30407,dd800d68-323d-48bd-a173-3c498b67adeb,AVAX-USD,crypto,3.683268,491.824319,2025-11-26 06:14:20,2026-02-28 15:17:32
aafc8d6b-a4f6-4ad3-9f18-ebae4b3ba744,dd800d68-323d-48bd-a173-3c498b67adeb,GOOGL,stock,1012.20027,880.227828,2025-12-19 06:14:20,2026-02-25 23:13:10
4e1d5af1-5a74-49ff-a449-e603d9dcfd4f,dd800d68-323d-48bd-a173-3c498b67adeb,JPY-BRL,fx,48944.880797,0.033046,2025-12-11 06:14:20,2026-02-03 10:21:24
08ebe796-6dfd-47b9-8901-3e88c7a2c2ef,dd800d68-323d-48bd-a173-3c498b67adeb,DOGE-USD,crypto,8.085709,0.842061,2025-12-09 06:14:20,2026-02-23 10:24:16
8ebc8a66-c442-4119-b18e-9bd6f9e2e000,dd800d68-323d-48bd-a173-3c498b67adeb,B3SA3.SA,stock,229.302118,11.791726,2025-12-06 06:14:20,2026-01-25 17:31:08
7253b290-c660-45d6-a2a9-89f508489fe6,dd800d68-323d-48bd-a173-3c498b67adeb,TSLA,stock,221.590695,1094.188857,2025-12-07 06:14:20,2026-02-12 10:42:22
faf5edbf-7ce0-4047-b74f-dbd9283df6fe,dd800d68-323d-48bd-a173-3c498b67adeb,RENT3.SA,stock,984.288722,51.684509,2025-11-29 06:14:20,2026-02-26 05:08:51
0ef80ad1-b7cc-4e67-83d2-e5e10275c7c6,dd800d68-323d-48bd-a173-3c498b67adeb,ADA-USD,crypto,15.897532,2.463243,2025-12-15 06:14:20,2026-02-16 15:02:40
d07906d3-2296-4b21-8643-cf980708ba02,201c212c-869d-4857-8bfb-e212e21ef19e,AAPL,stock,803.096481,917.741939,2025-03-21 23:02:35,2026-01-29 03:44:55
5074bff9-089d-4f2d-b367-2bf36b49ffae,201c212c-869d-4857-8bfb-e212e21ef19e,VALE3.SA,stock,1120.479017,74.632467,2025-04-15 23:02:35,2026-02-20 00:16:48
6617aeb2-6272-4ffc-8310-c45e39605f05,201c212c-869d-4857-8bfb-e212e21ef19e,SOL-USD,crypto,25.326948,632.839831,2025-04-14 23:02:35,2026-02-26 19:38:36
877cf51f-0709-4539-bd96-88f6d025ef93,1d308597-acfb-478c-8da7-bb2e0350bbc4,JPM,stock,489.380069,1020.519625,2025-04-26 23:02:35,2026-02-28 23:35:59
32ec06db-3295-4784-908b-2ac5fabca0c3,1d308597-acfb-478c-8da7-bb2e0350bbc4,PETR4.SA,stock,140.445878,37.349325,2025-04-24 23:02:35,2025-12-13 20:26:13
30990501-0f12-42fb-950d-22b230bcb2ae,1d308597-acfb-478c-8da7-bb2e0350bbc4,BTC-USD,crypto,19.28526,258435.025024,2025-03-28 23:02:35,2026-02-17 17:30:08
e0f55a79-252e-46b5-a052-3e6b97a40940,1d308597-acfb-478c-8da7-bb2e0350bbc4,MGLU3.SA,stock,318.118133,7.07857,2025-04-04 23:02:35,2026-01-14 01:37:42
49b94b48-d7cb-4724-9e98-2898a84f805a,1d308597-acfb-478c-8da7-bb2e0350bbc4,V,stock,624.250133,1345.319623,2025-04-05 23:02:35,2025-11-28 04:45:50
856c004f-8def-4cb1-9771-c0fb98a960d9,1d308597-acfb-478c-8da7-bb2e0350bbc4,NVDA,stock,831.265704,4428.179928,2025-03-29 23:02:35,2026-02-11 00:46:47
1cf92c70-a8e2-4f97-abe1-17aae1fde188,89a96406-5aca-4dd2-982f-22ab6319f4e9,PETR4.SA,stock,404.059314,41.593672,2025-04-21 23:02:35,2026-02-23 23:22:22
7fc8c557-1fae-4038-8588-d51e65969edb,89a96406-5aca-4dd2-982f-22ab6319f4e9,ETH-USD,crypto,19.443698,18729.197834,2025-04-23 23:02:35,2026-02-18 03:24:52
5c292194-e2e7-46a5-a8c2-58a161ae6de0,89a96406-5aca-4dd2-982f-22ab6319f4e9,ABEV3.SA,stock,592.777703,14.097949,2025-04-26 23:02:35,2026-01-30 16:10:58
56be6188-2fcb-4c3e-9a00-fa36a95d024d,89a96406-5aca-4dd2-982f-22ab6319f4e9,TSLA,stock,792.575942,1081.869129,2025-04-18 23:02:35,2026-01-11 18:13:52
9f10c079-f706-4a66-a130-163a6a1f4717,89a96406-5aca-4dd2-982f-22ab6319f4e9,LREN3.SA,stock,1294.138503,17.887295,2025-04-20 23:02:35,2026-02-08 13:55:28
b445407c-b285-420f-83ae-669a69c79999,89a96406-5aca-4dd2-982f-22ab6319f4e9,XRP-USD,crypto,6.492215,2.714916,2025-04-26 23:02:35,2026-02-27 03:47:06
9cefbadc-9d75-4f32-b20f-e5ec7537b603,89a96406-5aca-4dd2-982f-22ab6319f4e9,META,stock,636.996826,2359.054555,2025-04-14 23:02:35,2026-02-08 07:34:39
76b377a4-cdd7-4f20-be8d-e98e855650b4,89a96406-5aca-4dd2-982f-22ab6319f4e9,CHF-BRL,fx,35522.393608,5.47835,2025-03-29 23:02:35,2026-02-14 00:21:35
62a6c19f-7356-40ff-8cce-3f9a2bc8e2c7,89a96406-5aca-4dd2-982f-22ab6319f4e9,ITUB4.SA,stock,326.039329,30.12756,2025-03-29 23:02:35,2026-02-16 05:06:23
b9e90310-8fce-4c91-b43e-b9db68d29bf6,32c672c2-4e5a-4c88-854f-c9180f779bd3,ABEV3.SA,stock,698.967646,14.104407,2025-04-04 12:52:31,2026-02-28 12:50:20
c2a17a34-d96d-4bfc-a258-dba0afd19e54,32c672c2-4e5a-4c88-854f-c9180f779bd3,MSFT,stock,356.450844,1703.98566,2025-03-18 12:52:31,2026-02-20 22:10:11
0eb5fcf8-2f7f-493b-ad8e-b2c4ec9b4f5c,32c672c2-4e5a-4c88-854f-c9180f779bd3,META,stock,631.411079,2312.694695,2025-03-21 12:52:31,2026-02-09 23:15:25
c9fe9402-ccba-4ee1-8473-ecc358efce32,7083a9ae-2dad-4c35-ae6c-df3dc2675b7d,JPM,stock,502.231863,1001.412399,2025-09-09 21:51:54,2026-02-15 12:24:45
2f253ce2-b9cf-4118-84bb-64a8d08dbba5,7083a9ae-2dad-4c35-ae6c-df3dc2675b7d,ETH-USD,crypto,1.18583,17084.959605,2025-09-16 21:51:54,2026-01-16 16:14:48
c29de030-94b4-46b1-8147-4b02b2213ea7,7083a9ae-2dad-4c35-ae6c-df3dc2675b7d,WEGE3.SA,stock,501.322219,52.159059,2025-09-20 21:51:54,2026-02-05 14:33:38
27025c16-d1cc-40e1-83d2-e0297b7c2ff7,7083a9ae-2dad-4c35-ae6c-df3dc2675b7d,VALE3.SA,stock,739.721287,61.166522,2025-09-05 21:51:54,2026-02-20 17:03:17
9d708617-4a8c-40af-b67d-79b231027672,7083a9ae-2dad-4c35-ae6c-df3dc2675b7d,MSFT,stock,754.396909,1710.036012,2025-09-25 21:51:54,2026-02-26 18:48:07
6e0750bd-7422-4b9d-85e4-878ebfbcfbb9,647f6359-8962-4c2c-93f7-aa0701796284,ETH-USD,crypto,14.01688,18134.1397,2025-02-21 18:22:37,2025-12-09 04:19:15
ea544e39-c93e-4b1a-822f-a3fff17d90b7,647f6359-8962-4c2c-93f7-aa0701796284,AMZN,stock,574.371566,932.292301,2025-02-15 18:22:37,2026-02-26 19:30:52
345c081d-7906-4847-9c98-8daeb8264a28,647f6359-8962-4c2c-93f7-aa0701796284,JPM,stock,1381.995345,995.547794,2025-02-16 18:22:37,2026-02-02 09:49:58
f10e0761-49d4-478f-8cf4-6cd486d3d427,647f6359-8962-4c2c-93f7-aa0701796284,BNB-USD,crypto,19.902624,1445.125766,2025-02-08 18:22:37,2026-02-01 10:59:08
82c5d1d8-5f40-4c89-967e-35244cb90ab8,647f6359-8962-4c2c-93f7-aa0701796284,B3SA3.SA,stock,742.561449,12.412234,2025-02-11 18:22:37,2026-01-12 15:59:38
db534ee6-97fd-49f3-9701-e71aa723b2ea,647f6359-8962-4c2c-93f7-aa0701796284,GOOGL,stock,111.907736,872.960449,2025-01-26 18:22:37,2026-02-10 04:58:38
d765bbf4-4bd8-4b2b-9c7a-45b2c413dade,647f6359-8962-4c2c-93f7-aa0701796284,VALE3.SA,stock,212.758785,60.793192,2025-02-05 18:22:37,2025-09-13 07:58:48
f20fca38-f314-4b10-927e-b2852c7742ae,647f6359-8962-4c2c-93f7-aa0701796284,WEGE3.SA,stock,310.535739,52.036217,2025-02-15 18:22:37,2026-02-27 22:48:59
7ff60b84-7aaf-431e-abb2-040d465218ef,647f6359-8962-4c2c-93f7-aa0701796284,MSFT,stock,230.318625,1523.120073,2025-01-28 18:22:37,2026-02-25 22:56:25
3c545f97-9d87-475a-a6dc-2fc97fc2ca68,647f6359-8962-4c2c-93f7-aa0701796284,USD-BRL,fx,19379.740468,5.523262,2025-02-05 18:22:37,2026-01-28 09:29:57
83680aba-b51b-4a40-8897-79eedaa4da16,e7d4fbca-252d-48e1-9c1c-4ee63242186d,LREN3.SA,stock,200.645054,19.419475,2025-02-07 18:22:37,2025-07-03 16:42:26
51dd31b1-9930-42fc-9fee-d3744aa593e3,e7d4fbca-252d-48e1-9c1c-4ee63242186d,BTC-USD,crypto,20.816759,278222.279538,2025-02-01 18:22:37,2026-02-20 20:09:57
dbba1db9-9b62-4a6e-a6c5-1b7758a6e2e4,e7d4fbca-252d-48e1-9c1c-4ee63242186d,ADA-USD,crypto,8.311886,2.270538,2025-02-10 18:22:37,2025-07-14 13:22:41
f4107408-ab03-4e77-ab32-b42174d49492,e7d4fbca-252d-48e1-9c1c-4ee63242186d,BBDC4.SA,stock,309.320985,13.299801,2025-02-04 18:22:37,2026-02-21 21:37:37
91bee463-5bce-47a8-907a-69460fb71a45,e7d4fbca-252d-48e1-9c1c-4ee63242186d,AAPL,stock,68.483737,951.944976,2025-01-20 18:22:37,2026-02-18 17:34:59
fab85a22-aea5-428a-b0a8-709303bf76d8,89ed62fe-d807-42c3-9fae-137e20b5ab58,LREN3.SA,stock,469.467401,19.332855,2025-11-30 13:22:58,2026-02-28 05:02:38
500fc6e8-397d-47c0-8f89-88bd119cd8f9,89ed62fe-d807-42c3-9fae-137e20b5ab58,AAPL,stock,427.460251,890.614185,2025-11-21 13:22:58,2026-01-24 10:30:36
60ec7a82-1299-4ccb-b9ef-413636e2f50a,89ed62fe-d807-42c3-9fae-137e20b5ab58,V,stock,681.075583,1316.082894,2025-12-18 13:22:58,2026-02-22 21:48:44
f451ea56-a937-4fb1-84f7-130eba80d2e5,0307262f-8068-45ab-a46a-529a9311956b,ABEV3.SA,stock,726.158466,12.835833,2025-12-18 13:22:58,2026-02-24 21:47:46
fe587569-2898-49aa-aeb2-3df459468150,0307262f-8068-45ab-a46a-529a9311956b,SOL-USD,crypto,7.38094,699.736112,2025-12-02 13:22:58,2026-02-28 08:33:22
80e37e58-df44-4516-9b1b-5b7be1c0376f,0307262f-8068-45ab-a46a-529a9311956b,DOGE-USD,crypto,17.65446,0.899492,2025-11-29 13:22:58,2026-02-12 07:37:10
a4841898-84ba-4fc9-8279-c0251949ee12,0307262f-8068-45ab-a46a-529a9311956b,EUR-BRL,fx,12018.896799,5.811413,2025-11-30 13:22:58,2026-02-28 07:03:01
4783986a-e917-472c-bf43-8de9a03f5b1d,0307262f-8068-45ab-a46a-529a9311956b,NVDA,stock,830.104154,4436.600815,2025-12-24 13:22:58,2026-02-22 13:45:16
3203c81f-2f0b-4319-80c3-b8b6c838b026,0307262f-8068-45ab-a46a-529a9311956b,XRP-USD,crypto,7.29922,3.10395,2025-12-09 13:22:58,2026-02-24 07:54:25
6084c500-e02d-48e1-9335-d54bbd744d40,0307262f-8068-45ab-a46a-529a9311956b,LREN3.SA,stock,340.632799,18.307719,2025-12-26 13:22:58,2026-02-26 08:00:39
d0ec1bf4-ecf4-47ae-b2d5-c1521c1e1408,0307262f-8068-45ab-a46a-529a9311956b,MGLU3.SA,stock,1163.671956,7.496374,2025-12-08 13:22:58,2026-02-21 16:16:40
655a7d5f-033e-4f2f-8dad-d77b415317c2,352b058c-8b82-41ef-b7a6-aea1f275b4aa,WMT,stock,347.147062,817.494442,2025-12-12 13:22:58,2026-02-27 07:40:14
cfb76de1-5823-4558-820c-c9f95671ca13,352b058c-8b82-41ef-b7a6-aea1f275b4aa,BBDC4.SA,stock,511.744595,14.474322,2025-12-09 13:22:58,2026-02-16 16:15:19
e8e6e6a0-a555-4e81-9178-d1d33f87861d,352b058c-8b82-41ef-b7a6-aea1f275b4aa,DOGE-USD,crypto,24.799671,0.867739,2025-11-28 13:22:58,2026-02-25 14:47:58
595ec1ae-5424-4cee-9a04-248e981db16f,9493c145-9a53-4498-a23a-bc547ee84d35,EUR-BRL,fx,22210.104592,5.963631,2025-11-07 06:35:06,2026-02-16 08:29:02
32823dbd-c7dc-446b-ae8e-eff215377ce1,9493c145-9a53-4498-a23a-bc547ee84d35,USD-BRL,fx,44634.304432,4.462461,2025-11-06 06:35:06,2026-02-28 02:50:28
299b06d3-c36a-431c-9fcc-b3c580bc0dcf,9493c145-9a53-4498-a23a-bc547ee84d35,B3SA3.SA,stock,463.548557,12.47341,2025-11-09 06:35:06,2026-02-27 23:12:05
5188494b-0df0-4a41-ace3-bc9e6a4a6674,9493c145-9a53-4498-a23a-bc547ee84d35,DOGE-USD,crypto,13.87372,0.85626,2025-11-27 06:35:06,2026-02-24 06:06:42
69cf382a-2723-4870-82c2-be5912653a5e,9493c145-9a53-4498-a23a-bc547ee84d35,JPY-BRL,fx,28991.933211,0.036719,2025-11-04 06:35:06,2026-02-20 01:06:36
fba9bdd9-2550-477f-b4bf-fc34a213f1f3,9493c145-9a53-4498-a23a-bc547ee84d35,ETH-USD,crypto,22.823995,15835.369952,2025-11-03 06:35:06,2026-02-23 16:46:21
759065d0-a44f-42fd-9ca5-57306aa6cacc,9493c145-9a53-4498-a23a-bc547ee84d35,ITUB4.SA,stock,288.195,34.05435,2025-11-14 06:35:06,2026-01-30 23:59:20
4670eeab-5492-4dc4-938c-79721eda0d47,9493c145-9a53-4498-a23a-bc547ee84d35,MGLU3.SA,stock,545.007062,6.884007,2025-11-12 06:35:06,2026-02-06 11:39:52
4dfbcd85-e7a0-46ba-9667-0d4cf83cd961,523b10e0-dcb0-44b9-8fdb-7b62bf84d0a6,PETR4.SA,stock,507.203974,35.599126,2025-09-19 06:35:46,2026-02-09 05:18:36
be80025a-de17-4070-b5ac-a7a256a299fe,523b10e0-dcb0-44b9-8fdb-7b62bf84d0a6,AVAX-USD,crypto,10.474354,468.062246,2025-10-11 06:35:46,2026-01-19 23:33:37
d7a67181-476a-4222-a62c-62a3de4fa42f,523b10e0-dcb0-44b9-8fdb-7b62bf84d0a6,B3SA3.SA,stock,264.772591,11.793767,2025-10-01 06:35:46,2026-02-12 04:03:47
4f6d1027-29c8-4374-809a-8eebbd8a59f9,294ea66c-871e-49c5-be2a-1a816cdaf110,BBDC4.SA,stock,803.099256,14.36924,2025-10-16 06:35:46,2026-02-26 11:14:06
d940af13-72a8-4f90-89dc-0cc23d173da5,294ea66c-871e-49c5-be2a-1a816cdaf110,META,stock,488.391768,2084.06158,2025-10-24 06:35:46,2026-02-24 02:36:28
3f0f05c3-ad5a-4fb6-94e3-be5072c37105,294ea66c-871e-49c5-be2a-1a816cdaf110,VALE3.SA,stock,218.293204,76.254365,2025-10-09 06:35:46,2026-02-25 01:46:41
c8c16af8-ed86-42d5-a037-cb95d0cbda93,294ea66c-871e-49c5-be2a-1a816cdaf110,JPY-BRL,fx,6899.876579,0.035707,2025-09-30 06:35:46,2026-02-07 19:41:40
4bb261ab-7051-4ed1-af67-52d5fc957267,1c25e0d7-35db-4276-bdad-9736b8548fde,SOL-USD,crypto,30.698675,801.561184,2026-01-19 11:45:56,2026-02-25 09:10:20
49398903-1052-4658-bc1f-f1cf90d0f675,1c25e0d7-35db-4276-bdad-9736b8548fde,ADA-USD,crypto,8.323824,2.67282,2026-01-09 11:45:56,2026-02-28 10:44:54
d3d2b62c-7f7a-4379-a99d-7c72b6e4866c,1c25e0d7-35db-4276-bdad-9736b8548fde,ETH-USD,crypto,15.37182,17878.050202,2026-01-09 11:45:56,2026-02-24 06:14:21
11cfd765-7ba9-46f5-8eab-85bbe501f54d,1c25e0d7-35db-4276-bdad-9736b8548fde,MSFT,stock,619.110325,1882.340684,2026-01-02 11:45:56,2026-02-23 08:36:24
245bd6a6-5270-4fd3-b99c-c4df0a0b0ab5,1c25e0d7-35db-4276-bdad-9736b8548fde,GOOGL,stock,827.32152,869.243476,2026-01-12 11:45:56,2026-02-19 12:19:52
aee0ffa6-b12e-4641-8fce-35e9e2519ff4,1c25e0d7-35db-4276-bdad-9736b8548fde,TSLA,stock,162.363173,1127.087957,2026-01-09 11:45:56,2026-02-24 16:24:40
13e9e18f-ef95-427e-a3a3-361a1aa23002,1c25e0d7-35db-4276-bdad-9736b8548fde,CHF-BRL,fx,18801.760167,5.885122,2026-01-15 11:45:56,2026-02-17 12:44:52
ba96f40d-3d91-4e98-8afc-3219fb9372c3,6fb0bd60-3fae-422d-9257-1be06b3651e7,MGLU3.SA,stock,720.976564,7.228953,2026-01-23 11:45:56,2026-02-28 19:00:03
23cd51e5-835d-4b01-856c-9f43bf06e98a,6fb0bd60-3fae-422d-9257-1be06b3651e7,PETR4.SA,stock,459.768054,37.282416,2026-01-21 11:45:56,2026-02-20 23:59:32
457d4066-007d-4eaa-bf44-c21a0c903fc3,6fb0bd60-3fae-422d-9257-1be06b3651e7,AAPL,stock,693.064,918.125508,2025-12-27 11:45:56,2026-02-28 03:49:17
670c2d99-9498-49eb-883c-20ab50a9a8ae,6fb0bd60-3fae-422d-9257-1be06b3651e7,JPM,stock,253.931516,1011.436067,2026-01-22 11:45:56,2026-02-25 05:28:31
747eebeb-7827-4314-91d7-f76708057901,6fb0bd60-3fae-422d-9257-1be06b3651e7,XRP-USD,crypto,6.382836,3.239429,2025-12-29 11:45:56,2026-02-21 01:11:23
712e0fd7-f14e-431a-89bc-2b5dfa5220dc,68058798-6305-46d5-9d21-45763e9410dc,BTC-USD,crypto,24.617844,270184.6564,2025-12-26 11:45:56,2026-02-26 21:02:57
576666f4-1dd1-4b37-819e-0a8f4af63057,68058798-6305-46d5-9d21-45763e9410dc,PETR4.SA,stock,316.260088,38.817434,2026-01-04 11:45:56,2026-02-24 12:52:11
546df5ed-55a5-4b41-bed4-e56ec6b26bf2,68058798-6305-46d5-9d21-45763e9410dc,JPY-BRL,fx,6191.64949,0.038767,2026-01-02 11:45:56,2026-02-02 10:17:30
e11930c4-9616-47fd-a2be-46a9b45de322,68058798-6305-46d5-9d21-45763e9410dc,AAPL,stock,746.239379,966.185355,2026-01-05 11:45:56,2026-02-19 08:10:34
6d44be50-8319-4e69-ba84-e9dd8a46b838,15c285c4-a90e-4274-b1b6-f1b29fc200d9,XRP-USD,crypto,31.3117,3.209059,2026-01-31 16:48:40,2026-02-27 17:05:00
b498b2eb-4307-44b4-b174-8ec992f973a2,15c285c4-a90e-4274-b1b6-f1b29fc200d9,WEGE3.SA,stock,89.537198,48.32652,2026-01-15 16:48:40,2026-02-24 23:15:04
fc34921f-db05-48ec-8954-42f9aa513d7b,15c285c4-a90e-4274-b1b6-f1b29fc200d9,ETH-USD,crypto,14.556577,16214.646284,2026-02-08 16:48:40,2026-02-23 20:55:47
cd33fc0c-ce7f-46dc-b862-4a3b82847e49,15c285c4-a90e-4274-b1b6-f1b29fc200d9,MSFT,stock,695.249227,1886.229706,2026-01-24 16:48:40,2026-02-25 16:44:09
4f8e7b29-6f58-46c2-8312-4c9c7f5fac36,15c285c4-a90e-4274-b1b6-f1b29fc200d9,GOOGL,stock,295.81238,907.896646,2026-01-28 16:48:40,2026-02-28 09:27:41
084c6df5-78bd-4e83-a35c-2a2ae8c46ab3,15c285c4-a90e-4274-b1b6-f1b29fc200d9,USD-BRL,fx,41588.25112,5.809598,2026-01-25 16:48:40,2026-02-26 16:05:33
d1e41d08-c648-4bc7-b854-597250e5eaf5,13b96a79-71cd-445c-8ef8-4764837dd3d7,AVAX-USD,crypto,3.637349,447.53577,2026-02-06 16:48:40,2026-02-24 21:41:43
0993d540-af80-48cf-9093-ce2866e276ac,13b96a79-71cd-445c-8ef8-4764837dd3d7,V,stock,385.953509,1337.626153,2026-01-20 16:48:40,2026-02-27 06:56:22
9053b434-226f-4ccc-8cf1-bbc879d0c9d8,13b96a79-71cd-445c-8ef8-4764837dd3d7,AMZN,stock,800.212268,969.971924,2026-02-03 16:48:40,2026-02-27 00:31:59
4324489d-4934-435c-be26-093b2439be3d,b3109eaf-7820-4eda-9a9a-6e2c6832fcbc,ADA-USD,crypto,8.427455,2.410069,2026-01-28 16:48:40,2026-02-15 11:15:28
73f65571-8948-40bd-98d5-b066e26b3229,b3109eaf-7820-4eda-9a9a-6e2c6832fcbc,META,stock,326.745828,2201.330338,2026-01-23 16:48:40,2026-02-26 15:44:00
de33860a-c634-4d5a-b421-d18e68e086f0,b3109eaf-7820-4eda-9a9a-6e2c6832fcbc,DOGE-USD,crypto,2.230293,0.907609,2026-01-13 16:48:40,2026-02-12 05:37:30
5d6de230-0f9c-453f-93b2-de984407f4ce,b3109eaf-7820-4eda-9a9a-6e2c6832fcbc,MGLU3.SA,stock,799.791105,6.354264,2026-02-06 16:48:40,2026-02-26 12:45:27
9507a04d-fd84-489d-b21d-dc36bd208fc7,dbbd9a09-5a03-442e-8272-1d6a0f83c75e,ETH-USD,crypto,5.952854,16723.746243,2025-12-08 16:56:46,2026-02-25 15:37:43
f4d88d71-6b00-4841-b568-714df95edf25,dbbd9a09-5a03-442e-8272-1d6a0f83c75e,V,stock,289.990929,1416.228854,2025-12-12 16:56:46,2026-02-20 12:59:23
2f288d06-bc8d-4f9b-b037-74793ec68102,dbbd9a09-5a03-442e-8272-1d6a0f83c75e,DOGE-USD,crypto,8.36024,0.962014,2025-11-23 16:56:46,2026-02-27 07:22:45
9a3e9c2d-3b38-4dc5-8a74-31095a74c722,dab93658-ce02-48e9-aa9b-173ab8fb9496,AVAX-USD,crypto,6.651708,426.360584,2025-12-06 16:56:46,2026-02-27 19:43:52
dbe46808-04d8-4231-9cfb-31035e63cb1a,dab93658-ce02-48e9-aa9b-173ab8fb9496,MSFT,stock,556.935231,1781.257359,2025-12-09 16:56:46,2026-02-28 09:54:35
f5293815-85bb-4b08-9cad-a6d39029c352,dab93658-ce02-48e9-aa9b-173ab8fb9496,META,stock,506.081221,2434.106088,2025-11-13 16:56:46,2026-02-25 10:40:06
d45653fb-335a-4871-a138-1e309c3bf6ad,dab93658-ce02-48e9-aa9b-173ab8fb9496,CHF-BRL,fx,22681.593778,5.393416,2025-12-07 16:56:46,2026-02-15 05:11:37
31c86435-e529-44e5-9975-65f7e9dc203d,dab93658-ce02-48e9-aa9b-173ab8fb9496,BTC-USD,crypto,8.06041,288059.290348,2025-11-30 16:56:46,2026-02-27 18:05:49
f55d2a6f-a1b1-4fe2-9c80-c4f82bc37eac,dab93658-ce02-48e9-aa9b-173ab8fb9496,SOL-USD,crypto,2.968565,745.840168,2025-12-08 16:56:46,2026-02-20 08:37:55
caf37847-f0ec-4ebd-b0b5-71ffc76693a3,dab93658-ce02-48e9-aa9b-173ab8fb9496,XRP-USD,crypto,10.439273,3.066776,2025-11-16 16:56:46,2026-02-14 22:42:39
54a79487-5877-41dc-85d2-397b57214430,dab93658-ce02-48e9-aa9b-173ab8fb9496,ADA-USD,crypto,12.968279,2.567335,2025-11-22 16:56:46,2025-12-16 09:00:06
45bf102d-2617-41ac-af25-9fe8fcd312de,dab93658-ce02-48e9-aa9b-173ab8fb9496,RENT3.SA,stock,588.492716,52.47239,2025-11-17 16:56:46,2026-02-26 05:43:04
a7f59f91-99dd-4f46-9961-1701a5553a48,cfee10a4-4feb-444d-bad8-afd98d7a4351,VALE3.SA,stock,810.525785,61.990243,2025-12-08 16:56:46,2026-02-06 14:31:16
c18dac1e-aad0-4c47-8092-b40072dd48d2,cfee10a4-4feb-444d-bad8-afd98d7a4351,SOL-USD,crypto,14.37125,654.773885,2025-11-29 16:56:46,2026-02-07 04:06:10
4834b6b9-28ef-415d-a6ce-796dba22aaf1,cfee10a4-4feb-444d-bad8-afd98d7a4351,B3SA3.SA,stock,400.325156,12.06037,2025-11-23 16:56:46,2026-02-25 20:22:32
7598fffd-fe40-44e9-ba95-bb80213f5a06,cfee10a4-4feb-444d-bad8-afd98d7a4351,BNB-USD,crypto,12.408785,1437.844972,2025-12-12 16:56:46,2026-02-28 22:50:00
d5887c67-dd64-4ed3-9302-81235a938ff2,cfee10a4-4feb-444d-bad8-afd98d7a4351,XRP-USD,crypto,2.46079,3.326724,2025-12-02 16:56:46,2026-02-20 21:26:37
4866e096-e733-46ca-934c-264dda6b833b,cfee10a4-4feb-444d-bad8-afd98d7a4351,ABEV3.SA,stock,994.058988,13.424398,2025-11-24 16:56:46,2026-02-25 06:54:27
77d7ab87-d317-41bc-acb0-44532acb916a,cfee10a4-4feb-444d-bad8-afd98d7a4351,NVDA,stock,165.852295,4382.86301,2025-12-16 16:56:46,2026-02-23 06:51:18
63f99546-4daf-439a-9057-7303851c4711,cfee10a4-4feb-444d-bad8-afd98d7a4351,RENT3.SA,stock,813.337437,58.769327,2025-12-02 16:56:46,2026-02-24 02:46:18
4eb97fce-57ab-4f54-b513-6faae5f5124e,cfee10a4-4feb-444d-bad8-afd98d7a4351,BBDC4.SA,stock,441.601487,14.419486,2025-11-30 16:56:46,2026-01-25 18:14:09
e695931a-3ebe-45ac-ba4d-3e8a9896028f,cfee10a4-4feb-444d-bad8-afd98d7a4351,AMZN,stock,644.246707,1057.826087,2025-12-14 16:56:46,2026-02-18 23:15:25
